#rettsyndrome,@girlpower2cure,500,@curerett,158,@irsf,153,@sparkleathletic,84,@gp2c,74,@cammy_can,74,@ontariorettsa,70,@primary_immune,70,@alivincent,62,@umassmednow,42,@umassmedical,42
#influenza,@cdcflu,2225,@cdcgov,1676,@flutrackers,1140,@who,1122,@makoto_au_japon,944,@microbesinfect,550,@picardonhealth,544,@ironorehopper,445,@flu_virus,332,@jvalaball,287,@ecdc_flu,286
#caudaequina,@cesukcharity,21,@laurencevick,4,@michelmoresmneg,4,@nigelpooleqc,3,@norriskeplinger,2,@derekchristoff,2,@tal7291,2,@kings_chambers,2,@oliver_thorne1,2,@barcanwoodward,2,@thunderclapit,1
#schizofrenie,@zielenknijper,3,@blogshoutout,2,@endthestigma,2,@schizofrenie,1,@marinkestassen,1,@accountant_nl,1,@biancavdwerf,1,@wiepkecahn,1,@thelancet,1,@billgeorge17,1,@wijzijnggnet,1
#bedwetting,@c4supdates,36,@ebay,35,@2pee4you,31,@lenoirgold,26,@ebay_uk,25,@kidshealth,22,@mistymorgannet,13,@seditionaryi,11,@goodnites,8,@mychummie,7,@aboutsleepdoc,6
#epilepsy,@epilepsyaction,2337,@elhf_info,995,@epilepsyhackney,787,@epilepsyfdn,782,@themmexchange,709,@medcanpoet,573,@epilepsysociety,566,@purpleday,440,@bolshiebear,419,@seancoonce,313,@etsy,283
#dysautonomia,@withasideofsalt,950,@rustyhoe,192,@chronicpaindad,107,@smnta02,99,@syndromepots,94,@spoonie_heart,84,@dr_mz13,84,@dysautonomia,81,@girlsgotguts,77,@potsproblems,74,@prettyill,70
#ppd,@postpartumprog,961,@ppdchiefsanchez,513,@greatparent,361,@addyeb,153,@momsrising,135,@unxpctdblessing,133,@ppstresscenter,125,@walkerkarraa,104,@drchibbert,102,@thepumpingmama,82,@selenidotorg,82
#eds,@ehlersdanlosuk,567,@racerkids_bjm,352,@racerkids_bjb,352,@h2ohtwist,338,@hmsacharity,335,@oredsorg,290,@luvblackroses,246,@lilaczebra,166,@eds_today,164,@biffmeeckie_2,161,@chronicpaindad,154
#sarcoidosis,@sarcoid_network,616,@basilrene,222,@mdlinx,106,@ostendorff,78,@fdnsarcresearch,73,@teaminspire,69,@asongforsarcoid,66,@pauljohnson1861,58,@sarcoidosisli,58,@capecodgiftshop,58,@deadhdpursell,56
#trichotillomania,@trichsterfilm,220,@beckie0,193,@seedandspark,118,@tlcbfrb,104,@canadianbfrb,99,@happy_hairs,84,@sandybeach28,76,@itvthismorning,48,@letsbeattrich,46,@fixersuk,43,@helpme2stop,37
#afib,@heartdiseases,323,@drjohnm,230,@stopafib,210,@escardio,180,@nmarrouche,176,@prashsanders,171,@boehringer,149,@signagnststroke,126,@everydayhealth,113,@jama_current,97,@clevelandclinic,79
#gallbladder,@mayoclinic,42,@medschoolife,15,@medstudentprobl,15,@medschoolhumor,15,@pam_cayanan,12,@medicalreel,10,@nottmhospitals,5,@amydmarcus,4,@avicii,4,@gallbladdercan,4,@patientopinion,4
#testicularcancer,@checkemlads,495,@mayoclinic,234,@tcafinfo,197,@ianbroughall,182,@tcsociety,84,@cahonasscotland,70,@sabinejofficial,56,@nickohs,52,@ballstocancer,48,@sonya_leanonus,46,@americancancer,46
#hernia,@herniasurgeons,25,@caremedstore,24,@novasplhospital,19,@brittanibartok,15,@hhc_pune,13,@herniadoc,12,@medicalreel,10,@hernia2014,8,@vanillaweb,8,@julesserkin,7,@thejosiemaguire,7
#incontinence,@ebay,1286,@ebay_uk,386,@caregivertweets,211,@fannypantswear,79,@mayoclinic,78,@alexmarmobility,75,@auscontinence,40,@ukcochranecentr,32,@alexmargift,31,@siriusxm,30,@daviesbj,30
#bcans,@pinkcartoons,91,@a4breastcancer,56,@debbiewwgn,16,@adamslisa,14,@sharsheret,14,@decodingannie,13,@cashcloset,12,@chiccompression,9,@nytimes,8,@ryongraf,8,@angelsofcancer,8
#cleftlip,@operationsmile,23,@thegospelherald,15,@missyduck,14,@shahsocialmedia,13,@smiletrain,12,@mayoclinic,12,@globalsmile,10,@icahnmountsinai,10,@kidshealth,10,@nchpedsurg,8,@drcapone,8
#mnd,@mndassoc,6630,@lastofadying1,1779,@mndresearch,1207,@bernardusmuller,1048,@mndcampaigns,998,@liampdwyer,932,@alsmndalliance,839,@ianlpratt,828,@jaynes__world,706,@mnda_merseyside,651,@sarahezekiel,518
#als,@alsassociation,3128,@teamgleason,1911,@bernardusmuller,1706,@teamcureals,1465,@microsoft,1080,@herbzurkowsky1,958,@mdanews,876,@alsmndalliance,844,@alsassistivetec,763,@mndassoc,618,@chapin4u,606
#longqt,@jama_current,21,@rhythmichearts,12,@csheartresearch,7,@welshhearts,5,@phworg,4,@runforsarah,4,@sadsfoundation,4,@lauracarrara4,3,@911ready,3,@johnstrobelmd,3,@charlott,3
#stockportflufighting,@stockportmbc,5,@nhsstockportccg,3
#multipleendocrineneoplasia,@amendinfo,12,@usmle_ckhints,8,@rareconnect,6,@carcinoidnets,4,@healthhashtags,2
#lymphoma,@lymphoma,930,@mdandersonnews,299,@lymphomaclub,248,@francescoturtu1,242,@organiclivefood,168,@llsusa,167,@talkabouthealth,124,@leukaemiaaus,111,@lymphomahub,100,@sloan_kettering,89,@frodofromaus,88
#asthma,@aller_md,859,@epa,584,@lungassociation,515,@allergykidsdoc,380,@atscommunity,347,@kidshealth,341,@asthmauk,319,@cleanairmoms,303,@asthmasociety,256,@nih_nhlbi,214,@everydayhealth,204
#marfan,@nmf_marfan,692,@marfansyndrome1,592,@isaiahaustin,277,@nba,205,@billclinton,84,@kevinsonger,69,@webmd,59,@hopkinsmedicine,51,@picardonhealth,51,@marfmom,51,@mkstretch,33
#acne,@correctyourskin,949,@24clearit,485,@clearskinpro,234,@etsy,178,@iwhatboyswant,165,@163,149,@samasam,131,@tips2beauty,124,@youtube,114,@citrusclear,105,@ebay,99
#ocd,@amandagreenuk,925,@thecoffeeklatch,824,@alice_haystack,483,@thezoverlord,386,@healthyplace,346,@twistocd,336,@mooshocd,296,@ocdactionyouth,267,@thecultden,258,@ocdaction,227,@youtube,205
#thycsm,@cancerdotnet,25,@rapcdotnet,3,@jordanamair,1,@subatomicdoc,1
#ptsd,@va_ptsd_info,16555,@pattymurray,15929,@senscottbrown,15919,@sandrabeck,12347,@icombat_stress,6915,@catwahler,3703,@youtube,3587,@pharoahemonch,2302,@tematrust,1434,@mjgranger1,1315,@bossytxmar55,1252
#add,@adultadhdstory,3876,@caligraphy215,1246,@jeff_emmerson,902,@alldefdigital,537,@mreese06,509,@adult_adhd_blog,472,@newharbinger,462,@futureguru100,441,@pretty_patron,407,@phenomradio,368,@sammi_gemini,332
#infertility,@resolveorg,1192,@attainfertility,508,@organiclivefood,464,@eevaivf,384,@franmeadows,343,@keikozoll,299,@fertilityauthor,271,@fertilethoughts,252,@inkscrblr,247,@amateurnester,228,@hopeful_journey,209
#fragilex,@fragilexnews,244,@hollyroos,77,@ewelin34,56,@ucdmindinst,51,@fraxaresearch,43,@novartis,42,@basicallyfx,37,@alexadwilson,35,@fragilexma,33,@glimandri,30,@greggharper,26
#hearthealth,@lifeextension,3233,@american_heart,1923,@goredforwomen,1182,@thehearttruth,512,@starjonesesq,495,@heartdiseases,446,@everydayhealth,411,@hopkinsmedicine,401,@naturallysavvy,371,@aolimpact,364,@drsteinbaum,333
#dupuytrens,@drlengordon,2,@croftonsinjury,1,@mercnews,1,@dupuytrens,1,@thenorthernecho,1,@nprnews,1,@theeyeofcontrol,1,@lizardfree,1
#thyroidcancer,@thyroidcancerca,184,@davidicke,52,@hypothyroidmom,46,@thycainc,40,@bryanthorson101,32,@masseyeandear,30,@tanaamen,30,@docamen,28,@radioamy,26,@mrbobbybones,26,@judybepimpinjoy,26
#lcsm,@lungcancerfaces,10532,@jfreemandaily,3833,@jackwestmd,2779,@cancergeek,1929,@findlungcancer,1913,@lungevity,1806,@louisianagirl91,1480,@ucd_chesthealth,1244,@subatomicdoc,1040,@lungassociation,989,@end_lung_cancer,919
#foodallergy,@foodallergy,1142,@faactnews,1057,@foodallergybuzz,689,@kfatweets,658,@allergyhome_org,618,@allergykidsdoc,548,@allergicliving,520,@freedible,444,@celebrateaware,358,@allergyeducator,333,@allergicgirl,321
#inflammation,@lifeextension,945,@organiclivefood,591,@glkratom,150,@c,150,@whizkid7,98,@cinflammations,97,@marciemom,87,@krisamelong,86,@drbrenthunter,75,@juliedaniluk,70,@medical_xpress,66
#multiplesclerosis,@ltd_to_two,14950,@msuk6,1151,@hanyagordon,310,@keep__smyelin,299,@everydayhealth,259,@msassociation,248,@mymsteam,203,@suzannemrobins,177,@sleepingwithms,174,@clevelandclinic,165,@mssociety,154
#childhoodobesity,@askdrrenee,181,@robertlustigmd,150,@fedupmovie,136,@dewetwellness,131,@lorord,130,@voices4hk,129,@rwjf,128,@tedmed,122,@healthcentral,99,@phanews,97,@randirobics,76
#hemoam,@marktkenny,4,@cathiecats,1
#multscler,@msuk6,598,@suzannemrobins,210,@sleepingwithms,37,@msvillagecanada,35,@everydayhealth,27,@mssocietycanada,25,@pajamadaze,25,@ms_healthunion,23,@mstrust,21,@ms_focus,21,@mssymptomfree,21
#hiv,@cdcstd,9306,@pozmagazine,6725,@unaids,4193,@thebodydotcom,4080,@aidsmeds,3500,@aidsgov,3193,@hivsecnews,2849,@usaidgh,2693,@riseuptohiv,2672,@onetoughpirate,2672,@undp,2338
#crcsm,@asco,481,@cathyengmd,375,@yzafar,365,@mdandersonnews,327,@tgeorgemd,250,@ascopost,243,@subatomicdoc,207,@gogenesgo,204,@drwilliamharb,158,@kintalkucsf,152,@rschilsky,132
#cholera,@unicef,1161,@who,898,@un,635,@kentpage,580,@tobylanzer,474,@ijdh,440,@unicefssudan,247,@oxfam,219,@innercitypress,200,@msf_usa,198,@nytimes,164
#lymphoedema,@susanwelch1fund,186,@lymphireland,165,@abcdiagnosis,151,@chiccompression,108,@thechristie,105,@lymphoedemauni,93,@sepsisuk,55,@vida_public,54,@lymphedivas,49,@mediukltd,48,@stoswaldsuk,46
#coronaryarterydisease,@medical_xpress,5,@cdcchronic,4,@usmle_ckhints,4,@bruce_g_allen,3,@annabelle_lee22,3,@2minmed,2,@physorg_health,2,@ualbany,2,@broadinstitute,2,@icmtl,2,@medpagetoday,2
#resfriado,@youtube,2,@prestatupierna,2,@emmax_digital,2,@s_c_,2,@gabymenta,2,@nikerunning,2
#breastcancer,@abcdiagnosis,2464,@lindsaychens,1411,@susangkomen,1099,@deadline2020,884,@harveyburgess,787,@bccare,578,@letlifehappen,571,@ashp714,569,@danafarber,541,@jtdakota,507,@picardonhealth,482
#tbi,@icombat_stress,1942,@catwahler,1630,@mjgranger1,1304,@bossytxmar55,1209,@dcoepage,979,@therock,908,@docn_ptsd,810,@ptsdeducation,753,@americanlegion,691,@tbilifecoach,660,@trueblueidn,544
#livercancer,@livercancerconn,660,@cdchep,280,@hepbfoundation,157,@lifeextension,94,@mayoclinic,82,@sloan_kettering,64,@aasldnews,56,@medical_xpress,56,@keriann_x,51,@psphospholipid,48,@misskailibaby,40
#cleftpalate,@akronchildrens,50,@operationsmile,16,@plosgenetics,10,@icahnmountsinai,10,@kidshealth,10,@smiletrain,7,@transformfaces,7,@mountsinainyc,6,@clapacommunity,6,@drcapone,6,@northerncleft,5
#halitosis,@boity,21,@health_twitts,11,@the_bdj,11,@thetherapybook,6,@hyperionrecords,5,@johnbrunning,5,@houghhough,5,@syskpodcast,5,@telegraph,5,@leerice808,5,@thehanuola,4
#lynchsyndrome,@shewithlynch,1958,@kintalkucsf,642,@ambrygenetics,505,@gogenesgo,493,@lynchcancers,427,@myriadgenetics,408,@aliveandkickndd,318,@drwilliamharb,243,@curepanel,232,@rockville1973,226,@genesdontfit,210
#pcos,@jerzgurlie,561,@goteal4pcos,361,@pcosnutrition,306,@pcosaa,205,@fertilitychef,147,@faireyclarey,122,@nyxks,108,@whizkid7,98,@drfionand,87,@pcospearls,84,@hopeepimum,80
#tuberculosis,@stoptb,940,@pezzapezzi,697,@who,671,@tbvi_eu,605,@aerasglobaltb,533,@globalfund,468,@thelancet,349,@actbistas,302,@gregjpaton,257,@msf_access,247,@m_raviglione,235
#grippe,@chirurgeonsappr,12,@jesi7673,12,@jallatte,8,@who,7,@meaganwelling,6,@lemondefr,5,@mlipsitch,5,@yvessciama,5,@elieghosnn,4,@kippa19,4,@pointpharma,4
#esocsm,@asco,220,@yzafar,210,@tgeorgemd,198,@cathyengmd,188,@rschilsky,130,@amergastroassn,63,@astro_org,63,@socsurgonc,45,@salgifoundation,35,@djsampson,32,@subatomicdoc,31
#peyroniesdisease,@mypeyronies,2,@motherscuffer,1,@compurocare,1,@drpaulperito,1,@urologycarefdn,1,@relatnshipchgr,1
#cowdenssyndrome,@zheatherchamp,169,@pten_us,46,@shewithlynch,40,@cowdensgirl,40,@defyingmygenes,22,@tamiarnold1,20,@emmi_dack,16,@sdfatphrma,15,@debbierzep,12,@pajamadaze,12,@thycainc,12
#pcsm,@asco,705,@euplatinum,577,@prostatecancerc,424,@ascopost,182,@danafarber,175,@tambreleighn,128,@mdandersonnews,128,@dr_coops,116,@onclive,116,@subatomicdoc,88,@deciphertest,84
#renalfailure,@docmikeevans,12,@kidneycanada,10,@counselheal,10,@dixonpencils,9,@drrksingal,8,@kidneyfund,7,@nkf,6,@880thebiz,6,@sonhstrust,6,@uhealthmiami,6,@kidney_boy,6
#heatstroke,@cassandra17lina,278,@safekidsusa,274,@rayrayspledge,184,@nhtsagov,181,@kidsandcars,171,@dogrescuetweets,60,@mcfrs,58,@ggweather,55,@hospitals4kids,53,@wnwpetfirstaid,52,@aaasafety,45
#moebiussyndrome,@timbensonart,70,@moebiusuk,66,@moebiussyndrome,12,@alliemayray,8,@moebiusresearchtrust,6,@dbayntonpower,6,@itvthismorning,6,@stephentwigg,4,@moebiusrese,4,@amazonsmile,4,@lizmearns,4
#cholesteatoma,@360lean,7,@mycholesteatoma,5,@robert58585858,5,@angliaruskin,3,@cellscope,3,@mdleast,3,@drmarkporter,2,@hilaryluke,2,@nikkisalsa,2,@pig_witch,2,@youmeandb,2
#blcsm,@asco,305,@charlesryanmd,67,@erplimackmd,53,@testiscancer,52,@oncobellmunt,52,@b_c_a_n,49,@danafarber,42,@foxchasecancer,41,@fcuroonc,38,@mdandersonnews,36,@ascopost,36
#bpd,@amandagreenuk,1966,@bostonpolice,1387,@healthyplace,634,@alice_haystack,483,@bpdffs,391,@healingfrombpd,314,@bpdguy,228,@momwithbpd,217,@nonbpdspouse,170,@dbtpath,142,@officialbpdchat,106
#arachnoiditis,@kentsmalley,160,@youtube,28,@asapdawn,17,@tal7291,7,@joeygiggles,5,@aimhatchfund,4,@intractablepain,3,@norriskeplinger,2,@arachnoiditis77,2,@fdawomen,2,@brainspine,2
#huntersyndrome,@drharshvardhan,1758,@change4india,1690,@silverlightgal,386,@savingcase,268,@save_arian,210,@ibellieve,178,@srkchennaifc,144,@iamsrk,144,@hipstersrkfan,130,@maishaan,112,@khalidsrkfan,82
#sids,@lullabytrust,247,@edspire,222,@unep,137,@faosids,105,@un_climatetalks,98,@samoasids2014,86,@un,83,@unngls,71,@fatinic,63,@iisdrs,56,@nichd_nih,56
#gestationaldiabetes,@acognews,32,@smnutritionist,12,@tuftsmedicalctr,11,@contempobgyn,9,@m,9,@physorg_health,7,@medicinenet,6,@usmle_ckhints,5,@symbiusmedical,4,@annalsofim,4,@nytimeswell,4
#kidneydisease,@vigorbuddy,190,@lifeextension,78,@mayoclinic,69,@nkf,62,@nihdirector,55,@davita,40,@arthritisruk,35,@healthy_kidneys,34,@ncds_paho,34,@pahowho,30,@organiclivefood,25
#teamspondy,@walkyourasoff,11,@angelahpearson,5,@jlameire,5,@kentishbellle,5,@fredjeffreys,5,@butterflyby98,5,@lycanvalle,5,@hurtblogger,3,@heazure,1,@nassexercise,1,@shaunacaisey,1
#dengue,@breakdengue,688,@who,308,@federation,280,@mozziebites,219,@dhesibaharaja,149,@sanofipasteur,141,@oxitec,105,@pahowho,96,@alejalaiton,93,@crof,92,@microbesinfect,85
#memoryloss,@promocloudcom,67,@thereadersw,57,@wordpressdotcom,40,@harvardhealth,36,@thereaderorg,35,@harvardaskdrk,35,@rcdewinter,29,@alzheimersread,28,@mayoclinic,25,@advmedny,22,@bbcwiltshire,21
#cholesterol,@cooklime,640,@coconuthealth,489,@lifeextension,461,@clevelandclinic,209,@organiclivefood,181,@perfectgenediet,174,@american_heart,174,@mayoclinic,164,@davidperlmutter,157,@amidiabetic,154,@webmd,144
#hypothyroidism,@everydayhealth,172,@hypothyroidmom,119,@thyroidmary,116,@outsmartdisease,88,@holtorfmed,46,@hypothyroidlife,41,@sttm,34,@nancie_george,33,@hypothyroidsuxs,32,@sarahhypothyroi,25,@usmle_ckhints,24
#obesity,@toendobesity,1070,@chrissjarratt,1018,@healthhabits,937,@easoobesity,706,@obesity_bio,653,@organiclivefood,590,@obesitysoc,547,@nytimes,495,@picardonhealth,478,@who,396,@obesitysociety,377
#synesthesia,@thecoffeeklatch,124,@barbaraebrink,70,@angeeaton,43,@seanmartorana,39,@indyhall_arts,23,@devhynes,19,@bbbrybry,14,@allefarben,14,@carolinelawrenc,14,@britherenow,13,@designboom,12
#aspergers,@thecoffeeklatch,1204,@help4psychology,724,@asdnewsreview,714,@cliveeaton,597,@aspergersadie,586,@aspienaut,457,@gretchenleary,406,@disabilityscoop,310,@asdhouston,291,@help4ps,209,@jencluff,188
#tscsm,@asco,265,@tcsociety,77,@charlesryanmd,67,@testiscancer,52,@oncobellmunt,52,@danafarber,16,@eaonc,15,@tcafinfo,13,@houseofcoq,8,@pharmacistmike,7,@rctcharity,7
#gout,@arthritisfdn,389,@mayoclinic,121,@grendougherty,102,@gouteducation,60,@thegoutkiller,57,@acrheum,43,@goutandyou,33,@youtube,33,@emmittsmith22,32,@healthtalktweet,31,@acrsimpletasks,29
#uti,@sufcofficial,8606,@winnall19,694,@paddymadden,439,@glynsparks,370,@hayesy9,352,@lincolncity_fc,332,@slocomotion13,322,@scuntelegraph,310,@seanymac22,276,@stevieh1972,249,@carlgac,242
#trigeminalneuralgia,@tnnme,292,@lorraineburge11,219,@aliyas_prco,204,@facialpainassoc,137,@who,126,@tnchampion,118,@facepainresrchf,80,@marinawhite2013,71,@tnafighter,52,@sarahheavey,44,@bensfriends,40
#hearingloss,@cochlearus,684,@hearinglink,611,@whatdidyousay88,534,@actiononhearing,389,@starkeyhearing,290,@hopkinsmedicine,243,@academyofaud,206,@nychealthy,190,@dc2forlife,175,@better_hearing,156,@themusicalbrain,144
#hepatitis,@cdchep,3617,@hepatitismag,2039,@who,1927,@hep_alliance,1598,@hepbfoundation,1406,@cdcstd,864,@lucindaporterrn,668,@everydayhealth,568,@livercancerconn,535,@cdcgov,533,@aidsgov,385
#ibd,@journalingibd,1661,@fellowibders,1635,@crohnscolitisuk,1595,@crohnseffect,1041,@colitisandme,936,@ccfa,936,@sahara88uk,910,@colitisninja,877,@sara_ringer,814,@uclaibd,704,@journeyoij,687
#heartburn,@vigorbuddy,209,@refluxmd,127,@lifeextension,81,@salgifoundation,53,@clevelandclinic,51,@suits_usa,50,@goodhealth,36,@tumstweets,36,@gabrielmacht,36,@rickhoffman_,32,@reliefotc,31
#ulcers,@cannabis_times,32,@leprosymission,19,@csm0611,14,@jimpolandcom,13,@israel21c,12,@va_shiva,12,@israel,11,@upatientsgroup,7,@simi131,7,@mylegmychoice,7,@kittyantonik,7
#menieres,@menieressociety,22,@luis16suarez,11,@paulkilbride999,9,@helipitt,7,@myspinninghead,7,@rosefox,7,@beckyhalloran,7,@menieresaust,6,@ecehh,6,@sharethis,6,@menieresteam,6
#peanutallergy,@pnutfreebasebal,79,@americanidol,59,@foodallergy,32,@allergicliving,29,@faactnews,27,@foodallergybuzz,26,@peanutallergy1,24,@calebpjohnson,24,@embodymorelight,22,@chicago_wolves,22,@nutfreemomma,20
#ataxia,@alanroygbiv,1383,@jccolyer,1231,@hdawareness,814,@bensfriends,487,@cnn,466,@tumblr,288,@youtube,244,@ataxiauk,221,@naf_ataxia,142,@em_l_hughes,131,@findacure_fdn,130
#schizophrenia,@healthyplace,443,@nurse_w_glasses,372,@jwharnisch,308,@trizzydotx,291,@electroboyusa,286,@charitysane,224,@dreezydreezy,215,@lightwounds,191,@whoishidef,181,@medical_xpress,176,@andersoncooper,170
#celiaquia,@linternista,2,@drazaretcnn,2,@drtonyconti,2,@clinicaojeda,2,@drstern50,2,@soysaludable,2,@cirujano,2,@tu_endocrino,2,@doctorantivejez,2,@celiacscat,1,@iclinicomadrid,1
#angioedema,@skintolivein,10,@lifewithouta4k,9,@novartis,6,@hbodocs,5,@aller_md,4,@mailonline,3,@simplysuzy33,3,@theatlantic,2,@uclanewsroom,2,@advocatehealth,2,@healthactionus,2
#thmcsm,@mdandersonnews,3,@annastweets,1
#colonirritable,@judylulr,3,@lrworld,3,@sanumes,2,@oportunidadlr,2
#eatingdisorder,@ed_sanctuary,1872,@aedweb,773,@proed_support,301,@remudaranch,288,@nedastaff,227,@proanam,218,@healthyplace,201,@bfoundation,193,@ed_challenges_,187,@jugglingjenn,176,@totheanagirls,161
#aids,@pozmagazine,5572,@unaids,3773,@aidsmeds,2951,@thebodydotcom,2795,@onetoughpirate,2591,@pepfar,1797,@riseuptohiv,1465,@usaidgh,1454,@unaids_ap,1437,@amfar,1435,@healingwhope,1435
#rheumatoidarthritis,@creakyjoints,491,@mayoclinic,194,@arthritisruk,56,@autoimmunemama1,38,@mctd_support,36,@everydayhealth,35,@myriadgenetics,32,@crescendobio,28,@nih,26,@medical_xpress,26,@stoptheclot,24
#skincancer,@skincancerorg,2881,@curemelanoma,976,@mayoclinic,833,@cdc_cancer,566,@aadskin,564,@helpsavedarcy,430,@livestrong_com,360,@lisajey,359,@dermdoc,359,@goodhealth,264,@dermtimesnow,251
#bcsm,@jodyms,6662,@drattai,6320,@stales,5794,@drbeckerschutte,1707,@mikecowher,1596,@itsthebunk,1279,@chemobrainfog,1223,@asco,1172,@abhuret,1106,@drdonsdizon,1036,@deadline2020,1030
#baldness,@dailyhealthtips,27,@112harlow,24,@rhtat,24,@fm,22,@naomikisted,22,@foxbusiness,20,@mnt,15,@bosleymedical,11,@webmd,10,@mayoclinic,10,@mouselink,9
#lymsm,@mdandersonnews,172,@mtmdphd,102,@drmiguelperales,100,@sloan_kettering,80,@asco,69,@mayoclinic,45,@dockeith,45,@drmarkham,41,@chemoadvisor,37,@mskhemonctrials,34,@gatewaylls,34
#bdd,@everzet,136,@behatphp,79,@wakaleo,62,@gojkoadzic,62,@lunivore,52,@phpspec,52,@spaceappsrome,46,@spaceapps,46,@inviqa,43,@i_am_dianna,42,@bddfoundation,42
#malaria,@rollbackmalaria,2950,@usaidgh,2437,@malarianomore,2307,@nothingbutnets,2185,@who,2064,@globalfund,1974,@pmigov,1284,@cdcglobal,970,@undp,967,@cd2transform,922,@fightingmalaria,856
#btsm,@tumorwarrior,1236,@hyhutriangle,805,@kickbraintumors,661,@kavalonthatsme,554,@cblotner_,524,@pacificcove,497,@nbtstweets,398,@thelizarmy,352,@cangela25,276,@zheatherchamp,235,@connect4cancer,209
#brustkrebs,@brustzentrum,4,@oe1journale,2,@docboone71,2
#cerebral,@itzquauhtli,8,@neurologytoday,8,@thefitdr,7,@neurodevnet,7,@hehearsme,6,@allinclusivecic,6,@pahiirm,6,@youtube,5,@millieionsofluv,4,@7bedfordrow,4,@tripleh,4
#parkinsons,@michaeljfoxorg,3214,@ltd_to_two,896,@teamcureals,547,@parkinsonab,443,@gehealthcare,371,@parkinsonsuk,367,@pantweets,357,@pdfparkinson,322,@parkinsonspro,252,@ralphlauren,220,@defydementia,193
#mbcsm,@jodyms,115,@seporahraizer,42,@adamslisa,41,@susangkomen,37,@andiohal,32,@anna89266443,32,@regrounding,31,@metavivor,23,@kohls,23,@stales,20,@getupswinging,20
#carpaltunnelsyndrome,@lamsanjaygupta,11,@usmle_ckhints,4,@tunatraffic,3,@rodrigotorresjr,3,@heybeardsly,3,@gfnleicester,2,@saravanan_sud,2,@greatdaysa,2,@stickandmoveclothing,2,@mercury_online,2,@cochranenmd,2
#cancerfreeme,@gehealthcare,29,@cancer_connect,7,@daniiielle123,3,@kraizykath,2,@brandie185,2,@policymic,2,@a_magcon_lyfe,2,@pgottsegen,2,@reacttofilm,1
#hairloss,@cherylmackie1,266,@buynew2,261,@clairshair,201,@abcdiagnosis,123,@esteemwigs,95,@ebay,94,@lifeextension,62,@clairsh,59,@webmd,51,@naturalvault,37,@cla,37
#bipolar,@natasha_tracy,4400,@healthyplace,4070,@electroboyusa,1248,@thecoffeeklatch,762,@bzhercules,681,@ltcartoons,589,@_bipolarproject,493,@thebalancedmind,396,@mhtuz,338,@wrmarchandmd,332,@ricklondon,309
#bepndaware,@meta4rn,66,@panda_national,35,@wepublichealth,24,@abcnews,17,@marceconference,9,@carolynhastie,6,@wakeuponten,6,@abc730,5,@p,5,@seana_smith,5,@pmhpatuct,4
#cancersurvivors,@ihadcancer,160,@noirin0neill,144,@mayoclinic,62,@gaicomans,53,@abletothrive,52,@cancerassassin1,41,@asco,40,@robynlongyoga,36,@livestrongceo,36,@debbiewwgn,34,@ohiostate,34
#h7n9,@who,4085,@flutrackers,1556,@h7n9influenza,851,@mackayim,650,@laurie_garrett,641,@makoto_au_japon,523,@ironorehopper,464,@microbesinfect,454,@hniman,378,@crof,330,@helenbranswell,322
#ppdchat,@unxpctdblessing,988,@drchibbert,176,@greatparent,159,@anarouds,152,@postpartumprog,142,@walkerkarraa,142,@addyeb,128,@learndhappiness,117,@rsmith82,104,@mama_kass,95,@story3girl,83
#bloodcancer,@fischmd,146,@leukaemiacareuk,114,@leukaemiauk,105,@llsusa,94,@leukaemiaqld,91,@allyn_lewis,86,@lymphoma,64,@deletebc,59,@novartis,50,@noirin0neill,50,@lincolnyounes1,50
#sepsis,@sepsisuk,1289,@sepsissurvivors,723,@worldsepsisday,615,@sepsisalliance,354,@aboutsepsis,353,@accpchest,173,@iwashyna,168,@chris23han,165,@sepsis_kills,165,@patientstormdoc,161,@drpaulmorgan,151
#hiv_chat,@medzineapp,4
#seizures,@stormyvnv,777,@medcanpoet,486,@themmexchange,394,@epilepsyfdn,153,@anne_r_u_ok,149,@epilepsyaction,139,@epilepsy_assn,119,@elhf_info,109,@fcn2go,97,@epilepsyhackney,83,@youtube,65
#candidiasis,@organiclivefood,40,@uptodate,7,@tliqumaqe,6,@ernestoqa,5,@ahsheadache,3,@ekuagbengbentus,3,@drmosarafali,3,@thewrightdoctor,3,@healthranger,2,@yeastgoaway,2,@call_me_jewelz,2
#arthritis,@everydayhealth,806,@scarletmonahan,786,@creakyjoints,781,@drmccombs,631,@arthritisfdn,580,@c,479,@wautoimmunead,464,@soliddogleads,405,@organiclivefood,383,@etsy,363,@thelittlebod,325
#celiacdisease,@jenniferswayje,179,@mayoclinic,159,@cureceliac,139,@kirsten__berman,121,@celiacdotorg,96,@udisglutenfree,55,@glutendude,55,@gfreeprof,54,@celiacawareness,54,@thedailyshow,43,@celiacbeast,39
#cysticfibrosis,@cf_foundation,6069,@cftrust,2372,@cfaware,2331,@cfcanada,2124,@makecfhistory,832,@peter100percent,662,@thekenchan,533,@erickbauer,467,@elzzbelzz,461,@age16,454,@farwell_wr,399
#bulimia,@ed_sanctuary,1578,@healthyplace,645,@aedweb,459,@prettyinthin,409,@remudaranch,336,@theprojectheal,96,@jugglingjenn,82,@patricia_l_,74,@methodisthosp,66,@nedastaff,62,@katimorton,58
#insightsbs,@insightsbs,1407,@jenbrockie,801,@sbs,125,@senthorun,84,@jonaholmesage,81,@rebekkatuqiri,81,@sbsnews,75,@ndavies2010,73,@insightsbsguest,61,@allegroagenda,56,@jameshfallon,54
#bloodclot,@stoptheclot,287,@fainal,42,@lafirmagroup,36,@jmellolf,34,@steven_tip,34,@bekahbrad,29,@ccandrews23,21,@djwhookid,21,@foreverdeborah,20,@brianlvickers,19,@clotrecoverynet,17
#cervicalcancer,@jotrust,1351,@mayoclinic,602,@roche,484,@nlirh,268,@webmd,245,@hhslatino,245,@drdonsdizon,213,@gehealthcare,206,@naija_medic247,205,@acognews,191,@womenshealth,177
#artritisreumatoide,@institutoroche,2
#kidneystones,@ltcartoons,82,@nkf,34,@amerurological,27,@martinjspencer,18,@mayoclinic,16,@ghchealth,14,@lamsanjaygupta,14,@acemccloud1,14,@theawkwardyeti,13,@deathunderglass,12,@uptodate,11
#alzheimer,@memorygames,1501,@alzheimer_info,688,@vinylarm,541,@cffbooks,521,@vicleetap,501,@alzheimerhead,446,@alztuz,371,@sethrogen,358,@defydementia,356,@macmaria27,342,@alzassociation,290
#mmsm,@myelomateacher,1584,@mtmdphd,1486,@vincentrk,856,@brendanweiss,495,@curepanel,460,@rfonsi1,451,@imfmyeloma,424,@patientpower,407,@phari,314,@myeloma_doc,311,@drmiguelperales,272
#diverticulitis,@igsjc,47,@scottregenbogen,35,@amaliacochranmd,33,@jama_current,30,@jamasurgery,28,@nirajgusani,13,@mayoclinic,12,@usmle_ckhints,10,@igsc,8,@surginfxsoc,8,@heatherevansmd,7
#progeria,@progeria,372,@60mins,57,@orphandruganau,52,@dmbgorgecrew,43,@primary_immune,42,@davematthewsbnd,39,@sdfatphrma,37,@teamcarlyq,31,@phrma,28,@drjudystone,25,@plosblogs,25
#hncsm,@subatomicdoc,55,@support_jill,49,@cancerdotnet,46,@ascopost,40,@asco,28,@sciencedaily,26,@eaonc,20,@karmanoscancer,18,@rad_nation,18,@cdc_cancer,16,@mtmdphd,14
#cardiomyopathy,@sarahhancoxuk,443,@emmaswindell1,78,@share_registry,51,@usmle_ckhints,48,@escardio,38,@st_udz,19,@pillowmate,18,@juliehes,18,@cardiomyopathy,16,@stjude,14,@emmabunton,13
#rarediseaseday,@rarediseaseday,532,@seqcomplete,331,@cmutena,316,@globalgenes,300,@rarediseases,255,@rarediseaseuk,208,@sdfatphrma,185,@curerett,166,@raredayus,158,@novartis,153,@alanroygbiv,135
#cirrhosis,@hepatitisihelpc,99,@mayoclinic,71,@aasldnews,46,@liverusa,45,@livercancerconn,44,@dailystarnews,35,@jhepatology,27,@easlnews,23,@healthsite4u,21,@authintmail,16,@liversupport,16
#thyroidawareness,@theaace,57,@kateesackhoff,54,@thyroidsexy,31,@webmd,30,@hypothyroidmom,26,@thyroidmary,17,@genaleenolin,17,@ac,13,@thyroidnation,13,@thyroidinwomen,12,@mummyjubbly,11
#preeclampsia,@preeclampsia,551,@greatnorthmum,242,@acognews,203,@promisewalk_phl,142,@sensorproject,134,@naija_medic247,130,@momsrising,114,@pvondadelszen,113,@ubcpreempt,109,@finnegan_hughes,99,@cmqcc,94
#braincancer,@pacificcove,728,@mayoclinic,432,@jessicagauntley,211,@ccbraincancer,180,@tumorwarrior,174,@jeremyscrivens,146,@braincancer_au,125,@ihadcancer,106,@lifeextension,102,@smarfreedom,102,@ivyfoundation,84
#t1d,@jdrf,3286,@jdrfadvocacy,543,@diabetes_dri,459,@a_sweet_life,306,@jdrfuk,270,@jdrf_canada,266,@diabetesmine,262,@insulinnation,197,@t1dparent_study,197,@myglu,193,@connectinmotion,192
#hivbc,@johnbishopbc,13,@pinoypridevan,5,@coopradio,5
#chiari,@csfinfo,70,@chiarifighters,59,@surgeonwriter,38,@chronicpaindad,35,@thedoctors,23,@ehlersdanlosuk,23,@chiaritracy,22,@sharethis,20,@dustyssewing,17,@michael_gaber1,17,@donnascaldwell,17
#gerd,@strettatherapy,196,@refluxmd,173,@mederinews,78,@salgifoundation,72,@lifeextension,69,@drtedros,57,@mfaethiopia,49,@ethiopiaonline,43,@mayoclinic,39,@ahramonline,39,@afri_kawi,31
#diabesity,@dunkthejunkfood,137,@draseemmalhotra,62,@who,43,@actiononsugar,42,@exerciseworks,22,@markhymanmd,20,@deemccahill,19,@zoeharcombe,19,@drbriffa,18,@change4life,18,@rethinkourfood,17
#hypochondria,@mayoclinic,11,@fox25newsfeed,7,@randipennell,7,@fixershow,5,@beckinstitute,4,@theawkwardyeti,4,@888scott,4,@rebeccacfitz,4,@dxrevisionwatch,4,@charles_dietz,4,@angelahaupt,3
#emanuelsyndrome,@natricer,14,@perronservices,6,@c22c,6,@farah_way,4,@reinhartg,4,@fbrodya,2,@kathykastner,2,@xanubhax,2,@seastarbatita,2,@mikeotte,2,@idic15canada,2
#myositis,@curejm,170,@myositissupport,123,@myositisdm,60,@teamtommyfl,53,@annie_m8,48,@mctd_support,34,@jacilynmikels,26,@suzanneboyd,25,@morgan_gleason,20,@mayamatters,19,@laurieb1723,18
#diabetic,@diabetictalks,482,@amidiabetic,142,@type1girl,136,@organiclivefood,90,@diabetesuk,80,@kaizensheri,60,@diabetes121,59,@diabeticcookin,50,@diabetestuz,46,@lanianderson,43,@maggieunz,36
#leukaemia,@leukaemia_and_k,299,@noirin0neill,260,@leukaemiaaus,217,@boehringer,154,@leukaemiauk,138,@beatbloodcancer,131,@lookeastmidland,110,@amcell,90,@outlawtriathlon,78,@swab4margot,74,@deletebc,71
#pancreaticcancer,@maggiewatts,2990,@officialpca,1650,@leck_bath_kitc,1519,@peterdutton_mp,1123,@pancan,900,@vodkakelley,797,@clair_giles,709,@mummymegan,626,@beatpc,483,@cuckooqueen,459,@lfpancreaticcan,386
#sleepapnea,@thecoffeeklatch,123,@atscommunity,109,@croon1,87,@clevelandclinic,62,@soundsleepinst,60,@webmd,60,@osaxy,49,@mayoclinic,44,@philipsresp,33,@goodhealth,33,@flgovscott,32
#hccd,@geneautry__,5,@rayleshonwalker,3,@corndog__,2,@b,1,@jakehamm14,1
#anorexianervosa,@virtualclinicng,18,@aedweb,11,@bfoundation,8,@usmle_ckhints,8,@thelancet,8,@massgeneralnews,6,@crunfola,6,@feasttidbits,6,@drmuhlheim,5,@edmirrormirror,5,@reesehannah_,5
#bowelcancer,@bowelcancer,758,@jodileefdn,646,@bowel_cancer_uk,321,@bowelcanceraust,196,@timdarv,108,@markcheetham,104,@westlancsccg,96,@axappphealth,62,@bowelcancernz,60,@canceraustralia,54,@salfordccg,54
#cryoglobulinemia,@mvennitti,88,@vasculitisfound,33,@allianceforcryo,29,@mendelspod,15,@rareconnect,14,@sharethis,12,@grahamwalker,10,@medcitynews,10,@alliancforcryo,8,@jodyms,8,@paulphel,7
#congestiveheartfailure,@hopkinsmedicine,11,@talkabouthealth,10,@brookingsmed,10,@brookingsecon,8,@umnews,6,@publichistory,6,@fibroneuroworld,4,@theiom,2,@glinda_r,2,@norton_health,2,@giggythepom,2
#alergia,@josemacaraballo,6,@pascalbachalani,4,@daivysonfranck,4,@la_capi,3,@iclinicomadrid,3,@irenegilromero,3,@redfria2,3,@commonwhitegrls,3,@grupomenarini,2,@castro_tato,2,@brendaajimenez,2
#chronicpain,@ltd_to_two,2531,@chronicpaindad,2383,@battleforgrace,1991,@kentsmalley,1601,@forgrace,1104,@jeffostach,829,@apainprincess,642,@crvallotton,618,@drunkitty2000,599,@potomacfallsmom,570,@pain_dr,519
#rectalcancer,@shewithlynch,60,@psphospholipid,48,@mayoclinic,37,@americancancer,34,@do512,30,@kut,30,@goldenboy,24,@livercancerconn,18,@subatomicdoc,16,@ascopost,16,@nrgon,11
#colonchat,@pinkvalkyrie,4,@duncanstein,4,@deannolongerino,2,@drseisenberg,2,@travisrodgers,2,@slizzzii,2,@soxanpance,2
#heppartners,@who,320,@hep_alliance,121,@handebir,72,@henryechang,47,@francetim,40,@inpud,25,@ntunga,18,@kantar_health,16,@jvlazarus,14,@wha_dylan,14,@ilcpress,12
#deafness,@actiononhearing,182,@kristeninstoke,168,@sumnersdan,106,@signaturedeaf,94,@jaivirdi,86,@gchatzidamianos,78,@amltaylor66,68,@michelledalyliv,64,@klm_uk,50,@laylahaven,46,@ukdeafcouncil,42
#yellowfever,@mskristinawong,214,@who,200,@reneebshor,175,@myxtv,154,@chennaiipl,74,@wgtnphoenixfc,58,@markdoesstuff,56,@3filles1robe,36,@3girls1dress,34,@spnfreaks,34,@ratemyasian,32
#mers,@who,6014,@mackayim,3301,@helenbranswell,2970,@crof,1979,@flutrackers,1689,@cdcgov,1493,@coronamap,1309,@maiamajumder,1284,@mers_insaudi,1139,@alarabiya_eng,1074,@cidrap,945
#hippain,@peteegoscue,67,@lamsanjaygupta,9,@ffusionfitness,6,@pain_dr,6,@cihi_icis,6,@hyoungcreative,5,@doacupuncture,4,@drremido,4,@laceythies,3,@honeycolony,3,@airrosti,3
#rheum,@rawarrior,1168,@creakyjoints,865,@chronicpaindad,735,@everydayhealth,716,@hurtblogger,695,@arthritisnrf,530,@healthcentral,449,@arthritisfdn,423,@wautoimmunead,351,@osaxy,343,@rheumpf,297
#esrd,@nephronline,53,@dailyhemo,35,@robertallanbear,30,@nraa1,28,@ptengage1,19,@narvankdep,12,@nephro_doc,11,@renalandurology,10,@campbellmla,9,@kcp_tweets,9,@kidney_dude,8
#diabetics,@amidiabetic,123,@worldsshop1,83,@angelbea3,74,@webmd,55,@lunabay3,45,@google,39,@caprica3,36,@sharethis,34,@beawinns,32,@pilotbay1,30,@thenextweb,27
#mcrflusafe13,@manchesterccgs,43,@nhsflufighter,22,@kirsty36,3,@nyyankees4life,3,@danielsoranz,2,@ruthwarden1,2,@gummydaddy,2,@swasft,1,@pinterest,1,@rachelastan,1,@kpdowneynews,1
#hpbcsm,@oncolognews,31,@mdandersonnews,20,@eaonc,15,@mtmdphd,13,@yzafar,5,@fischmd,5,@rsm2800,5,@tgeorgemd,5,@rschilsky,5,@guardian,4,@medscapeonc,4
#cancerchat,@cr_uk,82,@everydayableism,82,@iunewsroom,66,@iumedschool,58,@debecca,30,@abcdiagnosis,18,@hellboy8700,14,@us_fda,12,@pfizer,12,@baotcot,12,@iupui,6
#kidneycancer,@jwfkidneycancer,232,@thejameswhale,169,@mayoclinic,116,@euplatinum,74,@drphil_urology,57,@debmaskenskcc,54,@novartis,54,@phe_uk,44,@missfitcreation,42,@fcuroonc,37,@americancancer,36
#hyperglycemia,@endocrinetoday,9,@clinthe,8,@xschelling,8,@acpinternists,8,@usmle_ckhints,7,@maureensrn,7,@medical_xpress,6,@cardiologytoday,4,@t1dproblems,3,@diabetesbros,3,@jama_current,2
#dementiachallengers,@whoseshoes,786,@bethyb1886,332,@legalaware,202,@sandraspringett,199,@dragonmisery,177,@trainingcarers,169,@kateswaffer,163,@suzysopenheart,147,@kenhowarduk,111,@mason4233,110,@piponthecommons,97
#anorexia,@ed_sanctuary,1765,@healthyplace,668,@aedweb,598,@sarah_robbo,425,@prettyinthin,382,@remudaranch,368,@rsallans,300,@jugglingjenn,230,@totheanagirls,218,@miss_anorexic,173,@lostanorexic,145
#pediatriccancer,@lcchollywood,105,@primary_immune,87,@jntboss,73,@teamsupersammy,67,@thinktenmedia,60,@yolandahfoster,48,@danielleivan8,45,@stbaldricks,44,@rickilake,42,@giannanicolehoh,35,@learnsomethlng,34
#sleepdisorder,@drsanjaygupta,36,@medireference,21,@gehealthcare,8,@kellybulkeley,7,@pwnpenpals,7,@brainsneedsleep,6,@massgov,5,@cincychildrens,4,@jasdpt15,4,@chollenback,4,@m,3
#radonc,@subatomicdoc,170,@ianjohnpereira,62,@jpil,62,@rad_nation,62,@marykge,50,@mknoll_md,49,@cancergeek,42,@astro_org,42,@asco,33,@sciencedaily,27,@gtfrcc,26
#chd,@american_heart,295,@camp_taylor,256,@bretbaier,222,@lhm_uk,179,@mlh_chd,151,@kaepernick7,134,@hsbajwa73,97,@samaritanspurse,91,@chfed,90,@thechf,87,@everydaymornin,84
#dyslexia,@thecoffeeklatch,1415,@learning_ally,667,@ldorg,663,@drselz,634,@drrobmelillo,411,@ddva13,396,@ddnc13,368,@benfoss,310,@diverselearners,302,@dyslexiaaction,286,@lodertim,284
#chf,@learntheheart,141,@capitalcityifr,99,@marketpulsecom,76,@pkhedrick,38,@nursesonthenet,38,@spaceapps,34,@spaceappsrome,34,@mmt_patsquare,30,@alaidi,30,@talkabouthealth,25,@zai_rollinup,20
#shingles,@selectyourroof,178,@atlasroofing,128,@keitholbermann,104,@fenvirantiviral,86,@owenscorning,72,@marciemom,59,@dr_mz13,58,@mayoclinic,54,@certainteed,48,@cnnhealth,45,@gafroofing,34
#osteoporosis,@osteoporosissoc,232,@mayoclinic,197,@organiclivefood,187,@iofbonehealth,130,@lifeextension,105,@osteoporosisca,93,@whizkid7,88,@healthcentral,62,@osteoporosisnof,61,@docosteoporosis,55,@nih_niams,52
#narcolepsy,@remrunner,691,@honda,217,@narcolepsyntwrk,207,@mitdoc,206,@aasmorg,95,@narcolepsytruth,73,@project_sleep,69,@maireadlawless,59,@bedraceforn,52,@melanie726,45,@_mare_b,43
#bipolardisorder,@mhrukcharity,109,@crest_bd,81,@drrobmelillo,67,@blackdoginst,63,@intlbipolar,49,@bossytxmar55,47,@electroboyusa,45,@namicommunicate,42,@medical_xpress,40,@followbdt,37,@charitysane,36
#throatcancer,@su2c,18,@gothicfae,14,@1sunnyone2,9,@the_bdj,9,@aacr,7,@uclahealth,6,@medical_xpress,5,@tanya_pereiraxo,4,@mdandersonnews,3,@sfentmedgroup,3,@doc_rob,3
#fibromyalgia,@sueinge,2274,@chronicpaindad,1504,@fibromodem,1358,@drunkitty2000,1285,@jeffostach,939,@potomacfallsmom,721,@cfsunravelled,658,@fibro_fighters,649,@theorganicview,616,@junestoyer,503,@stormyvnv,502
#glint,@joanpenfold,17,@glintshop,15,@gloriousggal,10,@glintgame,6,@megaloprint,5,@mathieumaury,4,@boyofthestars,4,@listajewels,3,@colbertreport,3,@advgoddess,3,@cbrglassworks,2
#angiosarcoma,@wcdesigns,16,@jmgardnermd,10,@socsurgonc,4,@dianeradfordmd,4,@eddfoundation,2
#mastocytosis,@ukmastocytosis,20,@rareconnect,18,@thesunnewspaper,14,@mailonline,12,@supportsamuel,12,@globalgenes,10,@cattoyoriginal,10,@dailymailuk,8,@mommybeggiato,8,@mastopedia,6,@skynews,6
#fmd,@xtra_enter,132,@xepromoservice,88,@xeagency,84,@lapublicworks,76,@fitmomdiet,65,@hayliepomroy,64,@fmdchat,62,@kimmillerstyle,60,@sensation_mode,54,@afternoonnapper,36,@fmdadvocate,32
#fibroid,@doctorbruceblee,11,@uptodate,10,@mghimaging,6,@cmichaelgibson,5,@liquidgoldmovie,5,@planbwellness,4,@cbsla,4,@acessasystem,4,@gohealio,4,@changethecycle,4,@c_sectionnews,3
#eatingdisorders,@aedweb,721,@rsallans,672,@jugglingjenn,426,@amytz,396,@healthyplace,386,@beated,377,@nimhgov,345,@sarah_robbo,295,@sterlingjoy94,291,@niedcanada,259,@nedastaff,258
#pancan,@pancan,78,@tarynjones31,31,@asco,30,@vocus,28,@masonlacrosse,26,@softballmason,26,@pancancincy,26,@ahpba,24,@vocuscareers,22,@drsabha,22,@skatewithbob,20
#brca1,@myriadgenetics,250,@queensubelfast,88,@elisejeanette,68,@nickidurlester,67,@unacrudden,64,@cancerfocusni,56,@brcaresponder,53,@penncancer,36,@sciencemagazine,34,@abcthedrum,34,@uwmedicinenews,32
#bcmets,@abcdiagnosis,147,@ihatebreastcanc,110,@mbcnbuzz,91,@illingpig,64,@iswhiz,60,@officialpca,43,@jcampisano,24,@judecallirgos,22,@shareing,22,@adamslisa,20,@susanwelch1fund,20
#brca2,@myriadgenetics,272,@nickidurlester,56,@cancerdartmouth,44,@brcaresponder,40,@matloffgenie,38,@ncimedia,38,@dwstweets,34,@uwmedicinenews,32,@naturerevgenet,32,@penncancer,32,@cr_uk,30
#meningitis,@meningitisnow,1342,@m_r_f,709,@nmatweets,468,@cdcglobal,250,@comomeningitis,196,@n_meningitidis,142,@daratorres,112,@smarfreedom,98,@schoolnurses,90,@act4meningitis,74,@usmle_ckhints,74
#copd,@ltd_to_two,13882,@copddoc,229,@atscommunity,213,@lunguk,202,@lungassociation,179,@mayoclinic,176,@eu_copd,166,@boehringer,139,@europeanlung,131,@novartis,128,@accpchest,119
#vasculitis,@vascuk,800,@vasculitisfound,328,@mvennitti,104,@mff181,83,@ukghostbusters,51,@rarediseaseuk,45,@allianceforcryo,36,@sandjmills,35,@clevelandclinic,30,@thisb_vherc,28,@scoopit,23
#alopecia,@buynew2,323,@clairshair,263,@alopecia_uk,206,@esteemwigs,161,@clairsh,90,@tracie_fuller,88,@cherylmackie1,66,@cv31,60,@hairlesswhisper,59,@aspirehair,55,@cnn,45
#lyphoma,@mrswelcher,9,@evanwelcher,6,@citzsci,6,@roscohutchins,2
#ecoli,@cnnhealth,49,@swanseauni,40,@cnntravel,40,@drsanjaygupta,31,@cdcgov,28,@swanseamedicine,27,@mrccomms,22,@lappinscott,21,@micheletjay,19,@asmicrobiology,19,@newday,18
#bursitis,@sportsinjwei,8,@clevelandclinic,7,@oawhealth,5,@aaos1,5,@orthoville,4,@wei_jeffrey,4,@catchthebaby,4,@oiltestimonials,3,@bstarthritismed,3,@famous_doc,3,@pain_dr,3
#mcam,@vinoafortunado,7,@mariacostafreda,7,@themcam,5,@mouthcancerorg,4,@lanewayfestus,2,@quimkong,2,@culturasingular,2,@johnfconway,2,@timeoutbcn,2,@lauracalcada,2,@janadelyana,2
#bladdercancer,@b_c_a_n,396,@bladdercanceruk,228,@euplatinum,200,@foxchasecancer,79,@fcuroonc,72,@amerurological,62,@bjuijournal,60,@asco,58,@uretericbud,58,@nickbrookmd,57,@medical_xpress,50
#psoriasis,@npf,1178,@correctyourskin,937,@drmccombs,526,@psoriasisifpa,234,@keenyahelle,153,@everydayhealth,112,@flakyfashnista,111,@who,98,@_connectedcare,97,@skintolivein,89,@npfalisha,87
#hepc,@cdchep,2317,@who,1011,@hivandhepatitis,951,@hcvresearchnews,875,@hepatitismag,862,@hep_alliance,421,@catieinfo,348,@everydayhealth,336,@pozmagazine,301,@thebodydotcom,243,@lucindaporterrn,236
#hepb,@cdchep,1949,@hepbunited,388,@hepbfoundation,377,@hepatitismag,346,@hivandhepatitis,179,@vaccinefinder,113,@hepbunitedphila,88,@aasldnews,69,@who,62,@birminghampride,61,@aidsgov,58
#ended,@loveourbodies,155,@dietitiananna,125,@monstermmorpg,54,@haesrd,30,@bcuban,26,@mccallumplace,24,@neda,20,@edhope,19,@greenmtnfoxrun,17,@liberonetwork,17,@marcird,17
#deepveinthrombosis,@mayoclinic,36,@stoptheclot,6,@healthyliving,6,@americanair,5,@sagecardiology,2,@vp,2,@carys_rachel,1,@ostrichuk,1,@mmaria_v,1,@everydayhealth,1,@travelwithamate,1
#fmdaware,@fmdchat,88,@afternoonnapper,35,@collabchem,22,@smart_patients,22,@globalgenes,12,@fmdgirl,8,@nih,6,@rarediseaseday,6,@jennpeters,6,@bleacherreport,6,@clevelandclinic,6
#scadheart,@scadalliance,185,@rachel_doucette,176,@katherinekleon,162,@leicesterbru,50,@drkdhoffman,47,@becksbreslin,44,@teaminspire,39,@mayoclinic,36,@nihrinvolve,28,@drmalissawood,24,@hchlitss,24
#adcsm,@erplimackmd,5,@asco,5,@abc,5
#iih,@ihaveiih,188,@iihuklady,33,@saxmanad,29,@littlemissnonam,29,@luv4scfc,28,@rascalized,28,@katherinem1971,28,@iihuk,26,@ultimateglamour,21,@ihopefoundation,13,@npalmarozza,12
#colitis,@fellowibders,1457,@crohnscolitisuk,961,@colitisandme,841,@colitisninja,708,@getgutsycanada,602,@sahara88uk,577,@gutsywalk,428,@girlsgotguts,386,@ccfa,378,@wales28,367,@lornamary_1981,357
#pneumonia,@usaidgh,827,@cdcglobal,672,@usmle_ckhints,122,@who,119,@dtm_tweets,116,@drflanders,109,@usaid,104,@cmichaelgibson,76,@xpneumo,71,@accpchest,70,@unfoundation,62
#artritis,@velascozamora,21,@dischem,3,@arthritisfdnsa,3,@die_burger,3,@nih,2,@elsabebrits,2,@amc_nl,2,@midiabetes,2,@nprnews,2,@healthhashtags,2,@amsterdambiomed,1
#rhinitis,@aller_md,34,@us_fda,32,@jama_current,30,@healioallergy,19,@alemagoo,12,@drhmgoh,12,@thefitdr,10,@masseyeandear,9,@relaxationden,6,@aesthetika,6,@simongandevia,6
#heartdisease,@ipcheartcare,872,@american_heart,797,@clevelandclinic,705,@lifeextension,646,@goredforwomen,530,@mayoclinic,419,@medlert,292,@perfectgenediet,229,@herheartcare,221,@webmd,199,@coconuthealth,176
#anxiety,@youtube,51919,@healthyplace,3133,@skypetherapist,1775,@mhf_tweets,1008,@anxietyhelp22,863,@kratomk,839,@anxietyunited,809,@amazon,778,@help4psychology,717,@mindfulnessman,684,@slim__speedy,640
#downsyndrome,@upworthy,2311,@myemily_thebook,626,@ndss,549,@dsainfo,544,@downssideup,495,@hdssg1,394,@futuresrosie,306,@reecesrainbow,260,@tweetfyd,153,@socceraid,143,@drrobmelillo,142
#facialdifference,@_facesa,90,@tmlfox,31,@practicalwisdom,17,@health20paris,17,@hcsmsa,14,@pfanderson,13,@doctors20,9,@faceequality,8,@mitch__hunter,7,@teaminspire,6,@chrisbrown,6
#tenniselbow,@epiphone,41,@jbonamassa,40,@realcbg,12,@lamsanjaygupta,11,@hopkinsmedicine,11,@hospitalsapollo,6,@australianopen,6,@robmaddenpt,5,@joakimnoah,5,@noahyannick,5,@drderekochiai,5
#eclampsia,@sumedicine,30,@preeclampsia,15,@psiimpact,12,@africaemed,11,@usmle_ckhints,10,@pop_council,9,@mhtf,4,@babycenter,4,@sensorproject,4,@pvondadelszen,3,@bjogtweets,3
#neuropathy,@neuropathyassoc,227,@drkdhoffman,147,@biffmeeckie_2,134,@kentsmalley,97,@neuropathydoc,96,@asco,57,@youtube,45,@francieml,43,@apainprincess,42,@cancerassassin1,37,@bravelets,33
#flu,@cdcflu,6842,@cdcgov,2637,@flugov,1322,@who,1193,@makoto_au_japon,943,@microbesinfect,799,@h7n9influenza,787,@usablanket,731,@helenbranswell,698,@laurie_garrett,693,@drfriedencdc,543
#scmsm,@mdandersonnews,32,@sumedicine,11,@carasorrell09,8,@talkabouthealth,2,@clttumordoc,1,@nickwebbermd,1,@mountsinai,1,@seattlecca,1,@carolinas,1,@nufeinbergmed,1,@incanmx,1
#battendisease,@beeforbattens,504,@battendiseaseuk,304,@auntydebs,131,@ajtl_lapbooks,52,@bumbleance,44,@jaynelennon,44,@aceburpeeshow,40,@patkennynt,36,@newstalkfm,36,@bdsra,36,@angecmj,36
#std,@cdcstd,9631,@thecenterlv,548,@girlshealth,340,@sonora_semarang,291,@p4prevention,288,@teenhealthgov,285,@infoasha,257,@cdcnpin,235,@utahdepofhealth,220,@womenshealth,193,@aidshealthcare,180
#celiac,@celiacbeast,1999,@vansfoods,874,@gfreeschool,823,@gfdougie,692,@glutendude,688,@celiacawareness,688,@udisglutenfree,687,@jenniferswayje,532,@glutinofoods,494,@kirsten__berman,470,@gfreeradio,439
#leprosy,@lepra_hina,696,@leprosymission,409,@ajlifelines,394,@who,204,@americanleprosy,162,@novartis,146,@ilepantileprosy,140,@leprosyprayer,130,@stephenfry,86,@leprosymissint,86,@ajenglish,70
#brca,@teri_smieja,1957,@brcaresponder,903,@lisajey,697,@facingourrisk,556,@bravebosom,552,@brcainfo,495,@lguzzardim,485,@pinkandbluedoc,483,@gaelynnwoods,430,@theriskybody,394,@decodingannie,381
#sle,@saylessent,875,@ugly_ideas,383,@kash_mill,339,@etsy,128,@salemjobroll,113,@karmaentt,102,@thekiddou,98,@natrevrheumatol,51,@bruiserct3,50,@lupusuk,46,@directorstalk,45
#ibs,@gisociety,348,@ibsnetwork,237,@thenetdietitian,106,@patientuk,95,@fodmapskcl,84,@natrevgastrohep,78,@amergastroassn,77,@madeulookbylex,75,@nhschoices,72,@jodiemarsh,71,@jstjodie,70
#crohns,@crohnscolitisuk,1829,@fellowibders,1793,@journalingibd,1121,@colitisandme,876,@ccfa,784,@colitisninja,739,@getgutsycanada,701,@sahara88uk,624,@gutsywalk,496,@uclaibd,483,@girlsgotguts,481
#peyronies,@motherscuffer,4,@vidscrip,3,@mypeyronies,2,@sexhlthmatters,2,@sexnchess,2,@clearjb,2,@darshan_p_patel,2,@menshlthnetwork,2,@issm_info,2,@grovessusie,1,@theplumlinegs,1
#lungcancer,@lungcancerfaces,12266,@lungassociation,3727,@lungevity,2780,@jfreemandaily,2329,@lungforce,2213,@lcaorg,2004,@jackwestmd,1713,@cmsgov,1115,@ucd_chesthealth,1064,@valerieharper,1040,@knowlungcancer,984
#autoimmune,@wautoimmunead,503,@drmccombs,492,@potomacfallsmom,182,@autoimmunemama1,160,@girlsgotguts,148,@gfreeschool,126,@thrive_show,123,@cmccrowe,106,@journalingibd,97,@donnajacknak,90,@thelittlebod,90
#xmrv,@biztrending,12,@indiegogo,11,@maresjohan,2,@ivanoransky,2,@ivan,2
#bronchitis,@mayoclinic,67,@jaimiealexander,52,@jama_current,42,@ladygaga,39,@cochranelibrary,30,@intermtnmedctr,28,@abc4utah,24,@briancarlsontv,24,@falcon18health,22,@tasiasword,22,@kyfurneaux,20
#mdrtb,@pih,144,@tballiance,122,@m_raviglione,48,@msf_access,46,@guardian,44,@stoptb,40,@medical_xpress,38,@unitaid,29,@ifmsa,28,@ifpma,28,@uaem,28
#atrialfibrillation,@expertscapenews,64,@heartdiseases,31,@mayoclinic,20,@everydayhealth,19,@american_heart,19,@drjohnm,18,@boehringer,18,@eplabdigest,18,@savvypharmacist,15,@usmle_ckhints,15,@intermtnmedctr,14
#braintumor,@ltd_to_two,1447,@pacificcove,593,@mayoclinic,406,@nbtstweets,142,@fightbraintumor,95,@hopkinsmedicine,89,@tumorwarrior,84,@letlifehappen,56,@roswellpark,54,@journeyjoshuas,53,@luriecancer,48
#highbloodpressure,@mayoclinic,108,@webmd,69,@american_heart,57,@nkf,42,@cdcchronic,39,@jama_current,37,@natlstrokeassoc,32,@medical_xpress,32,@lifeextension,29,@millionheartsus,28,@sexcigarsbooze,22
#ehlersdanlos,@ehlersdanlosuk,923,@mandymorbid,177,@lilaczebra,129,@rainbowbird1986,71,@edsireland,65,@rarediseaseday,47,@hideandseekid,44,@chronicteen,39,@ksedschallenge,39,@rareconnect,35,@bodenlab,32
#mpsii,@ibellieve,158,@simonibell,100,@savingcase,80,@argon18bike,52,@swish41,48,@washingtonpost,40,@jonnyjlm,40,@mediaplane,36,@checkorphan,26,@cafedomestique,24,@mimimph1,20
#stroke,@strokedan,3498,@thestrokeassoc,1141,@american_heart,880,@natlstrokeassoc,785,@american_stroke,686,@strokefdn,408,@strokeassocnw,408,@clevelandclinic,405,@jacybrean,360,@osaxy,355,@lifeextension,328
#ovca,@riceunews,286,@ascopost,149,@womenofteal,124,@asco,74,@precisioncancer,44,@drdonsdizon,42,@shannonmiller96,40,@aacr,30,@uwmedicinenews,20,@consano,20,@shewithlynch,18
#hypertension,@tweetmopol,1473,@emelikejimi,309,@jama_current,181,@organiclivefood,179,@ncds_paho,114,@pahowho,104,@whizkid7,91,@lifeextension,81,@webmd,67,@janetmbugua,60,@iam_miamie,56
#anaphylaxis,@faactnews,552,@allergyhome_org,414,@anaphylaxiscoms,263,@schoolnurses,186,@eleanorgarrow,127,@anaphylaxis101,103,@anaphylaxiscan,97,@foodallergy,90,@allergyeducator,89,@cafoodallergy,84,@kfatweets,82
#liverdisease,@mayoclinic,71,@hepatitisctrust,54,@keriann_x,51,@lifeextension,43,@ehow,40,@aasldnews,40,@battlediabetes,32,@livestrong_com,31,@post_game,27,@livertrust,26,@healthsite4u,26
#adhd,@adultadhdstory,5391,@thecoffeeklatch,2773,@autismword,2170,@additudemag,1647,@drrobmelillo,1623,@jeff_emmerson,1360,@healthyplace,1073,@everydayhealth,839,@scarletmonahan,748,@help4psychology,722,@cliveeaton,597
#mrsa,@mrsaaid,735,@us_fda,342,@mrsawatch,182,@naturalcurez,165,@mrsainfection,160,@savarapharma,156,@ondinebio,134,@merandacf,119,@cnnhealth,98,@niosh,94,@saveantibiotics,76
#prostatecancer,@prostateuk,3441,@englandsong2014,1927,@prostatecancerc,1581,@euplatinum,1038,@lifeextension,602,@loebstacy,494,@officialchubby,482,@urologytimes,457,@sapphirecharity,409,@whitehouse,342,@mayoclinic,308
#dementia,@dementiatoday,4612,@tommyntour,2613,@dragonmisery,2263,@alzheimerssoc,1972,@fishercenter,1875,@trainingcarers,1674,@alzheimersread,1479,@memorygames,1391,@defydementia,1162,@whoseshoes,1107,@legalaware,968
#fibroids,@fibroidsproject,122,@doctorbruceblee,120,@tanya_thompson,92,@essencemag,52,@goodhealth,48,@godssoldier23,46,@gessietug,33,@jama_current,32,@mountsinainyc,22,@liquidgoldmovie,22,@cynthiabailey10,15
#autism,@lost_and_tired,3405,@autismspeaks,3190,@autismword,2115,@thecoffeeklatch,1712,@drrobmelillo,1495,@annakennedy1,1327,@kevin_healey,1304,@asdnewsreview,760,@we4autism,754,@help4psychology,726,@theautismnews,719
#myeloma,@themmrf,2990,@myelomateacher,2609,@myeloma_doc,2071,@imfmyeloma,1890,@mtmdphd,1550,@vincentrk,1408,@myelomabeacon,906,@curepanel,903,@ltd_to_two,828,@mpatientmyeloma,685,@shellsporter,621
#pulmonaryfibrosis,@pfforg,820,@reich_diane,559,@breathingmatter,263,@boehringer,244,@davidlederer,196,@pulmonaryrehab,99,@robinroberts,85,@atscommunity,70,@jennymccarthy,64,@boehringerus,58,@actionpfcharity,56
#melanoma,@curemelanoma,4001,@melanomarealli,1823,@skincancerorg,1483,@melanomauk,981,@mayoclinic,855,@checkemlads,647,@helpsavedarcy,583,@900kmforacure,545,@melanomaaus,462,@mdandersonnews,456,@melanomaiowa,393
#crohnsdisease,@wales28,154,@crohns_quine,116,@terrierbram,112,@crohnscolitisuk,95,@everydaycrohns,68,@ccfa,58,@girlsgotguts,56,@mayoclinic,56,@crohnsnomore,55,@healiogastro,54,@samanthafaiers,53
#dialysis,@bevboxie,130,@nkf,94,@davita,82,@nephronline,64,@dailyhemo,59,@broanonymous,51,@nraa1,48,@cmusician,42,@nwkidney,38,@docmikeevans,37,@hpthealthcare,36
#migraine,@trobert,767,@scarletmonahan,747,@healthcentral,724,@eschnak,590,@kratomk,564,@ahsheadache,537,@end_migraine,443,@drromila,400,@audiorelax,381,@soliddogleads,378,@migrainetrust,273
#allergies,@organiclivefood,220,@goodhealth,167,@lifeextension,132,@webmd,130,@cnnhealth,116,@lizallanallergy,104,@kidshealth,99,@everydayhealth,96,@drsanjaygupta,85,@aafanational,82,@anaphylaxiscoms,81
#braininjury,@childrens_trust,1604,@braininjuryhub,1076,@headwayuk,938,@tbilifecoach,562,@concussedprobs,369,@healthdotmil,368,@brainworksrehab,322,@ptsdeducation,319,@braininjuryto,226,@richardhammond,224,@neuroskills,216
#gripe,@bossgripe,50,@telemundo39,24,@who,19,@munirmassuh,16,@lizemiliano,14,@chirurgeonsappr,12,@haertlg,10,@gabrielcoronel,10,@cdcflu,10,@wordpressdotcom,8,@elpelutkb,6
#hpv,@cdcstd,6425,@drbloem,1228,@cdc_cancer,662,@cdcgov,525,@healthgovau,483,@gavialliance,401,@prescancerpanel,374,@sindivanzyl,370,@roche,242,@acognews,241,@massdph,229
#alzheimers,@cffbooks,2829,@fishercenter,1960,@sethrogen,1716,@alzheimersread,1419,@dementiatoday,890,@ltd_to_two,864,@alzassociation,779,@wordpressdotcom,747,@kathrynmurphyck,671,@alzheimerssoc,640,@defydementia,572
#triglycerides,@goldsilverpawn,25,@webmd,19,@dietheartnews,18,@srlcare,9,@dreddyclinic,8,@arecipeforlife,8,@cmichaelgibson,7,@kpdowneynews,7,@nytimes,5,@inside_tracker,5,@livinlowcarbman,4
#varicose,@usaveinclinics,8,@vein,6,@khnenterprises,6,@lewisesellersmd,6,@washingtonpost,4,@etsy,4,@khaled_aljubair,4,@hscic,4,@cyprusperfumery,3,@healthranger,3,@qctimes,3
#depression,@youtube,46466,@healthyplace,4334,@natasha_tracy,2064,@amandagreenuk,1977,@charitysane,1586,@skypetherapist,1260,@conquerworry,1086,@daniel_l_baker,992,@followbdt,885,@kratomk,839,@everydayhealth,796
#retinoblastoma,@chectuk,54,@rbaz_,29,@cbsdfw,22,@primary_immune,16,@kendyl23taylor,13,@kylejnorton,13,@run2fight,12,@wills_eye,10,@jagmarketingltd,8,@stjude,8,@daisyfund,8
#mesothelioma,@linda_adao,2211,@ibasecretariat,1232,@grandmamavis,611,@iatp_asbestos,513,@officialnihr,438,@cnmtraining_uk,402,@curemeso,368,@lindalliance,345,@mesouk,312,@banasbestos,294,@meso_help,278
#sciatica,@jeanettejenkins,42,@bestsciaticatx,39,@backpaintruths,27,@drbloem,25,@_keralaayurveda,22,@thebacc,18,@sallyparkesyoga,17,@spinehealth,16,@drdozellodc,16,@dus45tu5,14,@sirpauk,13
#psoriaticarthritis,@arthritisfdn,376,@npf,258,@redpatchorg,34,@everydayhealth,29,@creakyjoints,22,@arthritisintro,16,@uptodate,15,@justagoodlife,13,@hcplive,11,@spondylitis,9,@arthritisbc,9
#childhoodcancer,@stbaldricks,7286,@the_iaf,4723,@alexslemonade,2390,@rockawaykids,1577,@bepositivefdn,499,@childhoodcancer,402,@watchaslfall,388,@udance,308,@myemily_thebook,308,@plazadistrict,276,@velvet_m_salon,276
#backpain,@backactiveab,918,@backpain_md,784,@lululemon,665,@clevelandclinic,499,@goodhealth,309,@thebacc,303,@stretchfityoga,156,@thebackpainshow,148,@hopkinsmedicine,130,@bowen4all,127,@mec,126
#bleedingdisorders,@nhf_hemophilia,626,@hemophiliafed,534,@pjlynch,95,@haemosocuk,50,@webleedonline,48,@compbleed,45,@marktkenny,44,@menshealthmag,33,@cohemo,33,@vripley,33,@hemofoundation,30
#stcsm,@tgeorgemd,196,@yzafar,188,@cathyengmd,188,@asco,186,@rschilsky,110,@amergastroassn,51,@astro_org,51,@socsurgonc,45,@mdandersonnews,24,@the_bmc,20,@mtmdphd,14
#oralcancer,@the_bdj,49,@oralcancerfnd,44,@conqueroralcanc,42,@ericsocsurvivor,31,@aaoms,31,@mouthwatchpro,29,@anastasiardh,26,@lovealldashians,21,@leddental,18,@support_jill,17,@sinkinfeeling,16
#diabetesempowered,@teamnovonordisk,427,@sebinspires,82,@canadaruns,59,@morganpbrown,51,@philsoutherland,39,@rundiabetes,27,@mesmaekerke,26,@bruss92,25,@novonordiskca,23,@amdiabetesassn,20,@phillycycling,19
#painsomnia,@shameeleon,42,@chroniccurve,39,@hurtblogger,37,@drunkitty2000,32,@dawnmgibson,30,@osaxy,24,@arthritisintro,20,@chronicpaindad,18,@weep4humanity,15,@upasbook,14,@assocptexp,13
#ovariancancer,@unacrudden,2475,@ovariancanceruk,1308,@ocna,1034,@fabulousnailx,968,@valisialekae,676,@nail_porn,602,@nocc_national,341,@ovariancancerdy,324,@danafarber,303,@riceunews,290,@webmd,286
#hofh,@hatsoff4hospice,12,@orphandruganau,11,@stoneylarue,8,@scripdonnadc,7,@mmmnews,6,@examinercom,3,@johnboehner,2,@biostocks,2,@flintco,2,@chasingthealpha,2,@reploiscapps,2
#pancsm,@yzafar,285,@asco,263,@tgeorgemd,194,@cathyengmd,188,@rschilsky,153,@pancsmchat,129,@nirajgusani,127,@pancan,114,@pancdoc,76,@amergastroassn,63,@astro_org,63
#hsronc,@yzafar,16,@unc_lineberger,10,@corp_unc,10,@subato,9,@unc_corp,5,@aakonc,5,@marykge,4,@astro_org,4,@m_e_nielsen,3,@subatomicdoc,2,@urologyhsr,2
#hives,@allergyuk1,34,@homeopathytoday,28,@skintolivein,20,@dermtimesnow,16,@unmc,14,@madison_lintz,12,@aimeehaynes13,12,@cornucopia_inst,11,@boostershotcmx,11,@sonnybeez,10,@organiclivefood,9
#secondaryinfertility,@cbsla,5,@cbslocal,4,@resolveorg,3,@rmaofny,3,@alancopperman,3,@meghannkay,3,@doctorschannel,3,@emily_wierenga,3,@myfirstphoto,2,@icmomsblog,2,@themumsyblog,2
#eczema,@correctyourskin,937,@eczemacompany,540,@marciemom,471,@eczemasupport,368,@weleda,266,@westcoast_mommy,264,@childsfarm,243,@barefootsos,215,@keenyahelle,141,@adventuresof8,136,@cetaphil_ca,120
#bald,@selfiemash,68,@stbaldricks,66,@shahidkapoor,39,@genevolpe,36,@fler,32,@cameltoelovers,31,@martymeyer12,28,@aisforalex,28,@mshumlyanskaya,27,@blaqkaftan_,26,@minirajkumar,26
#overweight,@transformyou,211,@thelancet,69,@easoobesity,61,@thefitdr,58,@american_heart,51,@phe_uk,39,@who_europe,34,@who,28,@lorord,27,@guardian,24,@cwpkp,24
#leukemia,@myemily_thebook,453,@organiclivefood,303,@llsusa,227,@smarfreedom,224,@mdandersonnews,146,@aadp,126,@iegaiization,115,@alexslemonade,105,@llsinri,100,@llsntx,88,@bethematch,82
#andropause,@naturalvault,37,@revrichardcoles,12,@natprodinsider,7,@insidebalance,6,@villagelivinmag,5,@arpharmacy,5,@chanhealing,4,@livingbetter50,4,@leslie610,3,@sottopelle,3,@supplyside,2
#diabetesla,@dulcesitosmios,14,@educadies,14,@dulce_guerrero,10,@diabetesevryday,9,@susangweiner,9,@nutritionjill,7,@lorenadrago,7,@midiabetes,7,@mdtlatam,5,@extradeazucar,5,@diabetessocmed,5
#osteoarthritis,@creakyjoints,205,@apostherapy,132,@profdavidhunter,104,@wholesomeone,88,@mayoclinic,87,@organiclivefood,59,@oarsinews,57,@arthritisruk,54,@arthritis_care,51,@nccam,46,@acrheum,46
#ancsm,@crazyasscancer,327,@abumrap,224,@subatomicdoc,105,@cathyengmd,75,@hpvanalcancer,39,@asco,37,@chris4cure,28,@mtmdphd,26,@nytimes,21,@practicalwisdom,21,@drwilliamharb,21
#urticaria,@novartis,84,@skintolivein,51,@uptodate,24,@homeopathytoday,24,@dermtimesnow,18,@healioderm,14,@unmc,13,@pcdsuk,8,@allergyuk1,7,@myhealthshare,6,@usmle_ckhints,6
#dystonia,@dmrf,202,@dystoniasociety,189,@dystoniamuse,162,@bachmannstrauss,142,@americands,125,@cherylbenson,87,@stephenfry,63,@ahntoday,58,@furyanrogue,39,@neuronula,37,@andrearobinsonm,32
#polio,@who,4055,@unicef,2000,@rotary,1481,@etribune,1010,@aseefabz,898,@gatesfoundation,551,@endpolionow,503,@unicefmena,490,@unicefindia,464,@laurie_garrett,437,@johnhewko,433
#highcholesterol,@kurt13warner,18,@mayoclinic,16,@menshealthblog2,11,@letlifehappen,9,@mnoxi_la,8,@alx_b,8,@acognews,8,@theendosociety,7,@nichd_nih,7,@mcdonalds,7,@mstompout_la,6
#diabetes,@alldiabetesnews,5999,@amdiabetesassn,3803,@jdrf,2841,@diabetesuk,1375,@battlediabetes,1147,@diabetesassoc,1118,@amidiabetic,1064,@diabetesmine,993,@joslindiabetes,868,@wdd,819,@everydayhealth,797
#lupus,@hibbslupustrust,2226,@lupusorg,1443,@runningforlupus,1377,@osaxy,1373,@alliance4lupus,1065,@chronicpaindad,904,@lalupuslady,683,@etsy,579,@lupusuk,493,@ltd_to_two,431,@walkingforlupus,405
#renal,@pooleylorri186,47,@dailyhemo,31,@nhsorgandonor,28,@bayer,25,@bindingsitehaem,23,@nephondemand,22,@transplantsport,20,@kidney_research,17,@uptonmandy123,13,@docmikeevans,12,@dixonpencils,12
#hemophilia,@hemophiliafed,1557,@nhf_hemophilia,897,@vripley,564,@menshealthmag,508,@pjlynch,232,@thecli3nt,178,@cdcgov,124,@marktkenny,123,@bleedingfree,116,@wfhemophilia,108,@biogenidec,96
#gyncsm,@btrfly12,1444,@womenofteal,1202,@gyncsm,1048,@drdonsdizon,850,@drmarkham,507,@journeycancer,499,@mdandersonnews,355,@giasison,305,@riceunews,286,@asco,284,@brcainfo,282
#cushings,@novartis,275,@cushingsconnect,106,@jemmafarrell,65,@pituitary_org,63,@cushings,48,@colebear06,25,@doglostu,21,@beanothedog,21,@daisytiva,21,@paulpottsmusic,15,@sdurham1979,12
#facialdisfigurement,@health20paris,4,@faceequality,2,@slideshare,2,@chrisbrown,2,@laylahaven,2,@hcsmsa,2,@tedtalk,2,@peege,2,@saving_faces,2,@hfkglobalinc,1,@aardvarkface,1
#thrombosis,@1000livesplus,58,@charityoars,51,@isth,39,@thunderclapit,23,@fishisthedish,22,@thrombosisday,21,@_lifeblood,21,@lenstarnes,19,@stoptheclot,16,@clotconnect,13,@angiologist,13
#coloncancer,@ccalliance,1548,@americancancer,1290,@fightcrc,1083,@denise39deer,906,@cdc_cancer,564,@clevelandclinic,534,@mayoclinic,494,@shewithlynch,485,@gyrig,340,@amergastroassn,316,@myriadgenetics,288
#raredisease,@alanroygbiv,3581,@primary_immune,3073,@rarediseases,2808,@rarediseaseday,2791,@orphandruganau,2188,@globalgenes,1772,@findacure_fdn,1426,@eurordis,1417,@bensfriends,1130,@sdfatphrma,1121,@pharmaphorum,1085
#notjustonedisease,@boehringer,189,@pharmaphorum,32,@asco,11,@lungcancer_can,6,@foxnews,1,@thesearemyscars,1
#nocturia,@nocturia,14,@ferringnews,4,@bladderhealth,4,@hoorayjane,2,@vispringtips,2,@amerurological,2,@stulees4,1,@europeanurology,1,@kayhensss,1,@frutaromhealth,1,@worldsleepday,1
#spondylitis,@nassexercise,477,@nasschiefexec,386,@nassdirector,255,@tvi675,219,@spondylitis,200,@_connectedcare,146,@endlesstrax,122,@janelark,103,@gillianeames,95,@hurtblogger,84,@walkyourasoff,77
#chemo,@etsy,1065,@battling_joshua,591,@bham_childrens,467,@abcdiagnosis,275,@cancer_buzz,230,@organiclivefood,205,@katiekountry,170,@izzyilluminates,168,@hopeforella,128,@healthnet,102,@smarfreedom,99
#dvt,@stoptheclot,531,@titan_22,262,@busdriverr,167,@hellfyreclub,160,@unschld,108,@mike_eagle,107,@boehringer,104,@clotconnect,97,@mcnocando,91,@pjs08,91,@yomilo,75
#amyloidosis,@brendanweiss,217,@myeloma_doc,190,@amyloid_planet,136,@amyloidosisfdn,127,@mtmdphd,125,@myelomateacher,75,@penncancer,63,@medschooladvice,62,@pennmedicine,56,@danaholmes911,54,@amyloidosissupp,53
#leusm,@mdandersonnews,147,@drmiguelperales,143,@sloan_kettering,69,@fischmd,45,@dockeith,44,@empirestatebldg,39,@getswabbed,39,@jangeissler,34,@mayoclinic,33,@doctorpemm,32,@gatewaylls,32
#endometriosis,@_endohappy,1295,@endometriosisuk,791,@drdrew,614,@theendonetwork,372,@ctrforendocare,371,@endendoforever,366,@endometriosis,366,@my_endo_diary,333,@endorescenter,243,@chronicpaindad,243,@mwmfendo,227
#ncds,@ncdalliance,2455,@who,1932,@ncdfree,1245,@ncdchild,857,@sandrodemaio,851,@c3health,831,@un,510,@exerciseworks,475,@dunkthejunkfood,381,@fcafortc,368,@ilonakickbusch,362
