hashtag,2-gram,count
rettsyndrome,awareness for,250
influenza,out stories,990
caudaequina,please watch,7
schizofrenie,succes 80%,3
bedwetting,your child,59
epilepsy,check out,878
dysautonomia,for sharing,843
ppd,postpartum depression,508
eds,ehlers-danlos syndrome,562
sarcoidosis,news daily,334
trichotillomania,check out,106
afib,atrial fibrillation,931
gallbladder,can cause,274
testicularcancer,to check,225
hernia,detailed general,30
incontinence,pack of,593
bcans,breast cancer,73
cleftlip,children with,26
mnd,motor neurone,2666
als,living with,1987
longqt,matters of,22
stockportflufighting,know the,9
multipleendocrineneoplasia,patients with,12
lymphoma,= *,462
asthma,you know,770
marfan,marfan syndrome,4982
acne,skin care,1490
ocd,in my,1232
thycsm,of imaging,181
ptsd,on military,12371
add,adult adhd,6360
infertility,to help,406
fragilex,fragile x,111
hearthealth,heart disease,3484
dupuytrens,before and,3
thyroidcancer,thyroid cancer,230
lcsm,lung cancer,10250
foodallergy,food allergy,1199
inflammation,uses for,936
multiplesclerosis,the world,1919
childhoodobesity,we are,420
hemoam,awareness month,6
multscler,shared by,86
hiv,(ap) ‚Äî,20769
crcsm,colon cancer,525
cholera,outbreak in,987
lymphoedema,for research,177
coronaryarterydisease,classic trial,18
resfriado,mal mal,8
breastcancer,breast cancer,19069
tbi,brain injury,8912
livercancer,cause of,386
cleftpalate,dr murthy,29
halitosis,get rid,285
lynchsyndrome,the follow,1802
pcos,women with,421
tuberculosis,world day,487
grippe,warm/kalt //,14
esocsm,follow for,188
peyroniesdisease,dr reed,11
cowdenssyndrome,mt ",58
pcsm,prostate cancer,1198
renalfailure,on patient,12
heatstroke,child vehicular,1201
moebiussyndrome,syndrome' oil,72
cholesteatoma,the petition,6
blcsm,follow for,220
bpd,life and,951
arachnoiditis,interview with,53
huntersyndrome,son arian,1824
sids,small island,306
gestationaldiabetes,gestational diabetes,72
kidneydisease,kidney disease,237
teamspondy,not too,6
dengue,world cup,253
memoryloss,memory loss,278
cholesterol,and the,991
hypothyroidism,of hypothyroidism,194
obesity,sign up,8080
synesthesia,do your,125
aspergers,you know,1486
tscsm,follow for,220
gout,2% of,300
uti,come on,742
trigeminalneuralgia,trigeminal neuralgia,293
hearingloss,hearing loss,1786
hepatitis,c treatment,1389
ibd,you have,1076
heartburn,acid reflux,458
ulcers,to treat,215
menieres,meniere's disease,26
peanutallergy,peanut allergy,150
ataxia,awareness day,908
schizophrenia,mental illness,989
celiaquia,health hashtag,2
angioedema,have you,12
thmcsm,how a,7
colonirritable,colon irritable,4
eatingdisorder,with an,950
aids,(ap) ‚Äî,20738
rheumatoidarthritis,rheumatoid arthritis,180
skincancer,skin cancer,4104
bcsm,breast cancer,8722
baldness,hair loss,541
lymsm,clinical trials,67
bdd,dysmorphic disorder,168
malaria,bed nets,4403
btsm,brain tumor,1942
brustkrebs,breast cancer,12
cerebral,fight palsy,42
parkinsons,you know,941
mbcsm,with metastatic,106
carpaltunnelsyndrome,carpal tunnel,41
cryogroup,interferon or,2
cancerfreeme,your story,45
hairloss,hair loss,4441
bipolar,is now,3112
bepndaware,mental health,79
cancersurvivors,cancer survivor,174
h7n9,cases in,1499
ppdchat,should feel,170
bloodcancer,to help,166
sepsis,the follow,343
hiv_chat,for tracking,8
seizures,used 4,1928
candidiasis,low birth,56
arthritis,more ÔøΩ,6542
celiacdisease,celiac disease,251
cysticfibrosis,of my,5652
bulimia,me to,2049
insightsbs,sbs one,196
bloodclot,bill clinton,221
cervicalcancer,cervical cancer,1513
artritisreumatoide,in ra,5
kidneystones,kidney stones,351
alzheimer,'s disease,4069
mmsm,clinical trials,536
diverticulitis,new ebook,88
progeria,sam berns,456
hncsm,head and,134
cardiomyopathy,sienna fighting,187
rarediseaseday,today is,1089
cirrhosis,liver cirrhosis,189
thyroidawareness,month is,33
preeclampsia,during the,564
braincancer,brain cancer,1183
t1d,type 1,1729
hivbc,your name,15
chiari,raise awareness,72
gerd,√ºller 1970,684
diabesity,recommended max,42
hypochondria,have a,23
emanuelsyndrome,thanks for,14
myositis,thank you,35
diabetic,check out,2202
leukaemia,bone marrow,232
pancreaticcancer,pls sign,3989
sleepapnea,sleep apnea,1170
hccd,soon üí•üî´‚úäüëäüí™‚òù,5
anorexianervosa,in research,31
bowelcancer,bowel cancer,571
cryoglobulinemia,news is,203
congestiveheartfailure,information on,135
alergia,com muita,4
chronicpain,chronic pain,4207
rectalcancer,rectal cancer,60
colonchat,at 12pm,26
heppartners,meeting on,248
deafness,silent love,410
yellowfever,yellow fever,162
mers,saudi arabia,4962
hippain,and more,69
rheum,rheumatoid arthritis,1555
esrd,improvement oversees,115
diabetics,need to,569
mcrflusafe13,should have,30
hpbcsm,ecog-acrin active,66
cancerchat,they have,84
kidneycancer,kidney cancer,216
hyperglycemia,for diabetes-induced,28
dementiachallengers,my latest,344
anorexia,eating disorder,1154
pediatriccancer,please watch,124
sleepdisorder,have a,66
radonc,radiation in,38
chd,thank you,595
dyslexia,with dyslexia,2461
chf,two days,543
shingles,risk of,293
osteoporosis,risk of,489
narcolepsy,fall asleep,121
bipolardisorder,how in,274
throatcancer,my story,27
fibromyalgia,from the,2371
glint,"the glint",22
angiosarcoma,lauren skop,12
mastocytosis,mast cells,25
fmd,fibromuscular dysplasia,86
fibroid,may spread,22
eatingdisorders,eating disorders,959
pancan,pancreatic cancer,204
brca1,more about,524
bcmets,breast cancer,144
brca2,more about,520
meningitis,know the,547
copd,there is,791
vasculitis,diagnosed with,278
alopecia,can be,596
lyphoma,on my,9
ecoli,e coli,180
bursitis,types of,282
mcam,game over,5
bladdercancer,bladder cancer,250
psoriasis,skin care,1006
hepc,hepatitis c,2953
hepb,learn more,454
ended,one of,102
deepveinthrombosis,risk for,40
fmdaware,fibromuscular dysplasia,88
scadheart,the chat,58
adcsm,win via,5
iih,people expend,88
colitis,raise awareness,827
pneumonia,due to,354
artritis,and the,38
rhinitis,rhinitis revalation,2080
heartdisease,heart disease,84527
anxiety,please retweet,89902
downsyndrome,down syndrome,3977
facialdifference,thank you,23
tenniselbow,tennis elbow,93
eclampsia,pregnant women,36
neuropathy,may cause,134
flu,the flu,6310
scmsm,is diagnosed,18
battendisease,thank you,110
std,toll free,9560
celiac,awareness month,3286
leprosy,pray for,411
brca,to doctors,1904
sle,(salem or),1848
ibs,irritable bowel,702
crohns,crohn's disease,1198
peyronies,men with,9
lungcancer,lung cancer,8304
autoimmune,linked to,564
xmrv,the sewer,14
bronchitis,could be,566
mdrtb,tb and,46
atrialfibrillation,atrial fibrillation,111
braintumor,brain tumor,257
highbloodpressure,blood pressure,466
ehlersdanlos,awareness month,146
mpsii,charity ride,74
stroke,risk of,3180
ovca,new test,322
hypertension,blood pressure,1205
anaphylaxis,allergic reaction,179
liverdisease,hepatitis c,123
adhd,adult adhd,7362
mrsa,at home,1097
prostatecancer,the men,8307
dementia,people with,6026
fibroids,uterine fibroids,133
autism,video and,5539
myeloma,for patients,1333
pulmonaryfibrosis,help us,218
melanoma,skin cancer,4561
crohnsdisease,crohn's disease,293
dialysis,medical care,715
migraine,more ÔøΩ,6331
allergies,my eyes,2507
braininjury,brain injury,3765
gripe,ain't the,34
hpv,cervical cancer,1524
alzheimers,senior guide,3708
triglycerides,to lower,37
varicose,improve and,172
depression,please retweet,69257
retinoblastoma,eye cancer,39
mesothelioma,thanks for,986
sciatica,back pain,405
psoriaticarthritis,on how,62
childhoodcancer,for research,4221
backpain,back pain,10579
bleedingdisorders,raise awareness,123
stcsm,follow for,188
oralcancer,oral cancer,559
diabetesempowered,tnn's is,43
painsomnia,to sleep,80
ovariancancer,ovarian cancer,1818
hofh,aegerion pharma's,18
pancsm,pancreatic cancer,229
hsronc,to have,13
hives,allergic to,243
secondaryinfertility,secondary infertility,12
eczema,skin care,1122
bald,my hair,658
overweight,a record,1550
leukemia,to help,372
andropause,is or,26
diabetesla,is diabetic,33
congestionnasal,mucho sue√±o,2
osteoarthritis,can cause,189
ancsm,anal cancer,491
urticaria,and angioedema,220
dystonia,raise awareness,181
polio,health emergency,1022
highcholesterol,beneficial for,468
diabetes,type 2,13431
lupus,the world,1614
renal,of acidosis,277
hemophilia,to help,563
gyncsm,gyn cancer,1683
cushings,want to,567
facialdisfigurement,over from,9
thrombosis,deep vein,201
coloncancer,colon cancer,1704
raredisease,friedreich's ataxia,7274
notjustonedisease,blog post,86
nocturia,prof bliwise,18
spondylitis,stories via,394
chemo,to help,1158
dvt,deep vein,701
amyloidosis,support group,260
leusm,blood cancers,63
endometriosis,my üíõüòÉxx,519
ncds,non-communicable diseases,463
