hashtag,1-gram,count
rettsyndrome,help,724
influenza,flu,5826
caudaequina,syndrome,20
schizofrenie,van,7
bedwetting,child,95
epilepsy,help,3913
dysautonomia,sharing,915
ppd,postpartum,1089
eds,awareness,1402
sarcoidosis,via,406
trichotillomania,hair,362
afib,atrial,1036
gallbladder,pain,599
testicularcancer,awareness,861
hernia,surgery,123
incontinence,via,1633
bcans,cancer,122
cleftlip,cleft,52
mnd,awareness,6711
als,awareness,5099
longqt,heart,48
stockportflufighting,flu,23
multipleendocrineneoplasia,patients,12
lymphoma,help,1115
asthma,may,2884
marfan,syndrome,5514
acne,skin,7322
ocd,like,3388
thycsm,call,181
ptsd,please,21040
add,adult,12363
infertility,via,2581
fragilex,syndrome,162
hearthealth,heart,17228
dupuytrens,contracture,7
thyroidcancer,cancer,471
lcsm,cancer,18557
foodallergy,food,3429
inflammation,reduce,1703
multiplesclerosis,>>,10324
childhoodobesity,obesity,938
hemoam,month,6
multscler,ms,491
hiv,new,27440
crcsm,cancer,2091
cholera,outbreak,2144
lymphoedema,research,189
coronaryarterydisease,trial,36
resfriado,mal,12
breastcancer,cancer,26489
tbi,brain,15562
livercancer,b,752
cleftpalate,surgery,75
halitosis,breath,344
lynchsyndrome,@,2062
pcos,women,1002
tuberculosis,tb,2459
grippe,flu,32
esocsm,symposium,341
peyroniesdisease,dr,11
cowdenssyndrome,mt,105
pcsm,cancer,1794
renalfailure,today,20
heatstroke,hot,2382
moebiussyndrome,moebius,80
cholesteatoma,ear,17
blcsm,cancer,295
bpd,life,2577
arachnoiditis,via,137
huntersyndrome,arian,3350
sids,small,395
gestationaldiabetes,women,116
kidneydisease,kidney,665
teamspondy,late,6
dengue,fever,1610
memoryloss,memory,528
cholesterol,levels,3219
hypothyroidism,thyroid,524
obesity,weight,9420
synesthesia,colors,201
aspergers,news,7958
tscsm,follow,293
gout,affects,344
uti,today,2217
trigeminalneuralgia,pain,720
hearingloss,hearing,5133
hepatitis,c,17799
ibd,disease,4273
heartburn,reflux,631
ulcers,stomach,304
menieres,disease,61
peanutallergy,peanut,443
ataxia,awareness,1079
schizophrenia,mental,1477
celiaquia,thank,2
angioedema,session,15
thmcsm,patient,7
colonirritable,help,4
eatingdisorder,eating,2148
aids,yahoo,26873
rheumatoidarthritis,pain,366
skincancer,skin,8512
bcsm,cancer,16445
baldness,hair,883
lymsm,lymphoma,173
bdd,via,307
malaria,nets,6449
btsm,brain,3472
brustkrebs,breast,16
cerebral,palsy,232
parkinsons,disease,2527
mbcsm,cancer,175
carpaltunnelsyndrome,carpal,45
cryogroup,interferon,2
cancerfreeme,story,49
hairloss,hair,8231
bipolar,disorder,9311
bepndaware,perinatal,104
cancersurvivors,cancer,858
h7n9,cases,6962
ppdchat,get,312
bloodcancer,help,445
sepsis,thanks,581
hiv_chat,outbreaks,8
seizures,15-25%,3368
candidiasis,weight,57
arthritis,pain,8383
celiacdisease,gluten,474
cysticfibrosis,help,9362
bulimia,please,2322
insightsbs,tonight,741
bloodclot,health,332
cervicalcancer,women,3404
artritisreumatoide,ra,5
kidneystones,kidney,566
alzheimer,’s,9266
mmsm,myeloma,1324
diverticulitis,new,120
progeria,sam,692
hncsm,cancer,394
cardiomyopathy,sienna,356
rarediseaseday,rare,2355
cirrhosis,liver,637
thyroidawareness,month,98
preeclampsia,awareness,770
braincancer,cancer,3078
t1d,via,2849
hivbc,give,15
chiari,awareness,216
gerd,üller,966
diabesity,sugar,94
hypochondria,think,37
emanuelsyndrome,thanks,18
myositis,disease,94
diabetic,diabetes,5227
leukaemia,please,642
pancreaticcancer,sign,17214
sleepapnea,sleep,2169
hccd,#,7
anorexianervosa,..,95
bowelcancer,cancer,1039
cryoglobulinemia,news,203
congestiveheartfailure,information,135
alergia,:(,51
chronicpain,pain,16692
rectalcancer,cancer,106
colonchat,12pm,26
heppartners,global,326
deafness,cause,455
yellowfever,asian,777
mers,cases,13005
hippain,hip,117
rheum,arthritis,2654
esrd,patients,137
diabetics,know,776
mcrflusafe13,medicine,29
hpbcsm,cancer,78
cancerchat,cancer,176
kidneycancer,cancer,374
hyperglycemia,diabetes,42
dementiachallengers,blog,549
anorexia,eating,2458
pediatriccancer,help,366
sleepdisorder,sleep,212
radonc,radiation,204
chd,heart,2573
dyslexia,brain,2414
chf,new,1155
shingles,risk,765
osteoporosis,bone,1177
narcolepsy,sleep,526
bipolardisorder,bipolar,501
throatcancer,cancer,44
fibromyalgia,pain,9683
glint,check,24
angiosarcoma,crochet,18
mastocytosis,mast,41
fmd,get,206
fibroid,surgery,58
eatingdisorders,eating,2020
pancan,cancer,248
brca1,video,526
bcmets,cancer,176
brca2,find,582
meningitis,vaccine,1473
copd,>>,9861
vasculitis,awareness,783
alopecia,hair,1153
lyphoma,bride,9
ecoli,water,259
bursitis,types,282
mcam,@,7
bladdercancer,cancer,487
psoriasis,skin,2902
hepc,c,7511
hepb,b,2125
ended,eating,164
deepveinthrombosis,risk,51
fmdaware,dysplasia,88
scadheart,pls,92
adcsm,cancer,7
iih,help,202
colitis,awareness,2562
pneumonia,children,1096
artritis,sexo,37
rhinitis,tissue,2082
heartdisease,heart,113374
anxiety,please,144394
downsyndrome,syndrome,4189
facialdifference,vanessa,28
tenniselbow,elbow,179
eclampsia,women,48
neuropathy,help,498
flu,get,13672
scmsm,diagnosed,19
battendisease,awareness,339
std,sextip,28102
celiac,disease,6978
leprosy,people,565
brca,cancer,2544
sle,=..,3414
ibs,bowel,937
crohns,disease,4915
peyronies,disease,36
lungcancer,cancer,19297
autoimmune,disease,1743
xmrv,rats,14
bronchitis,sick,737
mdrtb,new,230
atrialfibrillation,risk,121
braintumor,>>,1248
highbloodpressure,risk,526
ehlersdanlos,awareness,428
mpsii,ride,78
stroke,risk,8252
ovca,new,441
hypertension,blood,1314
anaphylaxis,food,641
liverdisease,liver,307
adhd,adult,16101
mrsa,new,1455
prostatecancer,men,13489
dementia,people,12301
fibroids,uterine,380
autism,via,12904
myeloma,patients,3725
pulmonaryfibrosis,help,635
melanoma,skin,9479
crohnsdisease,crohn's,579
dialysis,care,1057
migraine,ruby-redsky,7361
allergies,like,5501
braininjury,concussion,8854
gripe,:(,134
hpv,vaccine,7150
alzheimers,alzheimer's,12377
triglycerides,lower,99
varicose,veins,387
depression,please,121056
retinoblastoma,cancer,93
mesothelioma,new,1854
sciatica,pain,1294
psoriaticarthritis,arthritis,185
childhoodcancer,help,7986
backpain,back,18043
bleedingdisorders,community,329
stcsm,symposium,317
oralcancer,cancer,694
diabetesempowered,diabetes,110
painsomnia,sleep,455
ovariancancer,awareness,3195
hofh,aegerion,37
pancsm,cancer,490
hsronc,cancer,19
hives,urticaria,451
secondaryinfertility,secondary,18
eczema,skin,4165
bald,hair,2279
overweight,get,1848
leukemia,help,1676
andropause,male,41
diabetesla,diabetic,34
congestionnasal,tengo,2
osteoarthritis,pain,941
ancsm,cancer,887
urticaria,chronic,424
dystonia,awareness,589
polio,via,4169
highcholesterol,number,481
diabetes,type,29035
lupus,awareness,4632
renal,causes,300
hemophilia,awareness,971
gyncsm,cancer,5051
cushings,cushing's,1492
facialdisfigurement,find,9
thrombosis,week,264
coloncancer,cancer,5090
raredisease,day,12814
notjustonedisease,blog,155
nocturia,study,26
spondylitis,via,450
chemo,patients,2370
dvt,thrombosis,969
amyloidosis,al,435
leusm,patients,118
endometriosis,awareness,2787
ncds,health,2520
