hashtag,3-gram,count
rettsyndrome,$ awareness for,220
influenza,is out stories,990
caudaequina,please watch share,7
schizofrenie,dialoog finse blijkt,3
bedwetting,fitted mattress cover,23
epilepsy,thanks for the,649
dysautonomia,thanks for sharing,760
ppd,should feel ashamed,165
eds,info 085251378519 atau,352
sarcoidosis,news daily review,330
trichotillomania,support this eye-opening,90
afib,with atrial fibrillation,156
gallbladder,can cause severe,273
testicularcancer,about going through,156
hernia,general surgery videos,30
incontinence,disposable pads shaped,211
bcans,by april mccallum,16
cleftlip,please contribute what,21
mnd,motor neurone disease,2569
als,the living with,986
longqt,heart and soul,22
stockportflufighting,do you know,9
multipleendocrineneoplasia,should be screened,6
lymphoma,the most common,376
asthma,ad by retrofridgemagnets,743
marfan,with marfan syndrome,1518
acne,get rid of,1084
ocd,life and reaching,938
thycsm,imaging services call,181
ptsd,with listen now,12336
add,the adult blog,4505
infertility,today's voice daily,300
fragilex,fragile x syndrome,38
hearthealth,did you know,1585
dupuytrens,and after surgical,3
thyroidcancer,papillary thyroid cancer,80
lcsm,been quoted in,1446
foodallergy,from the archives,489
inflammation,101 uses for,626
multiplesclerosis,around the world,1853
childhoodobesity,on the other,334
hemoam,hemophilia sucks awareness,5
multscler,find us on,54
hiv,people living with,3061
crcsm,follow for live,201
cholera,in south sudan,251
lymphoedema,for research into,104
coronaryarterydisease,trial recap the,18
resfriado,mal mal mal,6
breastcancer,breast cancer awareness,4975
tbi,traumatic brain injury,5050
livercancer,leading cause of,346
cleftpalate,birth defects find,14
halitosis,get rid of,285
lynchsyndrome,for the follow,1800
pcos,daily is out,282
tuberculosis,they manage to,364
grippe,kalt/warm warm/kalt //,14
esocsm,follow for live,188
peyroniesdisease,what is disease,4
cowdenssyndrome,ago today i,28
pcsm,in prostate cancer,169
renalfailure,are kind to,12
heatstroke,prevent child vehicular,639
moebiussyndrome,'portrait of karen,72
cholesteatoma,the oto at,4
blcsm,for upcoming genitourinary,168
bpd,family love life,938
arachnoiditis,interview with dawn,37
huntersyndrome,year son arian,1818
sids,small island developing,275
gestationaldiabetes,20 min of,22
kidneydisease,needs a new,220
teamspondy,it's not too,6
dengue,world health day,126
memoryloss,for people with,113
cholesterol,levels and the,829
hypothyroidism,to relieve you,79
obesity,at plz fav,5136
synesthesia,a grace award,83
aspergers,do you know,1346
tscsm,for upcoming genitourinary,168
gout,of western population,299
uti,causes of in,557
trigeminalneuralgia,you know how,166
hearingloss,causes of excessive,544
hepatitis,fight cancer using,859
ibd,inflammatory bowel disease,857
heartburn,as heartburn relief,255
ulcers,treat ulcers naturally,196
menieres,new blog all,21
peanutallergy,can i eat,40
ataxia,international awareness day,898
schizophrenia,this is not,343
celiaquia,new health hashtag,2
angioedema,have you just,12
thmcsm,her hair during,5
colonirritable,help what to,4
eatingdisorder,read and share,368
aids,(ap) â€” the,2983
rheumatoidarthritis,rheumatoid awareness day,48
skincancer,is awareness month,832
bcsm,for breast cancer,804
baldness,for hair loss,273
lymsm,it was not,48
bdd,body dysmorphic disorder,158
malaria,please follow and,2690
btsm,a brain tumor,423
brustkrebs,look for this,6
cerebral,help levi fight,38
parkinsons,do you know,740
mbcsm,with metastatic cancer,60
carpaltunnelsyndrome,carpal tunnel syndrome,33
cryogroup,c cure/s without,2
cancerfreeme,to hear your,45
hairloss,and how to,867
bipolar,is now available,3054
bepndaware,perinatal mental health,69
cancersurvivors,cancer survivor day,110
h7n9,notified who of,967
ppdchat,when they get,165
bloodcancer,mk-3475 in palbociclib,104
sepsis,for the follow,308
hiv_chat,useful for tracking,8
seizures,delivery system used,1335
candidiasis,low birth weight,56
arthritis,ï¿½ï¿½&amp; more ï¿½,6534
celiacdisease,risk heightened in,123
cysticfibrosis,in memory of,5563
bulimia,to learn more,1648
insightsbs,on sbs one,88
bloodclot,or cheap shot,89
cervicalcancer,is awareness month,448
artritisreumatoide,analysis in ra,3
kidneystones,of kidney stones,136
alzheimer,news from the,1930
mmsm,lenalidomide or observ,268
diverticulitis,or for uncomplicated,26
progeria,life according to,70
hncsm,head and neck,134
cardiomyopathy,--- sent by,120
rarediseaseday,rare disease day,485
cirrhosis,liver cirrhosis bible,96
thyroidawareness,working well learn,32
preeclampsia,during the silent,554
braincancer,is there such,1091
t1d,type 1 diabetes,417
hivbc,give your name,15
chiari,raising awareness for,46
gerd,museum Ã¼ller 1970,435
diabesity,slashes recommended max,42
hypochondria,think i have,14
emanuelsyndrome,please vote for,8
myositis,learn more about,29
diabetic,check out my,977
leukaemia,of richter syndrome,190
pancreaticcancer,thank you! ðŸ˜ƒ,2199
sleepapnea,coincidence or misdiagnosis,135
hccd,we will find,5
anorexianervosa,in research treatment,30
bowelcancer,beating bowel cancer,146
cryoglobulinemia,news is out,203
congestiveheartfailure,out this site,135
alergia,to com muita,4
chronicpain,system used 4,1335
rectalcancer,on  or,58
colonchat,3/27 at 12pm,26
heppartners,global partnersâ€™ meeting,214
deafness,listen to music,367
yellowfever,eye of the,70
mers,middle east respiratory,2186
hippain,on and more,40
rheum,rheumatoid awareness day,245
esrd,oversees contract compliance,115
diabetics,you need to,510
mcrflusafe13,in should have,29
hpbcsm,active clinical trials,66
cancerchat,place to talk,84
kidneycancer,no news available,153
hyperglycemia,medicines for diabetes-induced,28
dementiachallengers,my latest blog,336
anorexia,surviving ed blog,519
pediatriccancer,on march 23rd,94
sleepdisorder,americans have a,38
radonc,in extensive small,33
chd,everyday morning hearts,253
dyslexia,through brain training,1739
chf,new two days,542
shingles,watch go here,249
osteoporosis,how to prevent,327
narcolepsy,sleep awareness week,96
bipolardisorder,how in is,274
throatcancer,cancers my story,27
fibromyalgia,from the archives,1966
glint,glint" on vimeo,20
angiosarcoma,lauren skop ryan,12
mastocytosis,living with join,14
fmd,foot and mouth,56
fibroid,surgery may spread,13
eatingdisorders,thank you for,490
pancan,in memory of,168
brca1,out more about,488
bcmets,today gone tomorrow,109
brca2,out more about,488
meningitis,know the symptoms,331
copd,treatments natural remedies,387
vasculitis,news is out,203
alopecia,can be traumatizing,570
lyphoma,the latest on,9
ecoli,for days on,82
bursitis,of and ways,281
mcam,over at mcam,4
bladdercancer,most cases of,47
psoriasis,skin care for,961
hepc,need to know,547
hepb,find out if,290
ended,iii shares how,90
deepveinthrombosis,q a variety,39
fmdaware,fibromuscular dysplasia patients,26
scadheart,the chat @,56
adcsm,be great to,5
iih,people expend tremendous,88
colitis,help raise awareness,404
pneumonia,occur in the,292
artritis,(sex and the,37
rhinitis,cube tissue bx,2080
heartdisease,prevent heart disease,36784
anxiety,email me please,52087
downsyndrome,with down syndrome,2777
facialdifference,thank you for,17
tenniselbow,for the new,43
eclampsia,health care providers,33
neuropathy,may cause and,132
flu,find out more,1938
scmsm,clinical experience hospital,15
battendisease,spread the word,94
std,find an testing,7233
celiac,for awareness month,1131
leprosy,people affected by,170
brca,letters to doctors,1902
sle,us good look,286
ibs,irritable bowel syndrome,662
crohns,help raise awareness,491
peyronies,for men with,9
lungcancer,cancer killer of,2088
autoimmune,linked to sclerosis,486
xmrv,out of the,14
bronchitis,it could be,556
mdrtb,is a serious,44
atrialfibrillation,with atrial fibrillation,37
braintumor,home with photos,113
highbloodpressure,are now getting,398
ehlersdanlos,tag when you,52
mpsii,4 charity ride,58
stroke,your risk of,687
ovca,test to tailor,322
hypertension,high blood pressure,538
anaphylaxis,relationship between shortness,85
liverdisease,help out my,85
adhd,ruby-redsky ï¿½ï¿½&amp; more,6323
mrsa,cure at home,1091
prostatecancer,the men united,8233
dementia,for people with,1981
fibroids,click here watch,126
autism,free rating scale,5528
myeloma,at md anderson,915
pulmonaryfibrosis,i get a,188
melanoma,free skin cancer,964
crohnsdisease,cannabis oil recipe,226
dialysis,fresenius medical care,703
migraine,ï¿½ï¿½&amp; more ï¿½,6323
allergies,what to do,1185
braininjury,over 70% of,1747
gripe,boss of me,32
hpv,immune system clears,912
alzheimers,to let go,2507
triglycerides,fatty acids which,32
varicose,to improve and,172
depression,email me please,43209
retinoblastoma,rare cancers in,27
mesothelioma,causes signs and,846
sciatica,pains and solution-anandbliss,140
psoriaticarthritis,happy st patrick's,60
childhoodcancer,make a difference,3315
backpain,out of the,1492
bleedingdisorders,help raise awareness,61
stcsm,follow for live,188
oralcancer,oral cancer awareness,239
diabetesempowered,what is diabetic,33
painsomnia,big time anyone,25
ovariancancer,of death in,584
hofh,juxtapid approved in,15
pancsm,follow for live,200
hsronc,less likely to,13
hives,to your chronic,116
secondaryinfertility,treating can help,9
eczema,skin care for,963
bald,you really are,175
overweight,get a record,1550
leukemia,love on fb,248
andropause,is or male,26
diabetesla,what is diabetic,33
congestionnasal,tengo mucho sueÃ±o,2
osteoarthritis,how can cause,174
ancsm,anal cancer awareness,256
urticaria,to your chronic,116
dystonia,raise awareness of,133
polio,public health emergency,491
highcholesterol,of cardiovascular conditions,468
diabetes,ruby-redsky ï¿½ï¿½&amp; more,6534
lupus,around the world,1477
renal,and of acidosis,277
hemophilia,on the cover,473
gyncsm,gyn cancer monthly,1155
cushings,want to know,559
facialdisfigurement,how do you,9
thrombosis,deep vein thrombosis,171
coloncancer,(around 70p) please,906
raredisease,have friedreich's ataxia,7240
notjustonedisease,blog post our,27
nocturia,testing an investigational,9
spondylitis,news is out,394
chemo,to help patients,1060
dvt,deep vein thrombosis,662
amyloidosis,amyloidosis support group,242
leusm,red 2 celebrate,39
endometriosis,for my ðŸ’›ðŸ˜ƒxx,519
ncds,the fight against,162
