created_time,tweet_id,user_name,tweet_text
Sat Jun 01 01:11:47 +0000 2013,340636762932137984,KBarkadaTRLC,""" congrats ill see you around fort then  """
Sat Jun 01 01:11:49 +0000 2013,340636771308154880,MikDik_,yeee ill see if i can its been awhile
Sat Jun 01 01:11:49 +0000 2013,340636771324944385,Esodophobia,im so impatient
Sat Jun 01 01:11:51 +0000 2013,340636779679989760,SheRecklessx21,fuck ill watch pornhub
Sat Jun 01 01:11:52 +0000 2013,340636783899459585,SarahhLane,feels good to get that off my chest
Sat Jun 01 01:11:58 +0000 2013,340636809035931649,_HelloTitties,amp your point is  oh ill wait 
Sat Jun 01 01:11:59 +0000 2013,340636813267984385,Topsailonline,kids dice and chop their way to good health good food and fun at kitchen time
Sat Jun 01 01:12:06 +0000 2013,340636842623901696,saurianzerker,i want to make a pokemon lets play but i know ill end up attracting fucking ass holes that expect me to know every thing about the game
Sat Jun 01 01:12:07 +0000 2013,340636846801444865,greycous,"quote my words dude ""i love you to the mars and back and i cant wait your new song i cant wait the time when you rock us"
Sat Jun 01 01:12:09 +0000 2013,340636855185842178,debzhang,i have my chem test before it comes out can i really concentrate on molecular formulas when teen wolf
Sat Jun 01 01:12:10 +0000 2013,340636859384352768,GettingThere126,eating a shit ton of food even went on a minibinge and yet still being under your allowed caloric intake for the day gtgtgt
Sat Jun 01 01:12:10 +0000 2013,340636859388547072,Beanography,if you wear shirts with words like geek your just a nobhead
Sat Jun 01 01:12:13 +0000 2013,340636871984050177,BeatieBeads143,"oh  haha  i was about to say   "" your not going to fail if you have an a and you fail the test """
Sat Jun 01 01:12:14 +0000 2013,340636876165742593,abimaybe,i feel a bit better now that i bought my outfit for my nursing interview #relief
Sat Jun 01 01:12:15 +0000 2013,340636880355868674,thebuzz31,last night of camp #praisedalord
Sat Jun 01 01:12:17 +0000 2013,340636888744472577,ThatHannaJo_,maybe ill just pretend like i didnt see that
Sat Jun 01 01:12:17 +0000 2013,340636888765460481,SnairtheSnair,get cut up for the summer as seen exclusively on dr oz ive already lost 3 lbs this week
Sat Jun 01 01:12:18 +0000 2013,340636892926181376,RonnieZIM,"girl at rite aid holler at yo girrrrl
ampamp your name is asia we could be like taylor amp taylor haaa~"
Sat Jun 01 01:12:24 +0000 2013,340636918092025858,Elconji,lol ill think about it haha
Sat Jun 01 01:12:28 +0000 2013,340636934890192897,carslatestnews,mookie blaylock on life support after car accident  usa today sb nation mookie blaylock on‚Ä¶
Sat Jun 01 01:12:33 +0000 2013,340636955844956160,imajstaana,""" congrats ill see you around fort then  """
Sat Jun 01 01:12:37 +0000 2013,340636972634750976,Jen_xoNap,ill hold your hand 
Sat Jun 01 01:12:44 +0000 2013,340637001990680576,ToeByUs,"its ok *she
looks at us* d but ill tell you as soon as possible"
Sat Jun 01 01:12:44 +0000 2013,340637001999085568,CNNRabidFans,tornado emergency issued for oklahoma city twisterravaged moore
Sat Jun 01 01:12:46 +0000 2013,340637010362503169,NoSwagJorgee,i feel so much butterflies in my stomach
Sat Jun 01 01:12:47 +0000 2013,340637014586179585,veannuh,ill trade for a guy wholl text me all day tells me he loves right out the blue compliments me encourages me when ive failed
Sat Jun 01 01:12:48 +0000 2013,340637018784677888,malekal_freeman,faggot ill fuck u to u move me
Sat Jun 01 01:12:52 +0000 2013,340637035532537857,cakefien,you can be my superstar boy tonight ill be your groupie
Sat Jun 01 01:12:55 +0000 2013,340637048136429568,booty1444,screw these pregnancy hormones
Sat Jun 01 01:12:58 +0000 2013,340637060727730176,satrina_renee,great lol ill be down there tomorrow
Sat Jun 01 01:13:00 +0000 2013,340637069116334081,silepyculoci,strip off in the ascendant pictures or else your achromatic lens bottle hkc
Sat Jun 01 01:13:04 +0000 2013,340637085889331200,pimeisgood,my tonsils are so inflamed im considering performing a tonsillectomy with this steak knife
Sat Jun 01 01:13:05 +0000 2013,340637090092052481,enderwiggined,i dont have an ass but i can make my stomach fat twerk that counts right
Sat Jun 01 01:13:08 +0000 2013,340637102670745601,Luiszee_Navarro,so sore
Sat Jun 01 01:13:14 +0000 2013,340637127807209473,nirryvanax,dont crash into annes wedding or ill crash your life
Sat Jun 01 01:13:18 +0000 2013,340637144580243456,Sofiee32b,nobody understands the pain i am in because of my throat 
Sat Jun 01 01:13:20 +0000 2013,340637152989835264,Marandaxox,should probably go live outside since im so sick dont want to get anyone sick cough cough fuck you cough cough
Sat Jun 01 01:13:25 +0000 2013,340637173973929984,Princess__Jaaay,oooh ill never neglect you
Sat Jun 01 01:13:25 +0000 2013,340637173969743872,tsh1118,some weird app i guess i beat one person up last week it looks for cuss words i think too funny it picked us p
Sat Jun 01 01:13:28 +0000 2013,340637186561028096,QCTrafficAlerts,reported accident in roadwayproperty damage at j m keynes dr amp w w t harris bv
Sat Jun 01 01:13:32 +0000 2013,340637203321483264,setyadi_prayoga,friday im in love  the cure
Sat Jun 01 01:13:33 +0000 2013,340637207511576576,yuppyscumm,ik i hav to drink this tea but it hurts so much
Sat Jun 01 01:13:33 +0000 2013,340637207511568385,Emmaaaamuse,well tonight started good then flopped pretty sure i dislocated my knee and popped it bk into place at the same time pain
Sat Jun 01 01:13:34 +0000 2013,340637211718459392,cushtylifestyle,‚Äú last time i went ghana almost got bodied  count me out jack‚Äù i nearly got eaten by a rottweiler üò©
Sat Jun 01 01:13:38 +0000 2013,340637228495675392,filosaad,wad7 eno summer 7lw
Sat Jun 01 01:13:39 +0000 2013,340637232698363904,thepizzaria,im on his page right now ill take a look
Sat Jun 01 01:13:39 +0000 2013,340637232664805376,bwdiaz,please keep her in mind as she recovers that her pain will be lessened and that the operation was successful we wont know for a bit
Sat Jun 01 01:13:42 +0000 2013,340637245256126464,Mckenzie_xD,no its spray paint
Sat Jun 01 01:13:42 +0000 2013,340637245277097984,dannystawp,danny if you dont watch this ill murder you 
Sat Jun 01 01:13:43 +0000 2013,340637249450414080,Blondie_3603,ill only get to drive to school my junior and senior year dangg Óêë
Sat Jun 01 01:13:46 +0000 2013,340637262020739072,LachelleMccray,i saw you on wendy williams i loved the collar and u were rocking some shoes youre still the queen of the ryders
Sat Jun 01 01:13:46 +0000 2013,340637262045929472,ColeMassingill,i dont wanna go to this camp from tomorrow wednesday
Sat Jun 01 01:13:47 +0000 2013,340637266215051264,lucasperfcetti,someone do this with me someone be my shoulder to cry on
Sat Jun 01 01:13:48 +0000 2013,340637270426144768,DiaaaneIvy,ano mga handled fps mo
Sat Jun 01 01:13:48 +0000 2013,340637270430339072,whosdanielle_,me too  so refreshing  ‚ò∫
Sat Jun 01 01:13:54 +0000 2013,340637295579385856,hugmcfly,if you reply me ill tattoo garrett in my ass 
Sat Jun 01 01:13:55 +0000 2013,340637299794644992,ChrisSaucedo_,ill tell you
Sat Jun 01 01:13:58 +0000 2013,340637312381767680,calumperks,ive been trying hard to get you to follow me but its looks like ill have to try harder   follow me luke ilysm #tryhard
Sat Jun 01 01:14:00 +0000 2013,340637320770371584,JeesiSweet,ill be fine as long as you stay single
Sat Jun 01 01:14:00 +0000 2013,340637320741023744,paradisexv,i hope all the stress amp tears are worth it
Sat Jun 01 01:14:02 +0000 2013,340637329138016256,Chaotic_Ownage,wake up today and the pain isnt any better
Sat Jun 01 01:14:03 +0000 2013,340637333323915264,MckissickuhcLid,where do you find the blessing  when your life is twisted and turned and the pain just won‚Äôt go away
Sat Jun 01 01:14:04 +0000 2013,340637337522413568,ElPaso_Buzz,#jobsearch physical therapist  outpatient at medical express el paso tx find this job amp more
Sat Jun 01 01:14:04 +0000 2013,340637337543397376,LSUSportsNow,kurt mccune steadied lsu with 42 shutout innings video
Sat Jun 01 01:14:07 +0000 2013,340637350126309376,Mar_Quette,fick twon he a opp
Sat Jun 01 01:14:08 +0000 2013,340637354295451649,leMONAde_13,you understand my pain 
Sat Jun 01 01:14:10 +0000 2013,340637362688241667,zanaziraaa,oh allah bless me with happiness and health no more tears only smile and laughs #junewish
Sat Jun 01 01:14:11 +0000 2013,340637366882545664,PotteryGlass,set 6 hand cut to clear bohemian stemmed goblets glasses ajka assorted shades $44979  #bohemian #glass
Sat Jun 01 01:14:12 +0000 2013,340637371072647169,511hamptonroads,cleared accident wb on i64 at mm282 in norfolk914pm
Sat Jun 01 01:14:12 +0000 2013,340637371081039873,GangstaWitClass,got some country niggas that wanna be like us u cant be me u cant go bacc ten yrs an stand on that corner #gucci
Sat Jun 01 01:14:14 +0000 2013,340637379486425088,BLKPHARAOH,it would be two on one and ill still win woulda good
Sat Jun 01 01:14:20 +0000 2013,340637404627079168,TheOfficialRA3,worst thing gotta tornado warning and i gotta headache #roeprobz
Sat Jun 01 01:14:21 +0000 2013,340637408842375169,scalaaz,this game is like a dewey cox bad acid trip ballpark and all when does ike get sliced in half with a machete #mets #walkhard
Sat Jun 01 01:14:21 +0000 2013,340637408821403649,sweet_moments1,"me *charges phone for 1 minute*
me *why arent you fully charged omg*"
Sat Jun 01 01:14:22 +0000 2013,340637413028294656,basedJEFF,the dr about to come check her cervix soon ill let you know
Sat Jun 01 01:14:22 +0000 2013,340637413040861184,pengo8,"in your own words ""why do you hate me"""
Sat Jun 01 01:14:22 +0000 2013,340637413049266176,LibbyRitchie,ive been working on all things mbc this week lol thanks
Sat Jun 01 01:14:23 +0000 2013,340637417226788864,ThomasGoPOW,shedding tears of happiness i love everyone of you who attended school with me thank you so much for making me who i am today =
Sat Jun 01 01:14:35 +0000 2013,340637467571007488,rexfaker_,youre more then welcome laughs rubbing the back of my neck
Sat Jun 01 01:14:37 +0000 2013,340637475938648064,abinerry_rico,rt  just another heart ache on my list
Sat Jun 01 01:14:39 +0000 2013,340637484327256065,ddestine_,his defo getting shot by someone
Sat Jun 01 01:14:41 +0000 2013,340637492728434689,MoonsAbdulqadir,the cure for khushoo in prayer
Sat Jun 01 01:14:43 +0000 2013,340637501129621505,maekay22,if you think your relationship is rocky turn on marriage boot camp and youll see the grass is greener where you are lol
Sat Jun 01 01:14:43 +0000 2013,340637501125455872,m__beezyy,alright cool ill be looking for ya
Sat Jun 01 01:14:45 +0000 2013,340637509505667072,aebigley,#tweetyourweakness big brown eyes dark skin and a killer smile
Sat Jun 01 01:14:53 +0000 2013,340637543060094976,kavsharma19,yeah i left it for a while cause i had exams and stuff i went back for a whole week and im in agony still
Sat Jun 01 01:14:54 +0000 2013,340637547246010368,ElijahPN4,[watches  and  in amazement as i pick my nose]
Sat Jun 01 01:14:56 +0000 2013,340637555651395584,BiggieNoSmalls_,yall boys want the link for the camp next week at vhs to sign up
Sat Jun 01 01:15:02 +0000 2013,340637580817207296,Melobear,omb the tears  #proud
Sat Jun 01 01:15:03 +0000 2013,340637584982151169,BJMendelson,i think its great ryback is a volunteer emt but hes going to have to find someplace else to park his ambulance #smackdown
Sat Jun 01 01:15:06 +0000 2013,340637597586042881,MeNames_Veet,when a nigga pulls a muscle gtgtgtgtgtgtgt
Sat Jun 01 01:15:08 +0000 2013,340637605974654976,RightDame,another tornado south moorenorth norman norman regional hospital large powerflashes looks like there is now a fire
Sat Jun 01 01:15:09 +0000 2013,340637610177339394,PowellSammy,lets test this
Sat Jun 01 01:15:10 +0000 2013,340637614371663872,katitocarrasco,ill see you in hell
Sat Jun 01 01:15:14 +0000 2013,340637631119515648,GreysWetpaint,carrie underwood makes pregnancy announcement
Sat Jun 01 01:15:14 +0000 2013,340637631127900160,PLLWetpaint,carrie underwood makes pregnancy announcement
Sat Jun 01 01:15:14 +0000 2013,340637631140466689,BachtteWetpaint,carrie underwood makes pregnancy announcement
Sat Jun 01 01:15:14 +0000 2013,340637631157248000,KardashWetpaint,carrie underwood makes pregnancy announcement
Sat Jun 01 01:15:19 +0000 2013,340637652111986689,R5GleeFangirl,day 413 riker has tweeted me yesssss
Sat Jun 01 01:15:19 +0000 2013,340637652128763905,FairTaxNancy,and hes been going like that 4 hrs now gosh hell be whipped later tonite i sure would be
Sat Jun 01 01:15:20 +0000 2013,340637656297906176,oohbabybear,if i dont care about you and you try to leave ill hold the door for you but if i care your just going to end up being a good memory 
Sat Jun 01 01:15:20 +0000 2013,340637656285331457,kimmer1416,"‚Äú three words she wants to hear 
i brought starbucks‚Äù   #anyday"
Sat Jun 01 01:15:22 +0000 2013,340637664703303680,Amber_DopeTho,"my trust is so fcked up a mf can tell me ""the sky is blue"" and ill still look up smh üòíüò¶"
Sat Jun 01 01:15:24 +0000 2013,340637673096093697,LovelyKarma1,drowning in the rain carrying the pain on my back of 100000 years of the past @ university of phoenix
Sat Jun 01 01:15:25 +0000 2013,340637677261041665,Skiitfizzle,okay ill add you in a bit
Sat Jun 01 01:15:25 +0000 2013,340637677269430272,BooneDock_,fuck i think my ear is infected
Sat Jun 01 01:15:31 +0000 2013,340637702447824896,_DearOldShaye,ill never settle for less
Sat Jun 01 01:15:31 +0000 2013,340637702452027393,Luv_Muffy,even though we dont fuck with each other at all im soo proud of him ik his mom would be proud of him *drops mic*
Sat Jun 01 01:15:32 +0000 2013,340637706621177856,moonshinejug,fogs end distillery monterey‚Äôs awardwinning #moonshine operation  sfgate
Sat Jun 01 01:15:34 +0000 2013,340637715034935296,xOliverTWIST,ima stop using soundcloud ill just post on youtube with the download links on mediafire k
Sat Jun 01 01:15:35 +0000 2013,340637719212470272,MDGollan,brother hurt in marathon bombing out of hospital
Sat Jun 01 01:15:36 +0000 2013,340637723427745792,jimgrenn20,it was so easy and the words so sweet you cant remember you try to move your feet
Sat Jun 01 01:15:37 +0000 2013,340637727588487168,Live_laugh_medz,is this a test
Sat Jun 01 01:15:38 +0000 2013,340637731791179776,sushiniall,cramps why
Sat Jun 01 01:15:42 +0000 2013,340637748576800769,_oivcs,if you fall ill fall with you ‚ù§ @ casa da nathalea
Sat Jun 01 01:15:45 +0000 2013,340637761172279296,dakota_irish869,sissys glasses üòé #stud
Sat Jun 01 01:15:46 +0000 2013,340637765370785792,280ZAY,if me amp a chicc goin out to eat movies ect ima care if she talking to another nigga cus im taking my time to spend time wit the bitch lol
Sat Jun 01 01:15:47 +0000 2013,340637769531543552,_wintergirl93,i just read that hemingway shot sharks wa machine gun when he went fishing
Sat Jun 01 01:15:48 +0000 2013,340637773742624771,_clearest,now ill eat some whipp cream to top it off
Sat Jun 01 01:15:49 +0000 2013,340637777936924672,___Brendaaa,my tia is cute üíïüòè
Sat Jun 01 01:15:50 +0000 2013,340637777920143361,Sarah_Dade,flying down the hill on my new louis vuitton #healthoverhandbag #health
Sat Jun 01 01:15:51 +0000 2013,340637786308751361,TonyMuckleroy,and you thought your driving test was tough
Sat Jun 01 01:15:56 +0000 2013,340637807313825793,AriMarieeCail,givin me a headache 
Sat Jun 01 01:15:57 +0000 2013,340637811478757376,shelbyalexis13,yes ill have to add you to our group message haha and were all going to the mart soon
Sat Jun 01 01:15:58 +0000 2013,340637815694032896,TinkeyKeli,titus livius~ many difficulties which nature throws in our way may be smoothed away by the exercise of intelligence
Sat Jun 01 01:15:58 +0000 2013,340637815677267969,littlest_morgan,i pray sometimes that ill wake up and be pretty and photogenic and pretty
Sat Jun 01 01:15:58 +0000 2013,340637815689850880,ThaddeusAnissa,my eyes are always bigger than my stomach
Sat Jun 01 01:16:01 +0000 2013,340637828264366080,K_Mapp,if you or anyone you know need to be on the show send that email spread the word rt please and thank you
Sat Jun 01 01:16:02 +0000 2013,340637832471277568,w0ahlyssax36,ill only truly be happy in july lt3 cant wait
Sat Jun 01 01:16:04 +0000 2013,340637840872439809,CRONUSFEED,australia compulsory mental healthcare could go private
Sat Jun 01 01:16:04 +0000 2013,340637840838914048,ahuntre,rt   pa is the worst for tailgating  ill talk to him about that
Sat Jun 01 01:16:05 +0000 2013,340637845037404160,jeffyrox,dirty words are dirtier in spanish
Sat Jun 01 01:16:07 +0000 2013,340637853451177984,BlackBellesFans,check out this cool video for nashvilles bang candy company featuring the black belles breathing down my ne‚Ä¶
Sat Jun 01 01:16:11 +0000 2013,340637870228385792,emccar_,‚Äú  up romans ass hahaha see me soon‚Äù üôä ill try ill try
Sat Jun 01 01:16:11 +0000 2013,340637870228377600,DarkSenSatiion_,be patient with me take your time
Sat Jun 01 01:16:11 +0000 2013,340637870203219968,jazzzyx0,all the staten island coaches ampamp players saying my careers over hold my dick i tore my acl my leg wasnt chopped off
Sat Jun 01 01:16:12 +0000 2013,340637874397511680,makeusstrong,students join night to fight pediatric cancer   students join night to fight pediatric 
Sat Jun 01 01:16:12 +0000 2013,340637874401722368,Magazine_Shack,cherry bombe n1 now in stock at  cheapest uk delivery plus worldwide delivery options too
Sat Jun 01 01:16:13 +0000 2013,340637878591823872,chanel_MrsRight,i myself cannot have kids until my career is stable and im done with school after that ill have one or two thats it
Sat Jun 01 01:16:15 +0000 2013,340637886972051458,basicmares,ill be thinkin bout you
Sat Jun 01 01:16:15 +0000 2013,340637886976245760,ctransam,jds is an awesome place i wish i could get there more often great food and great people smithville in galloway nj
Sat Jun 01 01:16:15 +0000 2013,340637887001415680,Flowers_Just4U,after obama tears him a new one boehner lies about raising student loan rates
Sat Jun 01 01:16:16 +0000 2013,340637891199909888,MelYoungberg,all my fam damily is drunk and i love it dysfunctional perfect family
Sat Jun 01 01:16:17 +0000 2013,340637895360667650,LucreciaBais,"rt""    found this funny ass shot on tumblr this morning lol love it "
Sat Jun 01 01:16:20 +0000 2013,340637907947765760,laurenn95_,haha okay ill text you right now lol
Sat Jun 01 01:16:21 +0000 2013,340637912150454273,_KBiscuit,which ones i might go to the mhs one but ill definitely be at the chs one
Sat Jun 01 01:16:21 +0000 2013,340637912142082048,cher_orlando,storms like this make my stomach hurt
Sat Jun 01 01:16:28 +0000 2013,340637941527367680,B1ushes,"you leave 

marks of our lust 

upon my skin 

unleash me from 

your chains"
Sat Jun 01 01:16:35 +0000 2013,340637970862313472,Myers__Mitchell,that would be awesome i just dont know if ill be here or not
Sat Jun 01 01:16:36 +0000 2013,340637975056633856,_veeeex3,we dont know for sure yet her lungs not lookin too good but shes in icu unconscious
Sat Jun 01 01:16:36 +0000 2013,340637975073411072,titanmike23,well i start the spartacus leg sleeve collage on the 8th ill send pics of progress i will pay proper tribute to your art
Sat Jun 01 01:16:39 +0000 2013,340637987639545857,StaceyPStarr,personal life insurance  hughes insurance agency inc hughes insurance agency  queensbury  albany  sarat
Sat Jun 01 01:16:44 +0000 2013,340638008623652864,Simply_Valencia,bring the drugs baby i could  bring my pain
Sat Jun 01 01:16:44 +0000 2013,340638008615247873,CapnCrackerJak,had the worst head ache i couldnt even eat
Sat Jun 01 01:16:48 +0000 2013,340638025400868864,LeachLindsey,me and  coordinating outfits on accident
Sat Jun 01 01:16:51 +0000 2013,340638037966999553,__johannex3,ill smack the shit outta youüëã
Sat Jun 01 01:16:51 +0000 2013,340638038004752385,NickelDuro,"great to hear about the vaccine
now about the 250k indians that committed suicide due to those evil f***s monsanto
#sellout"
Sat Jun 01 01:16:52 +0000 2013,340638042178080768,_xcici,when ppl text me and dont text backltltltlt i be bout ready to cut em off at the knees
Sat Jun 01 01:16:58 +0000 2013,340638067331309569,BiridianaO,i went to go put in my 2weeks and emily goes ill just wont schedule you anymore and ill fill you up like you finish you 2weeks
Sat Jun 01 01:16:59 +0000 2013,340638071521411072,youareforgiven_,ill be praying anyway goodbye and god bless
Sat Jun 01 01:17:00 +0000 2013,340638075728314369,anilsapovadiya8,[research article] amino acid deprivation inhibits torc1 through a gtpaseactivating protein complex for the rag family gtpase gtr1
Sat Jun 01 01:17:02 +0000 2013,340638084137902080,RoseannStagnaro,malicious people lt
Sat Jun 01 01:17:02 +0000 2013,340638084112740353,rjrecto29,please do pass the #2013boardexam its gonna be tomorrow and the other day the exam day
Sat Jun 01 01:17:03 +0000 2013,340638088307023873,Infographic_new,daily calorie intake
Sat Jun 01 01:17:04 +0000 2013,340638092501348352,BanzaiBishop,oh monsanto when are you going to stop lying monsanto gm wheat shows up in oregon 9 yrs after their testing ended
Sat Jun 01 01:17:06 +0000 2013,340638100919296000,Ravens_Curse,anyways ill stop on that line just what comes up in my mind
Sat Jun 01 01:17:13 +0000 2013,340638130254254080,TimFranklin13,besides my lfiie is blessed beyond beyond words pray for those who you discriminate against amp the poor
Sat Jun 01 01:17:14 +0000 2013,340638134440189952,EazyMusik,you in the hospital foo i commented on ya pic
Sat Jun 01 01:17:14 +0000 2013,340638134456946688,Brissa_DelMar,i feel like my skin is being ripped out lol imma cry
Sat Jun 01 01:17:15 +0000 2013,340638138651262976,_teenagegirlsxx,gooood morning im waiting fr my mum to finish her health screening i can fall asleep anytime right now w
Sat Jun 01 01:17:17 +0000 2013,340638147023077376,madex3_,ill keep on retweeting  
Sat Jun 01 01:17:18 +0000 2013,340638151225790464,Sealey_88,i may be 10 years old but ill beat your ass
Sat Jun 01 01:17:19 +0000 2013,340638155407499264,DonnaKWeaver,=  gtgt tornado emergency declared for part of hardhit moore #oklahoma may 20 #tornado killed 24 people in #moore
Sat Jun 01 01:17:20 +0000 2013,340638159639547905,alyssajacques11,my butt is so sore
Sat Jun 01 01:17:26 +0000 2013,340638184805388289,Kasienka20,omg esperanza is my bff for 20 yrs since college beautiful name and so real n real
Sat Jun 01 01:17:28 +0000 2013,340638193164640256,Ashcash_deleon,"""   hell nah ill still pick the powerade"" me too unless its rootbeer i fucks with that lol"
Sat Jun 01 01:17:31 +0000 2013,340638205764317184,HuggunU,youre welcome that site infuriates me ill keep you posted  xxxx
Sat Jun 01 01:17:34 +0000 2013,340638218322059264,CreoleCarlin,just woke up with a migraine maybe it was a bad idea for that nap
Sat Jun 01 01:17:34 +0000 2013,340638218355621889,JOLONDOLO,anorexia and bulimia dont deserve cute nicknames like ana and mia they are not cute theyre horrible
Sat Jun 01 01:17:35 +0000 2013,340638222528942082,arianananana_,anyone can make you smile or cry but it takes someone special to make you smile when you already have tears in your eyes
Sat Jun 01 01:17:35 +0000 2013,340638222528954370,LADYLAIDBACK_,its friday amp it feel good outside and im in the  crib mad lol
Sat Jun 01 01:17:35 +0000 2013,340638222524743684,harpua111,sleep study #2    taking bets on how little sleep ill actually gonna be doing
Sat Jun 01 01:17:39 +0000 2013,340638239306162176,cdzgabi,realizerealizerealize #birth #larcday
Sat Jun 01 01:17:39 +0000 2013,340638239322951680,BriaaHunterr,i said if you find something to do ill go
Sat Jun 01 01:17:45 +0000 2013,340638264488783872,NewsTreasury,tornado emergency declared with extensive damage reported in oklahoma city suburbs
Sat Jun 01 01:17:49 +0000 2013,340638281249198080,xovanessaa,ugh im so miserable  this heat is making me angry
Sat Jun 01 01:17:49 +0000 2013,340638281274359810,MsAmandaJayne,lol me too good thing stoli is clear like my tears lmao
Sat Jun 01 01:17:50 +0000 2013,340638285439311872,LamentiaD,k i‚Äôll buy it
Sat Jun 01 01:18:00 +0000 2013,340638327411720192,noorstream,"islamic remedies shop coming soon in shaa allaah
 
 check our page for updates #islamicremedies"
Sat Jun 01 01:18:00 +0000 2013,340638327403323393,DaviesKrystyna,feel so ill 
Sat Jun 01 01:18:01 +0000 2013,340638331601829888,GrindForever_,i dont care who you are if you lie to me ill never trust you again ever
Sat Jun 01 01:18:02 +0000 2013,340638335796142082,cierrahxedge,second one today trenti white mocha frap with an add shot i have problems ‚òï @ starbucks
Sat Jun 01 01:18:02 +0000 2013,340638335800328192,LetScottPilgrim,rt  or ps3 tekkentt2 scv brawlstars gtaiv rdr _scott_ _pilgrim_ hard corps uprising any of those multi for
Sat Jun 01 01:18:06 +0000 2013,340638352573345792,Lily_Davis,the storms are north and south of my location but i hurt like crazy my body does not like the pressure changes that accompany storms
Sat Jun 01 01:18:06 +0000 2013,340638352556576768,WWEDefiance,photoset doctor who series 7 trailer
Sat Jun 01 01:18:06 +0000 2013,340638352560771073,Ms_Faith,declaring safety for all those in danger from the weather cover those areas in your blood lord
Sat Jun 01 01:18:08 +0000 2013,340638360953552896,gipsy1DXOXO, good luck sunday ill be there watching you  follow 
Sat Jun 01 01:18:09 +0000 2013,340638365139484673,Beerman_T,must have given my email to the wrong person but yes my hose is cracked and tangled #sorrynotimeforapun
Sat Jun 01 01:18:12 +0000 2013,340638377718214656,Theamteng,just reported a hazard on 3113 lebuhraya tun dr lim chong eu jelutong  using   social gps
Sat Jun 01 01:18:14 +0000 2013,340638386119380992,yosepha97,thank youu reg * gbu too
Sat Jun 01 01:18:16 +0000 2013,340638394499616769,HARLEMSTANDUPP,much attention has been paid lately to goldman sachs‚Äô decision to ‚Äúhelp‚Äù average folks aka ‚Äúthe 99%‚Äù crowd
Sat Jun 01 01:18:17 +0000 2013,340638398685515776,TyraeJohnson,happy to see  ill be trying to check up on you after your recovery
Sat Jun 01 01:18:23 +0000 2013,340638423872323584,LBaker82,yessss say his name so ill know its real lol
Sat Jun 01 01:18:24 +0000 2013,340638428058230784,bubbleoutcas,how longs the late reg for the 3pm deep stacks
Sat Jun 01 01:18:24 +0000 2013,340638428058238976,BossYungE,drug money buy ya bitch what she want
Sat Jun 01 01:18:26 +0000 2013,340638436425859072,Dnell147,invite me again n ill accept it tomorrow  clicked on link n its deleted itself gunna bed anyway mate
Sat Jun 01 01:18:29 +0000 2013,340638449029771264,JassyYummy,ill try to go bcuz im coming to the movies lol
Sat Jun 01 01:18:30 +0000 2013,340638453215670274,michi_soler,wake up ill give you has money
Sat Jun 01 01:18:31 +0000 2013,340638457414156288,jayjeystic,rt  lord bless my bread and water and take sickness away from me exod 2325 #prayer
Sat Jun 01 01:18:31 +0000 2013,340638457422544896,hungryatheist,well you and people like you are hurting them directly the harm your faith causes is the reason your faith is abominable
Sat Jun 01 01:18:33 +0000 2013,340638465823752192,JesssicaaLopezz,my skin will get darker amp my hair will seem lighter #summer2013
Sat Jun 01 01:18:34 +0000 2013,340638469988687876,SluttyKing_,""" "" ill ride with you through bullshit just dont bullshit me"""""
Sat Jun 01 01:18:35 +0000 2013,340638474212343808,MaxTheOwl,finally legitimate free email advertising  no kiddy free email advertising
Sat Jun 01 01:18:41 +0000 2013,340638499357208576,Byee_Feliciia,50 000 tears ive cried
Sat Jun 01 01:18:45 +0000 2013,340638516142809088,HeatherMcDonald,so true ‚Äú  will give you a free mammogram in the costco parking lot if you buy her book‚Äù
Sat Jun 01 01:18:48 +0000 2013,340638528734101504,xStephAspinall,want my nose pierced but im scared arrrrr fuck having a fear of needles 
Sat Jun 01 01:18:52 +0000 2013,340638545507139585,Yaraaa_xo,this headache just keeps getting worse and worse
Sat Jun 01 01:18:55 +0000 2013,340638558077460480,JennaPatrick31,my feet he never been so sore to walk on #ouch #workgrind
Sat Jun 01 01:18:56 +0000 2013,340638562259197953,Gami_Oso,im drunker than a mother fucker heres the situation 145 am the nine broken by the time a nigga get to the crib the mall open
Sat Jun 01 01:18:56 +0000 2013,340638562292727810,69_bigchiefa,put my foot on your fucking nose and call you my bitch
Sat Jun 01 01:18:57 +0000 2013,340638566466088960,rauhlindustry,that smile *holds onto chest*
Sat Jun 01 01:18:58 +0000 2013,340638570664558592,vtoria99,baby i want this baby i want this say baby ill do what it takes and i will be here all the way baby
Sat Jun 01 01:18:58 +0000 2013,340638570672963584,My_alien_,with blood shot eyes i watch you sleeping
Sat Jun 01 01:19:01 +0000 2013,340638583260082176,bazookabambino,=3= *three way cuddle with puppy* there 8d also i think if you matched with your rainbow glasses you could make rainbow work
Sat Jun 01 01:19:02 +0000 2013,340638587458580481,salvdinda,rt maestrouzy oh allah bless me with happiness and health no more tears only smile and laughs #junewish
Sat Jun 01 01:19:03 +0000 2013,340638591648681984,StalleyMMGFans,for discussion michael bloomberg says medical sticky icky is ‚Äúthe greatest hoax of all time‚Äù‚Ä¶do
Sat Jun 01 01:19:03 +0000 2013,340638591648681986,meow_francisco,im guessing red buckley was an intimidating name in the 60s oo
Sat Jun 01 01:19:04 +0000 2013,340638595809435648,JohnnyPort4,good ill keep your word on it  and theyre the best 
Sat Jun 01 01:19:05 +0000 2013,340638600028889088,Sincerely_Nash,ill never be happy being average
Sat Jun 01 01:19:09 +0000 2013,340638616818692096,AshleyTewCutee,i am non a jerk lol text me ampamp ill tell u what happen
Sat Jun 01 01:19:10 +0000 2013,340638620987846656,smilleyzmarie,follow me pwease i promise ill follow back üíã
Sat Jun 01 01:19:11 +0000 2013,340638625190510592,annemarieevanss,you amp your twisted words your help just hurts you are not what i thought you wereüé∂
Sat Jun 01 01:19:12 +0000 2013,340638629397426176,JLOVE88AD,my grandparents have been married for 60 yrs today i want that kinda endurance #matrimony
Sat Jun 01 01:19:15 +0000 2013,340638641959350272,woahlina,chance acid rapper
Sat Jun 01 01:19:19 +0000 2013,340638658740752385,World_Saver,itchy nose tired red and itchy eyes scratchy thoart cant seethere is acreason why i dont go near catsperiod
Sat Jun 01 01:19:19 +0000 2013,340638658761728001,ismussO,foto iwatchthefadinglights the words we use ft kellin quinn  building coral castle transparent
Sat Jun 01 01:19:24 +0000 2013,340638679695491073,BenTheShortall,oooh vegan korean good stuff
Sat Jun 01 01:19:26 +0000 2013,340638688121872386,OfficialResha,i hope last nights incident just a dream
Sat Jun 01 01:19:32 +0000 2013,340638713279283201,Stegyy,about to bump at hutch camp
Sat Jun 01 01:19:36 +0000 2013,340638730052313088,ssjgodZane,*grabs your leg then throws you*
Sat Jun 01 01:19:37 +0000 2013,340638734225661952,RusBaer7,‚Äú and there go the sirens ill continue to work‚Äù a pros pro  #moprepswriterproblems
Sat Jun 01 01:19:43 +0000 2013,340638759399870464,THEInnerCircle_,lol if thats all it is then thats good bcuz i have a low pain tolerance
Sat Jun 01 01:19:48 +0000 2013,340638780383965184,SJMMurphy,had to throw away lemon tree that moisturesticky gum was scale excrement also infected plant you gave me sad day
Sat Jun 01 01:19:51 +0000 2013,340638792966885377,CIMtasticMia,lol esp my mom
Sat Jun 01 01:19:51 +0000 2013,340638792979472384,K_D44,i dont think ill ever forget when me and scott couldnt get in to project x last year it sucked
Sat Jun 01 01:19:52 +0000 2013,340638797140209664,Exnorthseatiger,i was scaffolder 15 yrs site convenor 30 yrs offshore oil rigs army been a socialist all my life amp proud not stupid
Sat Jun 01 01:19:53 +0000 2013,340638801351294976,JACKIEilyy,so fucking hot busy af at work the worst cramps ever i cant even walk d
Sat Jun 01 01:19:53 +0000 2013,340638801351299072,NefariousNative,ok ill go away
Sat Jun 01 01:19:53 +0000 2013,340638801368072192,pesh_tarentino,yup ill be there
Sat Jun 01 01:19:54 +0000 2013,340638805524639744,SHBazTBone,i was in the shower when that happened mental note  shower during every phils game #verysuperstitious #musicianpun #browndelivers
Sat Jun 01 01:19:55 +0000 2013,340638809731526656,wooseieki,why does ria hate me
Sat Jun 01 01:19:58 +0000 2013,340638822327001090,nielfeels,im okay with bein wrong ill be the first to apologize
Sat Jun 01 01:19:58 +0000 2013,340638822318616577,diahfbrnaaa,i have secrets ill never to tell to anyone
Sat Jun 01 01:19:58 +0000 2013,340638822339604480,thejimmydimple,the average adult is also overweight and unfit best flu vaccination is a healthy active lifestyle imo i get it once a year maybe
Sat Jun 01 01:19:58 +0000 2013,340638822322819072,j3nnyanydots,ala anne of green gables lt3 well the hair anyway teehee
Sat Jun 01 01:19:59 +0000 2013,340638826508718080,panhead_bre012,multi window on the s3 can iphones do that i dont think so
Sat Jun 01 01:20:00 +0000 2013,340638830719807488,IWasLikeEmilio,lolz forget that tweet ill pray for you
Sat Jun 01 01:20:05 +0000 2013,340638851699720194,Dmt4Taylor,i want to run over rybitch with the ambulance
Sat Jun 01 01:20:06 +0000 2013,340638855877255168,ABM_Kidd,how do u b bored on a friday night ask me and ill tell u that bitch called rain
Sat Jun 01 01:20:07 +0000 2013,340638860075749376,aprilsmith365,viva la juicy by juicy couture 34oz 100ml edp spray  #fragrance
Sat Jun 01 01:20:07 +0000 2013,340638860075732992,LpsJennyTv,i wont be on next week for three days  its because im going to camp with my classmates for three days in the mountains sorry
Sat Jun 01 01:20:08 +0000 2013,340638864265842689,MissLaceyKay,except this headache its really dragging me
Sat Jun 01 01:20:08 +0000 2013,340638864265846785,blumkakke,george zimmerman has gained 110 pounds since being charged with the murder of trayvon martin looks like guilt is suppressed by ice cream
Sat Jun 01 01:20:09 +0000 2013,340638868443377664,masonhawkins3,i guess ill find out tomorrow üòïüî´
Sat Jun 01 01:20:12 +0000 2013,340638881059860480,Malsharifi,"""show me your actions and ill tell you who you are"" very well articulated reverend"
Sat Jun 01 01:20:12 +0000 2013,340638881059852288,Danielle_nunezz,ill watch after earth on tuesday cause its cheaper
Sat Jun 01 01:20:13 +0000 2013,340638885233184770,CFAinstitute,update we can no longer administer cfa exam in istanbul on 1 june affected candidates check your email or visit
Sat Jun 01 01:20:16 +0000 2013,340638897799307265,bruniinha_pw,even if it is beyoud this life ill be waiting
Sat Jun 01 01:20:16 +0000 2013,340638897803509760,SharoneBrazza,ill es au bled le pitsaain
Sat Jun 01 01:20:17 +0000 2013,340638902031380480,NaylaDMessiah,#cancer will always give you a fair chance to do the right thing but they will not wait forever and once that time is gone so are you
Sat Jun 01 01:20:18 +0000 2013,340638906217271296,Glocksquvd,bruh ill talk to my boy bout letting yiu borrow the k
Sat Jun 01 01:20:18 +0000 2013,340638906208899072,leyawnuhh,should just automatically add 510 minutes to the time that i say ill be over #slowpoke üêå
Sat Jun 01 01:20:20 +0000 2013,340638914580738048,Polo_Maniac17,how yu figure ima fear yu  yu bleed and shed tears da same way i do
Sat Jun 01 01:20:21 +0000 2013,340638918779207680,jennifermai159,my other calendar is a packet of birth control pills
Sat Jun 01 01:20:25 +0000 2013,340638935548047361,kenhdulichhue_,i just hit my toe on the coffee tableim in tears
Sat Jun 01 01:20:28 +0000 2013,340638948143554560,letmebeangel,"retweet this‚ôªüòò

ill follow youüöóüí®

you follow backüöôüí®

everyones happyüòÑ

no followback=unfollowedüòù"
Sat Jun 01 01:20:29 +0000 2013,340638952325271553,cubibeobeo,doctor smurf prescribes cakes pies and smurfberries as part of a healthy diet  #smurfsvillage
Sat Jun 01 01:20:29 +0000 2013,340638952329474048,aljemill,my other calendar is a packet of birth control pills
Sat Jun 01 01:20:31 +0000 2013,340638960739053568,XAlbzzDutchesX,ill let god be my light to success after all the blows ive become a stronger man and been enlighten to take right decision you only live 1
Sat Jun 01 01:20:31 +0000 2013,340638960734842880,Evad3r,see that‚Äôs why it‚Äôs a dumbass test too lazy to look at my location lol
Sat Jun 01 01:20:31 +0000 2013,340638960751620096,MakenzieJaneee,made dad laugh so hard his stomach hurt and now both of our days are made ‚ù§üòÑ
Sat Jun 01 01:20:36 +0000 2013,340638981693779969,InsaneLove__,my stomach is hurting dawg
Sat Jun 01 01:20:37 +0000 2013,340638985900666881,Obeycarloss,shut up amp give me another shot 
Sat Jun 01 01:20:38 +0000 2013,340638990111752192,HoldMyPEARLS,bridget kelly x special delivery
Sat Jun 01 01:20:43 +0000 2013,340639011079077888,WendyyKayy,you throw words at me prepared to be abolished
Sat Jun 01 01:20:44 +0000 2013,340639015269175297,_BoyzInBlue,hope = hold on pain ends
Sat Jun 01 01:20:47 +0000 2013,340639027860480000,rulitos_ls,i dont think ill try dear john gosling impressed me in crazy stupid love but notebook was #ott #sobregustonohaynadaescrito
Sat Jun 01 01:20:48 +0000 2013,340639032050593792,keepsAhBadBitch,all the fcking chinese joints talking crazy tombout itll take ah hour or two for a delivery order  #w #t #füò°
Sat Jun 01 01:20:50 +0000 2013,340639040418222080,DVDs4YOU,tv movies lillian gish helen hayes connie stevens catherine hicks bob crane ruby dee julie andrews
Sat Jun 01 01:20:53 +0000 2013,340639053013729281,KateyDubsWalsh,life in my stomach  i feel you kicking little angel don‚Äôt worry ‚Äòbout the sorrow cause mummy‚Äôs gonna be
Sat Jun 01 01:20:54 +0000 2013,340639057187065856,philosiblog,"thx  ""control your thoughts they may break into words at anytime""  via  #philosophy"
Sat Jun 01 01:20:55 +0000 2013,340639061402337280,BieberIsAngel_,i have no words to describe is very perfect lt3
Sat Jun 01 01:21:02 +0000 2013,340639090775056385,alizarin77,bilbo is dr watson lol i love it #sherlock
Sat Jun 01 01:21:03 +0000 2013,340639094969339904,gawrjeousss_,its always some shit but a bitch never wanna fight get it off your chest if its pressure 
Sat Jun 01 01:21:08 +0000 2013,340639115911499776,ArantxitaSmiler,foto refluent weight of living von mahin fayaz
Sat Jun 01 01:21:09 +0000 2013,340639120097439744,andrew_foxx24,i need more muscle weight 
Sat Jun 01 01:21:10 +0000 2013,340639124321095680,lilblood_DAkid,lil blood blog  blue cup behind the scenes
Sat Jun 01 01:21:18 +0000 2013,340639157854547969,Team_Erykah,yay okay  well ill be there tomorrow amp sunday one of those days i have to work backstage for sure but ill see you
Sat Jun 01 01:21:19 +0000 2013,340639162044645376,Maknae_Sehun181,idk just thought i would share that with you guys no one care tho so ill just go back to being in mentions
Sat Jun 01 01:21:23 +0000 2013,340639178851221505,NUMEROUNONURSE,"prayer request up for my cousinstheir mom was rushed in for emergency surgery
#thanksinadvance"
Sat Jun 01 01:21:23 +0000 2013,340639178817695744,MarcusKitchens,bout to head to the desert to camp for the weekend
Sat Jun 01 01:21:24 +0000 2013,340639183049744385,sinkulove,get cut up for the summer as seen exclusively on dr oz ive already lost 3 lbs this week
Sat Jun 01 01:21:28 +0000 2013,340639199822749696,febriFDR,rt  #cancer can fall for anyone but they only want to really be with one *special* person
Sat Jun 01 01:21:38 +0000 2013,340639241749028864,jatnnaleone,thank you so much von
Sat Jun 01 01:21:38 +0000 2013,340639241736425474,riellechwart,i dont understand why guys still wear pants all the way down to their knees üôà #no
Sat Jun 01 01:21:39 +0000 2013,340639245939113984,Lowkey__Chris,itll buy you whatcha want ‚Äú drug money‚Äù
Sat Jun 01 01:21:39 +0000 2013,340639245955907587,samburgheim,ill start reading in august #ittiscalledsummerbreakforareason
Sat Jun 01 01:21:40 +0000 2013,340639250141822976,shaunkr2009,5k before work than insanity max cardio and now im working on 100 burpees pouring sweat #push #workout #insanity #beachbody coach #fitness
Sat Jun 01 01:21:41 +0000 2013,340639254331920385,goodweed13,where the fuck are the xanax jesus christ wtf
Sat Jun 01 01:21:42 +0000 2013,340639258534617088,JevenSteakobson,im a moron but ill be honest ive contemplated this many a time
Sat Jun 01 01:21:46 +0000 2013,340639275307655168,REALJ_STAR,"yuh a go bullet up the show lata @ island vibes sport bar and grill in greenwood mobay ""bosses in black"""
Sat Jun 01 01:21:48 +0000 2013,340639283683676160,007stranger,son of neptune arrives a pub day treat the map of camp jupiter  minor content spoilers
Sat Jun 01 01:21:54 +0000 2013,340639308849500160,beckalheureux,you be my glass of wine ill be your shot of whiskey
Sat Jun 01 01:21:56 +0000 2013,340639317233913856,_kinggregg,i hate how teachers act like we only have to study for their exam
Sat Jun 01 01:22:03 +0000 2013,340639346623397891,_SilentGirl,*wakes up on the ground weakly* blood need blood
Sat Jun 01 01:22:03 +0000 2013,340639346610823168,__JustADream_,i guess ill be twitters bestfriend again  lol
Sat Jun 01 01:22:04 +0000 2013,340639350813519872,Sanchez_kkay,mom cooked for meyes please ill take it 
Sat Jun 01 01:22:06 +0000 2013,340639359172755456,TimothyErlangga,liver problems can not be made messing around  so trying to get a best  i
Sat Jun 01 01:22:08 +0000 2013,340639367590715393,chilledziall,im spitting blood how do you know niall was masturbating in the tesco parkibg lot whaf
Sat Jun 01 01:22:10 +0000 2013,340639375987728384,GoonerAbz,theo walcott dived once and he straight away admitted to it and said sorry 3 years later and he hasnt done once
Sat Jun 01 01:22:11 +0000 2013,340639380156846080,MariMissT,#bzbootcamp melissa is such a hoe i dont know why she think shes all that because she needs a nose job
Sat Jun 01 01:22:12 +0000 2013,340639384372137985,lucasromano123,ya i am just tell me tye name and ill mssg u yes or no
Sat Jun 01 01:22:17 +0000 2013,340639405343649793,oskyldig,words cant express it he was my skinny doubles partner tennis and now he looks unnatural and im afraid of him
Sat Jun 01 01:22:21 +0000 2013,340639422116687872,_Zeam,txt me bro dis shit is urgent
Sat Jun 01 01:22:22 +0000 2013,340639426285797378,MARLOMINAJ,i have no neck i am so fat
Sat Jun 01 01:22:22 +0000 2013,340639426306772993,benji_dubon,39 million is not enough its enough and when the figures get to that height to say they were shortchanged is just greedy
Sat Jun 01 01:22:23 +0000 2013,340639430513684481,rorakk,suddenly a grotesque body falls from the sky flat breast long hair excessively lacking of flesh a witch harpy urgh #nedstarkchronicles
Sat Jun 01 01:22:24 +0000 2013,340639434695397376,AHarmonyMusic,so tried yorkshire pudding today never afuckinggain
Sat Jun 01 01:22:25 +0000 2013,340639438889693184,LuisDMND,got me breathing with dragons 
Sat Jun 01 01:22:26 +0000 2013,340639443067215873,MiiMiiFr3sH,glitzy ent post last day #workin for someone else #leftearly #smh #houston
Sat Jun 01 01:22:32 +0000 2013,340639468258213888,ExoticTroi,""" ill be burger king and you be mcdonalds ill have it my way and youll be lovin it"""
Sat Jun 01 01:22:33 +0000 2013,340639472427356160,thatdamncourt,ill pass ole dirty foot ass hoe
Sat Jun 01 01:22:38 +0000 2013,340639493411442690,OceanB_,lmaort  ‚Äú you that blind bro ‚Äú lost my glasses in the ocean 
Sat Jun 01 01:22:39 +0000 2013,340639497588965376,shir_fer18,"‚Äú ""your words mean nothing when your actions are the complete opposite""‚Äù"
Sat Jun 01 01:22:40 +0000 2013,340639501783269376,ReemaSM_,youre life is miserable ‚ô°
Sat Jun 01 01:22:43 +0000 2013,340639514366197762,__NiniPanini,i dont deserve this life  ill make the perfect wifeeeeeeeeeeeeeeeeeeeeeeee
Sat Jun 01 01:22:43 +0000 2013,340639514399752193,Q_Zilla22,out of habit i pull out my nautilus card to get in my crib lol
Sat Jun 01 01:22:44 +0000 2013,340639518577287169,Elzzik,asians dont tube
Sat Jun 01 01:22:46 +0000 2013,340639526970064897,BrandonKoisty,dopeness on acid
Sat Jun 01 01:22:46 +0000 2013,340639526949122048,kristal075,i like serasly love u yur ma role model sum deep feeelings#tru words
Sat Jun 01 01:22:50 +0000 2013,340639543734718464,Laikey_,you wont rt ‚Äú if that tornado gets in my face ill drop that mother fucker‚Äù
Sat Jun 01 01:22:52 +0000 2013,340639552119123969,djmf407,i failed my interview  but its ok ill not give up ill try again
Sat Jun 01 01:22:52 +0000 2013,340639552140087296,Oohoo3,rate shock in california obamacare to increase individual health insurance premiums by 64146%  forbes
Sat Jun 01 01:22:52 +0000 2013,340639552144297985,orourke_anthony,lowe im emosh cause ur lea in lol inn in tears with iannnn waahhhhhh xxx
Sat Jun 01 01:22:53 +0000 2013,340639556338597890,ballxwow,great news our site is up and running again thank you so much for your patience everyone
Sat Jun 01 01:22:54 +0000 2013,340639560507740160,fedecomella,"holy words man
"
Sat Jun 01 01:22:57 +0000 2013,340639573099040770,Haarajuku810,if this headache would go away
Sat Jun 01 01:22:59 +0000 2013,340639581504425984,_leexxdxo,‚Äú i love dr pepper‚Äù rt
Sat Jun 01 01:23:00 +0000 2013,340639585702920192,DOMINICBOWMAN,ill call you tomorrow
Sat Jun 01 01:23:11 +0000 2013,340639631831887872,TheTrueViking, bending his knees looking very much like an overgrown toddler as he sits beside her on the towel you should be the one who 
Sat Jun 01 01:23:15 +0000 2013,340639648604889088,scoobymeel,so how bout this ride to panda express ill get u some chicken
Sat Jun 01 01:23:15 +0000 2013,340639648604909568,heyitscourtney1,i have the biggest headache right now
Sat Jun 01 01:23:16 +0000 2013,340639652803383296,convolutedvol,‚ô´ lies of serpents a river of tears ‚Äì zao  #nowplaying
Sat Jun 01 01:23:16 +0000 2013,340639652782428163,Helengeorge10,why follow me because ill follow you back #gain
Sat Jun 01 01:23:17 +0000 2013,340639657001893888,ElisabethMary3,"""i think i broke my liver""  üëèüëèüëè"
Sat Jun 01 01:23:23 +0000 2013,340639682167705600,ExplainHealth,#vitamins symptoms and causes of vitamin b3 deficiency
Sat Jun 01 01:23:24 +0000 2013,340639686345244673,annie_savoy,ouch birdman suspended one game difference maker in indiana or not #ecf
Sat Jun 01 01:23:27 +0000 2013,340639698919780352,_l0vekelsey,when people twist your words lt
Sat Jun 01 01:23:28 +0000 2013,340639703114076160,ForestLeigh,when your best friend elbow texts you
Sat Jun 01 01:23:29 +0000 2013,340639707329347585,AlbertxLeonardo,ill make for those whos never sees my face confused v
Sat Jun 01 01:23:30 +0000 2013,340639711532044288,AlexxxxReneeeee,""" scooby dooby hound where art thou the hour of thy daily toil hath come"""
Sat Jun 01 01:23:32 +0000 2013,340639719895482369,JGallagher32,finally got paid today which means one thing time to set up my tattoo appointment
Sat Jun 01 01:23:33 +0000 2013,340639724081405952,Mr_GerardCooke,urgent petition pressuring erdoƒüan to stop the crackdown and the destruction of gezi park join me #occupygezi
Sat Jun 01 01:23:33 +0000 2013,340639724114956289,OneTHiCKBiHH,i go through a lot  but regardless i keep a smile on my face #a #smile #can #hide #tears
Sat Jun 01 01:23:36 +0000 2013,340639736660115457,sidnee_morgan,is what it is dont stress over something when the outcome is gonna be the same no matter what
Sat Jun 01 01:23:37 +0000 2013,340639740854407169,t0xicb4rbie,painful secrets is such a good film
Sat Jun 01 01:23:37 +0000 2013,340639740892180480,KingMcNary_NNE,ill go when they make it to state
Sat Jun 01 01:23:42 +0000 2013,340639761838514176,MirelyTroncoso,mirely chatnelly yo estar triste
Sat Jun 01 01:23:47 +0000 2013,340639782805831681,Verdejo_Kayla,from laying on my stomach half the time my back is a shade darker then my front ugh
Sat Jun 01 01:23:51 +0000 2013,340639799583068160,TeeKayTex,"rats broken glasses now i only have ""glass"" as my boy said"
Sat Jun 01 01:23:52 +0000 2013,340639803802529792,KingMeech_,the tears are real
Sat Jun 01 01:23:53 +0000 2013,340639807984254976,im_lenaberry,post run quinoa im healthy üíÅ loljk ill eat trifle tomorrow
Sat Jun 01 01:23:54 +0000 2013,340639812170182656,MaddieFulop,i have the worst headache from crying so much
Sat Jun 01 01:23:58 +0000 2013,340639828934787072,cmccncjdb,oh lol yeaaaah no all of a sudden ill see a tweet and be like who tf are you
Sat Jun 01 01:23:59 +0000 2013,340639833133314048,geenbean10,""" you be my glass of wine ill be your shot of whiskey blake shelton"""
Sat Jun 01 01:24:02 +0000 2013,340639845741375488,_elizabethhRose,alright ill let you know  amp i wish you were going lol
Sat Jun 01 01:24:02 +0000 2013,340639845716197376,hesfuckin,my dad is giving me shit saying ill get zapped by lightning being on my phone during a storm
Sat Jun 01 01:24:07 +0000 2013,340639866696126464,ronnie_zenglin,people say that the bad memories cause the most pain but actually its the good ones that drive you insane
Sat Jun 01 01:24:08 +0000 2013,340639870903013376,Your_Lovin,loool when i gone carry out the garbage for my step mumy the boy come say ill carry it princess i sayyy ______________ and run
Sat Jun 01 01:24:14 +0000 2013,340639896047865856,darylawestt,as long as im where your at ill have a real good view  
Sat Jun 01 01:24:17 +0000 2013,340639908647538688,derifieldmorgan,when eric farts and frankie looks around and then rubs his nose #classic
Sat Jun 01 01:24:20 +0000 2013,340639921247244290,ZachWilliamson_,spring football camp starts monday #thankthelord
Sat Jun 01 01:24:24 +0000 2013,340639937995087872,hidaayahali,""" oh allah bless me with happiness and health no more tears only smile and laughs #junewish"""
Sat Jun 01 01:24:26 +0000 2013,340639946396291073,JohannaLAWR,ill have to pass üò¨
Sat Jun 01 01:24:29 +0000 2013,340639958987587584,doriiLP98,con  en  con el stevie ray vaughan award
Sat Jun 01 01:24:30 +0000 2013,340639963190272003,scjdoose,worried verguson getting chuck knoblach disease #rube362436
Sat Jun 01 01:24:34 +0000 2013,340639979954900994,LouisWeasleyx,sighs relief tthanks closes his eyes allowing himself to sleep
Sat Jun 01 01:24:34 +0000 2013,340639979950731264,CoolLowSSG,ain even been out the crib yet amp im feeln good already #fuckit #bdayweekend #june1st  #turnup
Sat Jun 01 01:24:35 +0000 2013,340639984153411585,SolidBetaHound,worst headache in months
Sat Jun 01 01:24:37 +0000 2013,340639992525234176,mixeduppainter,if hes lucky ill give him a bigger part in the novel later but for now hands off lt
Sat Jun 01 01:24:39 +0000 2013,340640000939008001,Hysterical_Gent,my left leg is shot
Sat Jun 01 01:24:44 +0000 2013,340640021910544384,MsPerfect10x,lol i know right are you watching marriage boot camp 
Sat Jun 01 01:24:45 +0000 2013,340640026071298050,Biebspsempre,know that i will always be with you ‚ô• when you smile ill smile at you and when you cry ill dry your tears i love you ‚ô• ‚ô´
Sat Jun 01 01:24:45 +0000 2013,340640026088075264,nc_2000,rain is about 23 hrs but heading our way
Sat Jun 01 01:24:47 +0000 2013,340640034476670976,HaleyTadd,sometimes i feel bad for riley and then i remember all the mean things shes done to me and then i just want to hit her
Sat Jun 01 01:24:47 +0000 2013,340640034459885568,reneeeng_eng,juz finished check up at health promotion broad saw national dental centre the place where she fixes her bracesss
Sat Jun 01 01:24:48 +0000 2013,340640038649987074,NuuYawker,i need a workout buddy to help me get my stomach toned
Sat Jun 01 01:24:48 +0000 2013,340640038679351296,clarissamarchia,cough cough
Sat Jun 01 01:24:51 +0000 2013,340640051266457600,AxeCo2Tax,drummer lee rigby could only b identified by his dental records he was so badly mutilated by islamist muslims on busy london street #auspol
Sat Jun 01 01:24:53 +0000 2013,340640059621523456,bookmktg,my secret life with a sex addict  #recovery #sexaddiction will make you think thats a good thing
Sat Jun 01 01:24:54 +0000 2013,340640063832600576,SandyAlz,sponge bath for late stage alzheimers  dementia patient   alzheimers support
Sat Jun 01 01:24:57 +0000 2013,340640076432277504,svynmrrw,lol this is true this is my comic relief because this storm had me acting a fool
Sat Jun 01 01:24:59 +0000 2013,340640084808302592,cocollena,wanna talk like a little bitch ill treat you like a bitchüòÑ stupid ass kids
Sat Jun 01 01:25:05 +0000 2013,340640109969960961,SWiltfong247,the top ol in the state of indiana decatur centrals lukayus mcneil wins state title in shot put 616
Sat Jun 01 01:25:05 +0000 2013,340640109986738176,CN_MIRAcle,"skarf having their comeback soon
""luv virus"""
Sat Jun 01 01:25:05 +0000 2013,340640109982539776,wesharkness1,ewwwwwwwwwwwwwwwwwwwwwwwwwwwwwwwwwwwwwwwwwwwwwwwwwwwwwwwwwwwwwwwwwwwwwwww sanitizer stat
Sat Jun 01 01:25:07 +0000 2013,340640118366937088,no_jxss,my stomach is making me cry
Sat Jun 01 01:25:09 +0000 2013,340640126730399744,irresisTAYble_,this show aint good for my health
Sat Jun 01 01:25:10 +0000 2013,340640130941476864,ashnicoleee01,had my mcds and got my phone charged to 98%‚úå
Sat Jun 01 01:25:11 +0000 2013,340640135119003649,andreabrzez,urgh headache üò´üò≠
Sat Jun 01 01:25:15 +0000 2013,340640151917182976,NHRA,"tf #1 clay millican ""we tested some new parts in topeka and i think it was one of our most successful test sessions ever"" #nhra"
Sat Jun 01 01:25:18 +0000 2013,340640164487503872,hanniebabex3,alright bitches its a step in the right direction #cheerleadingisnowconsideredasport #icu #letsgo #usasf
Sat Jun 01 01:25:18 +0000 2013,340640164495896576,tucker9495,i stole them from people at school on accident x
Sat Jun 01 01:25:19 +0000 2013,340640168686002176,Sof_Moreno,mal dia donde
Sat Jun 01 01:25:21 +0000 2013,340640177091407873,KMackensey,wearing my glasses all day has given me such a bad headacheüò≥üò≠
Sat Jun 01 01:25:22 +0000 2013,340640181273108481,stanfordbuzztap,cardinal report rivals gtgt rhules camp draws some big names
Sat Jun 01 01:25:24 +0000 2013,340640189682692096,EndToMadness,come on out of my chest so we can talk dear
Sat Jun 01 01:25:24 +0000 2013,340640189644939264,AleehCuuh,pos que no as echo ehh so youre not going next year  but wtf is your last year you have to be there with no buts 
Sat Jun 01 01:25:33 +0000 2013,340640227414646784,MONsterGuyy,after i confirmed my cap and gown didnt nothin else matter except for this damn math placement test for howard _ üò©
Sat Jun 01 01:25:33 +0000 2013,340640227423043585,GloryRichard,ill do the best
Sat Jun 01 01:25:34 +0000 2013,340640231600574464,Kelly_TakeMeOut,so a bird flew into our fuselage of the nose of the plane and now stuck in fucking pakistan 
Sat Jun 01 01:25:35 +0000 2013,340640235794857984,martosinger,"suicidandome con ""more than words"" "
Sat Jun 01 01:25:37 +0000 2013,340640244183465985,jessdenn06,you know your close when your glasses bang together #nerdprobs
Sat Jun 01 01:25:38 +0000 2013,340640248390373376,BettyeBear,yes tea party will have to rule all rinos still glassyeyed bc o spoke 2 them after 4 yrs
Sat Jun 01 01:25:38 +0000 2013,340640248369405952,TakeAJillPilll,guess ill go back to studying so lee doesnt go off on me
Sat Jun 01 01:25:44 +0000 2013,340640273543598081,BushHodges,factors towards reason about till programming iphone patience
Sat Jun 01 01:25:47 +0000 2013,340640286134898688,love_hlc,whyyyyy does every where piss test like shits boutta be legal why you clockin
Sat Jun 01 01:25:47 +0000 2013,340640286134910977,DaytonaBch_Buzz,#jobsearch licensed practical nurse full time at sma behavioral health services daytona find this jobampmore
Sat Jun 01 01:25:50 +0000 2013,340640298696859648,NewsMarkBiz,e coli cases in stephens county investigated toccoa #greenjobs #mobile #compost #poker #greentweets #crowdfunding
Sat Jun 01 01:25:52 +0000 2013,340640307114819584,charzarfaux,audio comehomelouis grinchamnlarry harry styles i‚Äôll call yeah i‚Äôll call you back‚Ä¶ nick grimshaw
Sat Jun 01 01:25:54 +0000 2013,340640315503423488,L1V3M1K3,dr peter venkman in 1st round killed his sleeper value imo #reach #broknowsfilm
Sat Jun 01 01:25:54 +0000 2013,340640315503435776,shelbbywright,whens the next doctor appointment ill come if im not workinglt3
Sat Jun 01 01:25:56 +0000 2013,340640323862659072,iamicaaahtot,i cant be your superman but for you ill be superhuman lt3
Sat Jun 01 01:26:00 +0000 2013,340640340673454081,health_issues,join the race to crack cancer  this is nottingham this is nottinghamjoin the race to crack cancerthis is not
Sat Jun 01 01:26:00 +0000 2013,340640340673433602,TayAnd10,excited to get in shape so i can get my rib tattoo in september #excited #yayyy
Sat Jun 01 01:26:02 +0000 2013,340640349036883968,Jahmari_jones,my leg  üò©
Sat Jun 01 01:26:02 +0000 2013,340640349053665280,yazmincake,never on the look out for sympathypity your words of comfort lies mean nothing
Sat Jun 01 01:26:05 +0000 2013,340640361632370688,Abzzster,sore throat #fuckyou
Sat Jun 01 01:26:09 +0000 2013,340640378422190080,iAllisonMichele,ill take an earthquake over a tornado
Sat Jun 01 01:26:09 +0000 2013,340640378392813569,Run_Mickey_Run,kick some ass ill be cheering from my house  watching it live on my laptop on
Sat Jun 01 01:26:10 +0000 2013,340640382612303873,whatsaliam,ill remember this
Sat Jun 01 01:26:11 +0000 2013,340640386814971904,jeaneviah,omg these cramps are fucking killing me and i cant take it  tomorrow im gonna invest in a damn heat pad  =
Sat Jun 01 01:26:12 +0000 2013,340640390984122368,Bruno_marzes,ill never date a white dude theyll have me doin the  cow boy dougie in the club i dont have the time
Sat Jun 01 01:26:12 +0000 2013,340640390979932161,kiahosborne,genuinely happy again
Sat Jun 01 01:26:14 +0000 2013,340640399364333568,CleighMoores,after a night of studying hard for our group assignment on there will be blood  got this stuck in my head
Sat Jun 01 01:26:19 +0000 2013,340640420331663364,AFutureDancer,okay ill try
Sat Jun 01 01:26:20 +0000 2013,340640424551149568,OurWellnessWay,skin renew cream with essential oils coconut oil with lavender melaleuca and frankincense helps w  problems
Sat Jun 01 01:26:20 +0000 2013,340640424542748672,lydsterj2w,mayo clinic jobs administrative assistant job rochester mn us job posting number 24074brjob posting tit
Sat Jun 01 01:26:20 +0000 2013,340640424542740480,dhyadaniar,aaa samoyed‚ô•‚ô•‚ô• [pic] ‚Äî
Sat Jun 01 01:26:24 +0000 2013,340640441324142592,roxradio,ordo rosarius equilibrio amp spiritual front  the pleasure of pain
Sat Jun 01 01:26:28 +0000 2013,340640458101387264,mahirrahmed93,okay okay dont stress now shuna
Sat Jun 01 01:26:28 +0000 2013,340640458118135808,JustCoolin_Dre,yes finally got approved to take my exam now i shall wait for this code
Sat Jun 01 01:26:30 +0000 2013,340640466477400064,narryblackhole,im omw to a hospital rn
Sat Jun 01 01:26:31 +0000 2013,340640470684299264,MegsMoxie,completed her food and exercise diary for 05312013 and was under her calorie goal  #myfitnesspal
Sat Jun 01 01:26:32 +0000 2013,340640474882793472,CharlesGnilka,hey mother nature can you give oklahoma a break leave the tornadoes to cheesy cgi movies on syfy for a while tia #okctornado
Sat Jun 01 01:26:33 +0000 2013,340640479064489984,SkypeTherapist,online therapy for social anxiety amp agoraphobia  youtube  please contact me to schedule a session please retweet
Sat Jun 01 01:26:35 +0000 2013,340640487478280192,RJDaChef,can u like amp share this music video *shot n the woods #greenmoneymafia
Sat Jun 01 01:26:40 +0000 2013,340640508420444160,blueeyed3eek,exactlyxx i want to squeeze them so tight and never let gox i wanna take them home with mex
Sat Jun 01 01:26:43 +0000 2013,340640521007529984,nikkita_leigh,the ending to million dollar baby always has me in tearsüò≠üò≠üò≠üò≠üíî
Sat Jun 01 01:26:44 +0000 2013,340640525222821889,mtrenchfan2000,get cut up for the summer as seen exclusively on dr oz ive already lost 3 lbs this week
Sat Jun 01 01:26:46 +0000 2013,340640533582065664,Electfro,"the worst time in a mans life is the 3 seconds of anticipation before the doctor shoves a 6"" wooden qtip up your dick hole"
Sat Jun 01 01:26:47 +0000 2013,340640537784750081,kenny2274,another shot of the kreo cobra water base im building
Sat Jun 01 01:26:48 +0000 2013,340640541995827201,ItAinMatter,back n forth between smackdown and marriage boot camp
Sat Jun 01 01:27:02 +0000 2013,340640600686727168,dustiannemarieh,real life booger #booger #someonepickedtheirnose #nosepicker #nose #gross #bathroom #restroom
Sat Jun 01 01:27:03 +0000 2013,340640604881039362,BrittaniWilkins,[blog] #p90x day 23 synergize me baby  #tonyhorton #beachbody
Sat Jun 01 01:27:03 +0000 2013,340640604885250048,MrCeddyJay,ill follow if youre interesting  #followfriday
Sat Jun 01 01:27:04 +0000 2013,340640609108897792,a_crisci,no matter how many times life lets you down there is always the same pain from dissapointment when you get let down
Sat Jun 01 01:27:05 +0000 2013,340640613282230272,Ken__Carson,youre reckless breh how about we have a fire at your crib
Sat Jun 01 01:27:05 +0000 2013,340640613278027776,pattypaminta,ohhhh deymmmm man so sad okay ill pray for your okc youre too caring pare 
Sat Jun 01 01:27:05 +0000 2013,340640613269663744,Akki_mechos,apple takes applecare service technician training online drops recertification exams
Sat Jun 01 01:27:06 +0000 2013,340640617476534272,LoveeeeYourself,next time ill take care of it haha i like being mean
Sat Jun 01 01:27:07 +0000 2013,340640621662449664,NoLawEnt,aint gotta sell dope 2 ball  young blu  ball shot by    alomost 5k
Sat Jun 01 01:27:07 +0000 2013,340640621679218689,SweetNOSugar,i wish i could get a running start amp soar to my victory  but i can`t fly with 1 wing  heaven help me  no matter how hard i try i can`t 
Sat Jun 01 01:27:10 +0000 2013,340640634253754368,natalyabianchi_,thank you ill see you again
Sat Jun 01 01:27:11 +0000 2013,340640638460641280,sirdaily32,""" faithfulness is a #cancer trait they dont cheat""faithful to thee"
Sat Jun 01 01:27:13 +0000 2013,340640646849249280,b_alim1,kingdom of a thousand‚Ñ¢ the first scifi epos invention of scifi absolute ¬© eftos ent
Sat Jun 01 01:27:14 +0000 2013,340640651030970370,PhotoRestore14,back to the future ‚Äî hungarian photographer kerenyi zoltan interposed historic photographic images over photos of
Sat Jun 01 01:27:16 +0000 2013,340640659440541696,icedelishis,‚Äú  mek mi know when you reach ill bring the stuff to you instead‚Äùyou coming wiiii hahaha diddy have car
Sat Jun 01 01:27:18 +0000 2013,340640667820752898,madcools,just got wished a happy early birthday from the bouncer looks like ill be 24 on june 4th ill drink to that ‚ò∫üçª
Sat Jun 01 01:27:20 +0000 2013,340640676200984576,gabygenao,i am extraordinarily patient provided i get my own way in the end  margaret thatcher
Sat Jun 01 01:27:20 +0000 2013,340640676196798464,KuntreeBoii_Q,if you didnt hear me the first im not repeating myself the second time im not a parrot on a pirates shoulder
Sat Jun 01 01:27:25 +0000 2013,340640697164124160,CanisSkye,"i hate the bot in ygopro because its dumb  gtlt""   i wanna test decks without the use of actual people somtimes lt"
Sat Jun 01 01:27:28 +0000 2013,340640709742821376,Esguiao,the hospital is on a weather plan 2 so we have to stay inside until it drops to a 1
Sat Jun 01 01:27:29 +0000 2013,340640713945522177,LyndaBecerril,drug test sure what drugs are we testing
Sat Jun 01 01:27:29 +0000 2013,340640713932951552,jonathonmico,rip shot glass
Sat Jun 01 01:27:30 +0000 2013,340640718148222981,ChasingChasity,omfg united blood services harasses me more than any telemarketer i know _
Sat Jun 01 01:27:30 +0000 2013,340640718152429568,elise_rachel,ill follow her if you follow
Sat Jun 01 01:27:32 +0000 2013,340640726532624384,iam_KingSeven,mahal the faith healer said ill have a bright future abroad is this the sign ive been waiting for x
Sat Jun 01 01:27:33 +0000 2013,340640730747916288,kimchoppie,come to san fran ill be your tour guide loads of us brits would come watchoh bring tea bags
Sat Jun 01 01:27:35 +0000 2013,340640739115552769,LetsQuoteComedy,lmao if you want to laugh till your stomach hurts then #follow   for nonstop #epic funny tweets
Sat Jun 01 01:27:38 +0000 2013,340640751698464768,_vanesssav,ill follow her if you follow me first
Sat Jun 01 01:27:39 +0000 2013,340640755905359873,EquestriaDark,drawfiend 151 havent had a nurse header in a while have we time to fix that enjoynsfw after the breakso
Sat Jun 01 01:27:46 +0000 2013,340640785257082881,TwistedAddicted,ill take that
Sat Jun 01 01:27:46 +0000 2013,340640785261264896,smokiemeats,"thanks im trying im sure ill live to tweet another day all of twitter gives a collective ""sigh"" hey i heard that"
Sat Jun 01 01:27:48 +0000 2013,340640793641512961,SmilersLove1123,watching  on her 2011 #gypsyhearttour performing #twomore lonelypeople from #cantbetames
Sat Jun 01 01:27:50 +0000 2013,340640802042695680,missmaurarose,looking for a house to stay at a bedroom a bed a closet ill sleep on the floor anything plz
Sat Jun 01 01:27:50 +0000 2013,340640802051063808,_katielea_,üòí well ill probs be back around 7 ish
Sat Jun 01 01:27:51 +0000 2013,340640806224400385,shortiiiiieeee,maybe ill talk to my pillow instead 
Sat Jun 01 01:27:52 +0000 2013,340640810418704385,Vannykins_310,this headache is killing me üò©üò≠
Sat Jun 01 01:27:52 +0000 2013,340640810427097088,Bradferd_150,test my patience  i dare you
Sat Jun 01 01:27:56 +0000 2013,340640827208527873,MissingYu_011,ca cee cee talkin bout ha nose clog  ha eyes needa clog
Sat Jun 01 01:27:59 +0000 2013,340640839770451968,cee_emm_eye,i know im gonna cry tomm regardless  of the friends ive lost and gained ive had so many memories ill def miss high school üéìüéâüéä
Sat Jun 01 01:28:03 +0000 2013,340640856568651776,frankdean6,ill be home around 10 30
Sat Jun 01 01:28:04 +0000 2013,340640860762935296,Menzii_,good girl p oh and i tried to facetime you but it didnt work you sure its the right email
Sat Jun 01 01:28:05 +0000 2013,340640864965623810,OMGitsJR,ill come to your crib right now i just want to use it ill give it back i promise
Sat Jun 01 01:28:05 +0000 2013,340640864953053185,AwakingToDreams,~gt ~reaching for s plate i smile coyly~ here ill take that
Sat Jun 01 01:28:19 +0000 2013,340640923681714176,NottyBoyxxx,oh thats terrible  i really hope you feel better soon sweetie also hope u went to the doctor amp got some meds get well
Sat Jun 01 01:28:21 +0000 2013,340640932070305792,isabelmuralles,lohanthony really annoys me but he makes good tweet so im torn
Sat Jun 01 01:28:24 +0000 2013,340640944640626689,cheshirecat98,does anyone have skin cleanser that works nicely
Sat Jun 01 01:28:26 +0000 2013,340640953008259072,sailormarii,my dad put in the new tile plastic shit but there was reason why i wanted that too wait till tomorrow
Sat Jun 01 01:28:26 +0000 2013,340640953029251072,hodgkinlymphoma,mother and daughter diagnosed with same cancer at same age  #hodgkinslymphoma #lymphoma
Sat Jun 01 01:28:29 +0000 2013,340640965628936192,alda_christy,welcome june‚òÄwish to day after tomorrow my exam will do the best‚òÄ‚òÅ
Sat Jun 01 01:28:35 +0000 2013,340640990790557697,PaigieyMitchell,get one ill explain everything to u n lynn
Sat Jun 01 01:28:37 +0000 2013,340640999183364096,StingStinga,cant wait for dominic browns drug test results come back cause he on something hot #phillies #hgh #getmesomeofthatshit
Sat Jun 01 01:28:38 +0000 2013,340641003373481984,LanytheP,wishing bad upon people who only tried to warn you of possible harm cause this guy is a sex offender i wish you only good
Sat Jun 01 01:28:38 +0000 2013,340641003377659904,thishooligan_,ill love you forever i hate tornado season in oklahoma üò´
Sat Jun 01 01:28:39 +0000 2013,340641007550996481,JamieLamarre,just saw #nowyouseeme  i give it 2 thumbs up
Sat Jun 01 01:28:41 +0000 2013,340641015939612673,Sam__Stark,*stumbles and stops on a random building falls to her knees and begins to cry into her hands*
Sat Jun 01 01:28:45 +0000 2013,340641032729423873,slimshaffer,strapping my gopro on my chest for tonights festivities  cant wait to see what i did tonight when i wake up
Sat Jun 01 01:28:47 +0000 2013,340641041122217984,holyfuckitsnino,talm bout boot camp was fun lmao
Sat Jun 01 01:28:50 +0000 2013,340641053688348672,_mooch5,you aint flexin boy you need some exercise
Sat Jun 01 01:28:52 +0000 2013,340641062068563969,SVorreiter,georgia murder suspect due in court a man is due to appear in court charged with the murder of sh  #svorreiter
Sat Jun 01 01:28:53 +0000 2013,340641066254487552,Jennuinee_,i forgot what i wanted to tweet so ill send this instead 
Sat Jun 01 01:28:54 +0000 2013,340641070486519808,heyalyshahey,*walks by repeatedly* rt   *clears throat loudly*
Sat Jun 01 01:28:55 +0000 2013,340641074676629504,PrettiiDarkskin,my relief should be here soon
Sat Jun 01 01:28:55 +0000 2013,340641074655670272,mlp_CrystalF,*she looks into the dark alley and her eyes glow into purple crystals for dark vision*
Sat Jun 01 01:28:59 +0000 2013,340641091458068481,_Koothrappali,my sisters taller than me and my brother is just about the same height  ill end up looking like the youngest  haha
Sat Jun 01 01:28:59 +0000 2013,340641091458048001,RulyMaullana,"you can count on me like 1
2 3
ill be there
and i know when i need it
i can count on you like 4 3 2
and youll be there"
Sat Jun 01 01:29:06 +0000 2013,340641120780419072,cherriengo5,singapore dengue victim was in and out of hospital 
Sat Jun 01 01:29:06 +0000 2013,340641120809779201,loyaltybiman,after 1 year its again time for  nabh wonder how patient  benefits from it
Sat Jun 01 01:29:08 +0000 2013,340641129202606080,_dellyn,nigga if you act like a bitch  i`ll treat you like one
Sat Jun 01 01:29:09 +0000 2013,340641133396901890,fletchermoore1,hey tony i was just wondering if you received my email from a few weeks ago just following up
Sat Jun 01 01:29:10 +0000 2013,340641137595408384,MyDesire4,how family health insurance influence your financial planning
Sat Jun 01 01:29:11 +0000 2013,340641141764526081,JetLife_GRB,once again im in the crib nobody hmu with plans thats the shit that i dont like
Sat Jun 01 01:29:15 +0000 2013,340641158554345472,heytetet,"""the only way i could stop loving him is to let pain slap me in the face"" this line was from my dream last night weird i remembered"
Sat Jun 01 01:29:17 +0000 2013,340641166947143680,stablewhisper,stat of the day 1st june 2013 geegeez
Sat Jun 01 01:29:19 +0000 2013,340641175314767872,QUAYSTER,looool i remember last year i brought 7 alvaros for  and they confiscated it at heathrow #pain
Sat Jun 01 01:29:21 +0000 2013,340641183724347393,hannonymousAZ,"i have my iphone trained to call me ""master of the universe"" so ill leave the details to the imagination"
Sat Jun 01 01:29:23 +0000 2013,340641192108761089,Jennififfer,it was such a beautiful moment my eyeliner was running from my tears of joy
Sat Jun 01 01:29:30 +0000 2013,340641221464711168,Jack2wozza,right sorry for spamming you guys ill sleep now  hopefully night everybody
Sat Jun 01 01:29:30 +0000 2013,340641221473103872,LiamsSuperhero,oh my gosh when im sorry  ill try to help u get your follows back even tho they dont follow me
Sat Jun 01 01:29:33 +0000 2013,340641234047606785,_Kincannon_,i read that email for this job with atampt everyday because i really hope i pass this test and can get this job
Sat Jun 01 01:29:38 +0000 2013,340641255019134977,AlissaPalmisano,at open mic then off to karaoke
Sat Jun 01 01:29:38 +0000 2013,340641255035904000,andreatrigo1,my dad thinks its funny to hide all my muscle milk and protein omfg
Sat Jun 01 01:29:38 +0000 2013,340641255023316992,GLHancock,hah   its *my* book amp ill use it amp love it to death if i want to
Sat Jun 01 01:29:41 +0000 2013,340641267597836289,mabbdoom,looks like ill be hanging out with you dude
Sat Jun 01 01:29:42 +0000 2013,340641271792168960,maggiee_15,you said on fb that ur doctor wasnt letting u swim
Sat Jun 01 01:29:44 +0000 2013,340641280184963072,wxndersleeps,pmore are real human beings they are alive and breathing and existing at this moment in time and have lives
Sat Jun 01 01:29:49 +0000 2013,340641301169061888,_WoahItsBri,ill dm you
Sat Jun 01 01:29:49 +0000 2013,340641301143904256,_xoalejandra,my legs are so sore
Sat Jun 01 01:29:54 +0000 2013,340641322111225856,Shabunbunn,i just took a pregnancy test
Sat Jun 01 01:29:58 +0000 2013,340641338905206784,skylerdestinee,i want a chocolate milkshake so i think ill have my grandma make me one 
Sat Jun 01 01:30:00 +0000 2013,340641347277037571,TiffanyRobledo,and ill take him out for uswirl too yyyeeeessssss
Sat Jun 01 01:30:01 +0000 2013,340641351471353856,KristaKayLee,keep sending me home early and ill get a new job
Sat Jun 01 01:30:03 +0000 2013,340641359859941377,Heavenly_Mellow,ill call
Sat Jun 01 01:30:07 +0000 2013,340641376670728192,fitness_mylife,|# must watch#| fast weight loss tips    #quote #health #fitness
Sat Jun 01 01:30:10 +0000 2013,340641389215879168,caitlinm1624,i love dr seuss
Sat Jun 01 01:30:12 +0000 2013,340641397629661186,_Carolineee33_,can there just be an hour where everything goes right no stress no worries just pure happiness and constant laughter
Sat Jun 01 01:30:13 +0000 2013,340641401819783168,SimonSaysLife,#awkwardmoment when youre writing and words are just coming through youhow did this happen #cosmic #epic
Sat Jun 01 01:30:15 +0000 2013,340641410212589569,Lawal96,sure ill just go with it
Sat Jun 01 01:30:16 +0000 2013,340641414381699072,tr_YOUNGVIC,"ive been convincing myself that im worthwhile
cause im worth what ill convince myself to be"
Sat Jun 01 01:30:16 +0000 2013,340641414398496769,PRIMA_DONNA__,if i say i dont wax that bitch would follow
Sat Jun 01 01:30:19 +0000 2013,340641426981396481,_____Jwood,ill be there to show love  #kevinwhitegonnawin
Sat Jun 01 01:30:21 +0000 2013,340641435361636352,Midnights_SkY_,okay please patch dont harm yourself 
Sat Jun 01 01:30:22 +0000 2013,340641439572717568,CatalystDJ,let ne know what colors you want and ill hold on to them for you
Sat Jun 01 01:30:23 +0000 2013,340641443775381504,YouTrashy,im in pain 
Sat Jun 01 01:30:25 +0000 2013,340641452143042560,AnakPakcikDin,all those words that ive told you yeah maybe im just a kid back then but now im a grown up man still it doesnt change
Sat Jun 01 01:30:26 +0000 2013,340641456328957953,BiBaM_Mansour,soon ill get you
Sat Jun 01 01:30:27 +0000 2013,340641460544233472,twittiptop,"""kyrgyzstan declares state of emergency"""
Sat Jun 01 01:30:27 +0000 2013,340641460548419584,StacySEaton,"""it engages you right from the start"" whether ill live or die #dramatic #crime #abuse #wlcauthor"
Sat Jun 01 01:30:29 +0000 2013,340641468924456961,junkerrN,read how gop #oklahoma  senators have fought to undermine disaster relief    thank god for obamanow again
Sat Jun 01 01:30:33 +0000 2013,340641485693272066,PiaaRosso,pia mehace bullying
Sat Jun 01 01:30:34 +0000 2013,340641489883381760,WhereWeRNialler,""" nail is ugly ill be a directioner again when he has nice teeth""
this bitch basic"
Sat Jun 01 01:30:35 +0000 2013,340641494107045889,Eat_My_Pinkk,"""  i cant smoke no more i got aye drug test today and it said he smoke weed 247"" damn shame"
Sat Jun 01 01:30:41 +0000 2013,340641519277047809,ItsArGenius,they lose ill chug a bottle of your choice
Sat Jun 01 01:30:42 +0000 2013,340641523433615360,margmacgtown,we assess the damage treat affected areasampemploy techniques to prevent your home from becoming infested
Sat Jun 01 01:30:49 +0000 2013,340641552793755649,Charlie__JONES_,"if one more person says ""you can just pick the meat off"" im going to stab them in the throat"
Sat Jun 01 01:30:51 +0000 2013,340641561190756352,michaellodge1_,i might not be soo good with words but im always going to be here
Sat Jun 01 01:30:54 +0000 2013,340641573803003904,consciousgovern,tims first taste of a little neck clam went rather well dont you think
Sat Jun 01 01:30:58 +0000 2013,340641590550855680,Iori_Yuzuru,words cant describe the uncertainty of how powerless ive become but only then i shall regain myself‚Ä¶
Sat Jun 01 01:30:58 +0000 2013,340641590555054081,malenajasmine,‚Äú i need a drink and by drink i mean shot‚Äù
Sat Jun 01 01:31:01 +0000 2013,340641603142160384,clbaddest91,online and breathing kk hbu unni
Sat Jun 01 01:31:01 +0000 2013,340641603137986560,pisstance,"""how did i end up on this planet""  dr wheels"
Sat Jun 01 01:31:04 +0000 2013,340641615716704257,Thats_Harsch17,‚Äú we now have that mole
Sat Jun 01 01:31:05 +0000 2013,340641619911004160,TickleMy_Nuts,going to call avery see if hes at the hospital
Sat Jun 01 01:31:10 +0000 2013,340641640874143745,morgan_callan,i have to get through finals and dance recitals and ill be fine #icandoit
Sat Jun 01 01:31:11 +0000 2013,340641645068447745,CaperMache,ocms just brought down the house with a wordperfect rendition of barretts privateers hows that for local colour
Sat Jun 01 01:31:11 +0000 2013,340641645097779200,loveeShaunaa,i guess ill eat this whole cake to myself
Sat Jun 01 01:31:12 +0000 2013,340641649262735360,EllaTheAvenger,‚Äú ill honestly miss all of you guys‚ù§üíî‚Äù ill miss you and that tight black ass
Sat Jun 01 01:31:13 +0000 2013,340641653461241857,_SaraFigueredo,ill follow she if you follow me 
Sat Jun 01 01:31:14 +0000 2013,340641657663930370,Cheetah_MeBadd,if i have the opportunity to do something outside my norm ill take it just because you dont like it doesnt mean its whack
Sat Jun 01 01:31:14 +0000 2013,340641657684889601,KashKelly_TRST,6 home runs in 4 games for dom brown think about that thats bondsesque without the steroids
Sat Jun 01 01:31:15 +0000 2013,340641661854035968,Rarbie,my stomach toning just right
Sat Jun 01 01:31:17 +0000 2013,340641670263631874,KillahB_,lord say tha same ill start work next week too
Sat Jun 01 01:31:17 +0000 2013,340641670234259456,mariaflynnmusic,your words amp actions have been heartfelt its a sad day but common sense may just prevail sometime soon where theres hope
Sat Jun 01 01:31:18 +0000 2013,340641674449530880,makewayforwei,smile even though your heart is aching lt3
Sat Jun 01 01:31:18 +0000 2013,340641674441138176,kkolle5,if i could take away the pain and put a smile on your face #babyiwould
Sat Jun 01 01:31:18 +0000 2013,340641674462109697,jkjkjk740,my a sister has the worst aspergers outta of anyone in the world leave me the fuck alone
Sat Jun 01 01:31:19 +0000 2013,340641678643843072,kittn52,never let ur past experiences harm ur future
Sat Jun 01 01:31:20 +0000 2013,340641682838147072,Ahh_Tanko,to my boys ill never forget the memories made during these unforgettable years love all you guys #norothirdreich #neverforget
Sat Jun 01 01:31:22 +0000 2013,340641691218374656,theresa_marieee,had a little accident at work üôà lol #waterballoonfight üí¶
Sat Jun 01 01:31:23 +0000 2013,340641695433637889,fredClapp,played far cry 3 blood dragon xbla in the last 24 hours
Sat Jun 01 01:31:24 +0000 2013,340641699623743488,sucifazillah,ill be the first to say that i was wrong
Sat Jun 01 01:31:25 +0000 2013,340641703788675072,Cindwa1,yet another use for baby oil when your child gets their leg stuck between the rail bars on their bunk bed apply and slide lol
Sat Jun 01 01:31:28 +0000 2013,340641716388380673,ImEazZy,"safety test on my stang next week
thankyou again dede "
