tweets,
 zeagra #Pills #pharmacy #health http://t.co/luh4hvMJ5H,can'tsay
 Yup quees is gonna be a daddy!! My #LilNugget #Ultrasound http://t.co/oPy2cdZTdf,can'tsay
" Youth Offending Officer - Berkshire - Berkshire - Sanctuary Social Care #occupationaltherapy, #physicaltherapy http://t.co/SpgqbnYxHr",can'tsay
 Your baby week by week http://t.co/L6pnXFyvQh #Pregnancy #Maternity #Birth #PhysicalTherapy,can'tsay
" You should sit in a bed for a week &amp; press a button everytime you need to get up , then tell me how it feels #nurse #medical #care",can'tsay
" Yesterday ate tub of ice cream, today ran dead fast* I think that's pretty conclusive #science #nutrition *comparative to normal snail pace",can'tsay
 Working out is the best way to be stress free #therapy #gohard #stressreliever,can'tsay
" Work off your anger - Get physically active, dig in the garden, start a project, get your spring cleaning done #MentalHealth",can'tsay
 With this heating pad on my back . &gt;&gt; #PhysicalTherapy,can'tsay
 Why You Should Eat Almonds | Holistic Health &amp; Living http://t.co/8kngZahdhL #nutrition #health #video,can'tsay
 Why are you kind to complete strangers and harsh to you the people you supposedly care about? What psychosis do you have? #therapy,can'tsay
 Whose Phenotype? The patient or the health care system?  @gfry @rzeiger @SusannahFox @nickdawson http://t.co/XOv5CtVy4u #s4pm,can'tsay
 Whose Phenotype? The patient or the health care system?  @gfry @rzeiger @SusannahFox @nickdawson http://t.co/OS3AAeXTNi #s4pm,can'tsay
 Whoever is taking financial advice from Kerry Katona needs to seek professional medical help #mentalhealth #cashlady,can'tsay
 When I go to school tomorrow... People think that why I am not dressing up tomorrow. Well I don't give a crap. #Seniors,can'tsay
 What is #Asthma #Respiratory condition #Health #Air #pollutants #Allergens #Pollen respiratory system http://t.co/HcmVB2oC0S,can'tsay
 What is #Asthma #Respiratory condition #Health #Air #pollutants #Allergens #Pollen respiratory system http://t.co/HcmVB2oC0S,can'tsay
 What do you think of the new #DSM-V changes? #OTpeeps #mentalhealth http://t.co/Tw8VBq6Vdo,can'tsay
 What do you do to improve your mental health? #mentalhealth #positive http://t.co/DWJ0UV5Wfc,can'tsay
 What can you do to make your staff happy? http://t.co/d5UJ3DggLw #PhysicalTherapy #RespiratoryTherapy #OTpeeps,can'tsay
 What a great game #GreatFinish #UAF #Seniors #Powderpuff2013,can'tsay
 We've found new articles on #Osteoarthritis at http://t.co/9oiL3aBp6i #pharma #health #news http://t.co/9oczun52va,can'tsay
 We're now the HBIC! #seniors #bittersweet,can'tsay
" We're happy, free, confused, and lonely at the same time. It's miserable and magical. #seniors",can'tsay
 We're excited to have Rebecca McNeil talk about Employee Accountabilty in #LTC at #VANHA13!  Here's a sneak peak: http://t.co/j1Be2InNBf,can'tsay
 Well today is the day... #excited but #nervous ???? #classof2013 #senior,can'tsay
 Well that was a success #seniors #yabish,can'tsay
 Well I have had a drink every day for the past 3 weeks #whystopnow #drunktil2014,can'tsay
 We still in this bitch @prisssscilla_ #yearbook #seniors http://t.co/aWVcH92EC6,can'tsay
 We received a 5-out-of-5 overall rating from the Department of #Health and Human Services—come visit us today! http://t.co/pGzaPEUn9v #Rehab,can'tsay
" We must recognize nutrition as a cornerstone of our health care system, not a footnote http://t.co/TOC8Pd2fbr #health #wellness #nutrition",can'tsay
" We hear how our mental health system is broken, imagine how our mental health professionals feel? #mhsm #mentalillness #socialwork",can'tsay
 Watching Lost Angels: Skid Row Is My Home DOC #MindBlown #LAPD&amp;NYPDVerySimilar #Poor&amp;LowIncomeHumans #MentalHealth #Housing #Humanity,can'tsay
 Watching #psych,can'tsay
 Want to study smarter? Here are 5 effective habits for therapy students: http://t.co/8GrPspGZGu #SLPeeps #PhysicalTherapy #OTpeeps,can'tsay
 Waking up at 5am and then realizing in three months you'll be getting up at this time &lt;&lt;&lt;&lt;&lt;&lt;&lt; #clinicals #nursing,can'tsay
 Vomiting/Diarrhea - Abrupt Responses to Rejection of Foods by the Digestive System http://t.co/aU3Gg5Xjdc #nutrition,can'tsay
 Vomiting/Diarrhea - Abrupt Responses to Rejection of Foods by the Digestive System http://t.co/6Qkb0ynm3C #nutrition,can'tsay
" Visited our sick baby belay... Get well soon ???? #sick #patient #goddaughter #baby #girl #hospital… http://t.co/OjN0ZCPGyd coordinates {u'type': u'Point', u'coordinates': [121.04342043, 14.41350927]}",can'tsay
 Valeant Pharmaceuticals receives Complete Response Letter from FDA for efinaconazole NDA http://t.co/RYIPnMZXcb #footcare #podiatry,can'tsay
 Valeant Pharmaceuticals receives Complete Response Letter from FDA for efinaconazole NDA http://t.co/KtnZwLNfhi #footcare #podiatry,can'tsay
 Vaccines are threatening the health and genetic integrity of the human race. http://t.co/HC1yksJuIb #health #holistichealth #vaccines,can'tsay
 Using avatars to improve physical therapy adherence | MedCity News - http://t.co/T1uLUU8q4l #physicaltherapy,can'tsay
 Using a foam roller is that it is a relatively inexpensive way to treat injury on your own: http://t.co/kR9HrQh9Dy #PhysicalTherapy,can'tsay
 US student builds questionnaire app frm Kibera survey #Pharmacy #Kenya http://t.co/mxgKA9Xh0l http://t.co/eZdLAyJrOG,can'tsay
 ULTRASOUND Powerpoint Presentations - http://t.co/gItdeRKmll  #ULTRASOUND,can'tsay
 U step out on occasion &amp; always smh the few decent women always choose 2 b wit a lame or a monsterous lookin kat#rn$,can'tsay
" TY for the follow, @DwayneSpradlin Aware of #modelH yet? Join us as we create a business model canvas for US healthcare. @modelHForum",can'tsay
 Turning 18 is the worst thing that's ever happened to me.. #NeedHelp #Therapy..,can'tsay
 Tuesday is #WorldHungerDay! Take action with RESULTS to improve child #nutrition http://t.co/SknLq42BfO #Nutrition4Growth,can'tsay
" Trinidad, Rubia, Rafanan, Limson #thebigfour #psychology #professor #terror #scho coordinates {u'type': u'Point', u'coordinates': [121.1016905, 14.2690623]}",can'tsay
 Tous les jours dans le BINKS artwork by #virgildesign  #Kaaris #therapy http://t.co/3sY7SkaXcB,can'tsay
 Tonight's work went really well. £100 down on clothes. #therapy,can'tsay
 tomorrow's going to be awesome! #seniors,can'tsay
 Today will ESPECIALLY be about pancakes and other food-related issues! #RaganSocial,can'tsay
 Today is World #Thyroid Day!! This is an issue which is personal for me! 2 years ago I was diagnosed… http://t.co/O5pgDgNrdi,can'tsay
 Today I get my #Arm checked via #Ultrasound &amp; I'm nervous...,can'tsay
 Tmlt Probably because all the smart kids/kid who make the study guides are exempt and all the others ones just don't care #Seniors,can'tsay
 Tips to beef up the web presence of your #PhysicalTherapy practice: http://t.co/p63Y7n0VPo,can'tsay
 TIP: remove all forms of #wheat bran from your diet to enable your digestive system to function properly #nutrition:  http://t.co/L03oJuNXk2,can'tsay
 throwback to my bestfriends first ultrasound #bff #baby #bump #child #kid #boy #ultrasound #cantwait… http://t.co/wWZpxmQ6dA,can'tsay
 Throw what you know #sororityswag #dphie #aoe #seniors #sportsweekend @koharb http://t.co/Udrzb9oh0G,can'tsay
" Thousands walk, run final mile of Boston Marathon: Rosy Spraker was only a half-mile from the finish ... http://t.co/vOB85X2E5y #seniors",can'tsay
 Thoughts on growth factor 9? Supplement to naturally promote human growth hormone #supplements #nutrition,can'tsay
 Those legs came from dad(: #ultrasound #17weeks #baby #longasslegs #justlikedaddy http://t.co/1wsvYPurEa,can'tsay
 This w/e Kellen Surette is undergoing a #stemcell transplant. He's from #GlaceBay. He's Thing 2's age. http://t.co/WvldCQ5yLM #GrowCellsGrow,can'tsay
" This school-sleep schedule has really fucked with my system, it feels like 1PM right now. #psych",can'tsay
 This is a new NEQAS Directive sent 2 all #NHS Path Labs about failing Vit B12 Serum test &amp; giving urgent guidance.  http://t.co/lvwbpM2i3F …,can'tsay
 This guys been turning left for the past 5km #worstcliche #seniors http://t.co/Rte6AD8F2d,can'tsay
 This guys been turning left for the past 5km #worstcliche #seniors http://t.co/ei8enA8YPw,can'tsay
 This #MeatlessMonday: Brownie Pumpkin Pie http://t.co/DQDX07vm87,can'tsay
 These butterfly's in my stomach are getting the best of me! #nervous #graduation #2013 #senior,can'tsay
 Therapeutic gun cleaning session that was much needed #gun #cleaning #smith&amp;wesson #22 #therapy… http://t.co/QHdE00VMIi,can'tsay
" The upper right area of my stomach is agony and my stomach feels extremely warm. Can someone with medical knowledge please help #nhs #ill place <tweepy.models.Place object at 0x01D742D0> coordinates {u'type': u'Point', u'coordinates': [-4.16034976, 55.76832962]}",can'tsay
 The supportive cells of the nervous system that guide growth of new neurons are known as _____. http://t.co/3rodD5Fk3p #neuroscience,can'tsay
 The sister I've never had?? #seniors #loveher http://t.co/kiWL9I0Y1F,can'tsay
" The rumored dazed and confused sequel is either going to be epic or awful. And the movie is a classic, I'm nervous to say the lease #seniors",can'tsay
 The role of plasma Epstein-Barr virus DNA in the management of recurrent nasopharyngeal carcinoma: T... http://t.co/oniSpRyOz1 #oncology,can'tsay
" The OMPT Daily is out! Top posts from Perry Nickelston, Ben Fung, Physio Blogger and more! #physicaltherapy http://t.co/a7YMqbPKdd",can'tsay
 The moment you watch someone stand up on their own who hasn't walked in 3 months. #physicaltherapy,can'tsay
" The moment u see two human beings, walking together in the hospital,same gender, wearing black suite.. typical #pharmaceutical Geeks",can'tsay
" The moment my legs begin to move, my thoughts begin to flow. ~ Henry David Thoreau #Walking #Therapy #Healing #PTSD",can'tsay
 The less traumatic the #birth - the healthier the baby both physically &amp; mentally #nutrition #hypnotherapy #yoga: http://t.co/wDtxy5uHx5,can'tsay
 The lack of adequate #translation shown to be a factor in maternity deaths:  http://t.co/xiH3Zm9AGG #t9n #medical #interpretation,can'tsay
" The first toothpaste ever made was a mixture of wine and pumice! It was made almost 5,000 years ago in Egypt. #fact #teeth #learnmore!",can'tsay
 The ESC #LHIN Open Board Meeting will begin in 15 minutes. You can join via webcast here: http://t.co/5ZOk8ET9w1 #ONHEALTH,can'tsay
" The 30 occupations with the largest projected employment growth in the US, 2010-2020, include #nurses and #physicians http://t.co/1OLeqaOADF",can'tsay
 That's why I LOVE the soft sciences #Philosophy #History #Psychology because you don't have 2 talk about the past you just create a future,can'tsay
 Thanks Pearl #Seniors c/o 2014 http://t.co/yI3wgMp7wY,can'tsay
 Thanks for all the great questions #UCLAMDChat,can'tsay
 Thank you very much Amarillo Bulls! I'll be at your open camp in July giving chair massages!!  #NAHL #Massagetherapy,can'tsay
" Team meeting, phonecalls, OCAIRS, phonecalls, sensory screen, phone calls, telecare, phone calls, you get the picture #OTuesday",can'tsay
" Team Manager - Asylum Seeking    - Kent - Sanctuary Social Care #occupationaltherapy, #physicaltherapy http://t.co/M9ygMaflRh",can'tsay
 Talk about a superfood: these foods will help you burn fat AND boost your immune system! #nutrition http://t.co/OR8jLQBhaS,can'tsay
" Takes true professionals to treat those evil men in hospital, they are not worthy of any care. hope they rot in hell #NHS #helpforheroes",can'tsay
 Take a look at 'Tackling human &amp; organisational factors: the human contribution' in our new #ptsafety resource centre http://t.co/BKFywPmNI1,can'tsay
 Sweating as part of #exercise release toxins such as pesticides from our cells. Read more #health #nutrition - http://t.co/SxZRAgLosY,can'tsay
 Surprised Wade didn't cry after that shot. He's been a baby the rest of the game #whystopnow,can'tsay
 Surgeons fear online performance data will damage reputations http://t.co/Rhn6IQHo2C via @guardian #Health #NHS http://t.co/FPW2GTSAKb,can'tsay
 Study: Role of family #caregivers expanding to include complex medical/nursing tasks #longtermcare http://t.co/ftM6xq2Ncm,can'tsay
 Study: Role of family #caregivers expanding to include complex medical/nursing tasks #longtermcare http://t.co/7YNuiC5YaS,can'tsay
 Study: kids who walk in street and talk on phone risk vehicular injury: http://t.co/lfaxG3Sosf #parenting #psychology,can'tsay
 strattera #Pills #pharmacy #health http://t.co/TC8lAp8Z3f,can'tsay
 Story in New York Times on how #nutrition has been bred out of our #food http://t.co/43W9UqyyNX #health #science,can'tsay
 Started taking #Synthroid for #thyroid problems 2 months ago; have lost enough hair since to have a bald spot! Any help or suggestions?,can'tsay
 Squad got awarded a nursing coin for putting in work on the floors ?????? #nursing #army… http://t.co/JXlAKaUBW0,can'tsay
 Spending time in #NHS care has re-kindled my faith in human nature. Such kindness very moving...,can'tsay
 Someone had fun creating this message for our broken tube system. #Hospitals #Nurse #Nightshift http://t.co/zf0ih3WCmd,can'tsay
 so here he or she is #babybaird #mybeautifulbaby #ultrasound #adorable http://t.co/UxMndbUKvq,can'tsay
 So excited for the next couple weeks ahead #seniors,can'tsay
 SNK e-letter quotes: Sebelius: Nurses' \contributions at the heart of our health care system,can'tsay
 Sleep is for people who revisited weeks before the exam...not me #sleepdeprivation,can'tsay
 Skin care time :) #instamakeup #Instabeauty #Instaciao #biogram #instagood #skincare #skincaretime… http://t.co/rXfvaWA03g,can'tsay
 Sister's graduation!! #bored #burninghot #CSULB #nursing #49ers http://t.co/h52KsYhn4y,can'tsay
 Sign up to receive free weekly newsletters about #OccupationalTherapy: http://t.co/Df8njPvwVO #OTpeeps,can'tsay
" Sigh, no time soon for me. Bedside ultrasound tips for the general internist http://t.co/FFcov3AwCh via @kevinmd #mdchat",can'tsay
 Shona is the cutest :) #baby #smiling #happy #teeth http://t.co/rHRB8WYlqr,can'tsay
 She's starting to believe. Knowledge is power.  The Word has the answers. Jesus promised He'd take care of me. #physicaltherapy,can'tsay
" sharing #suaju This Week in PLOS Medicine: Integrating Mental Health &amp; HIV Care, Colon ... - PLoS Bl.. #medicine http://t.co/IETnavr0vt",can'tsay
 sharing #suaju LoveWay seeking volunteers to learn horse therapy program - 0 Minutes Ago - Goshen News #therapy http://t.co/p4G4l0C4Y0,can'tsay
" sharing #suaju Hotel Xixim Offers \Karma Kids\"" Yoga Class in Summer Family Package - PR Web (pr.. #therapy #yoga http://t.co/tWqSVpP1UL""",can'tsay
 Sex and the City 2 + pizza #therapy #perfectday,can'tsay
 Senior sports banquet! #mommy #daddy #love #dressy #senior #2013 http://t.co/PVJjsv27Sp,can'tsay
 Senior shirt is officially complete! ?? #senior #2014 #complete http://t.co/SSx1eFr4QY,can'tsay
 Senior Pics!!!! Both are professionally taken. #Seniors #Pictures #Professional #Matching… http://t.co/uvYufbsmmZ,can'tsay
 Seeing and holding my cousins baby makes me want baby Bryson Lee Breese here in my arms so badly! #Just a couple more weeks #patients,can'tsay
 SCP surgery preserves vaginal depth #UCLAMDChat,can'tsay
 Schools Finna go cray cray in a few minutes #seniors,can'tsay
" Say hello world, little love on top! #instababy #ultrasound http://t.co/Dl6dSn8wx1",can'tsay
 Say cheese! The calcium and phosphorous found in cheese is healthy for your #teeth – it reduces the pH level in plaque and...,can'tsay
 Salamanders' ability to regrow limbs tied to #immune system http://t.co/3vh6kKacUN #regenerative #medicine,can'tsay
 Ryan did not want her to see his teeth.  #baby #nephew #love #teeth #kira #ryan #baby #shopping… http://t.co/VqBPfNhnxz,can'tsay
" RT@AAPAorg I was born to be a #PhysicianAssistant! We have PA DNA, hardwired to care for patients. Will that quote ensure admission for me?",can'tsay
" RT @willsmythemd: \The Decline and Fall of American Medical Authority\"" http://t.co/Sl44LkAzgh #health #medicine #patientslikeme""",can'tsay
 RT @whitneybroooke: Can't wait to see my witttle baby on the 3rd! ?** #ultrasound http://t.co/AzMC4MgvJk http://t.co/GqcpLFszJv,can'tsay
 RT @whitneybroooke: Can't wait to see my witttle baby on the 3rd! ?** #ultrasound http://t.co/AzMC4MgvJk,can'tsay
 RT @SeggiBev iPhone App Aids Training in Bedside Ultrasound Exams | #mHealth @scoopit http://t.co/hxRHOgy3pQ,can'tsay
 RT @Master_Rupe: Fuck her!....#psych,can'tsay
" RT @life_psych: \You are fired. For what case? All\"" #Psych \""Rob a Bye Baby\""""",can'tsay
" RT @lesmil1 Wow, this is cool: Doctors use #3Dprinter to custom-design implant for baby http://t.co/7xEIJGKnSVRT @USATODAYhealth #medical",can'tsay
 RT @Insuremekevin: Sky high #Medicare provider charges illustrate broken health insurance market - http://t.co/TPCZzR75wI,can'tsay
 RT @Healthy_Bodyz: Immune Protect with Paractin - Clinically Shown to Boost the Immune System http://t.co/iwxVvhFBbx #nutrition,can'tsay
 RT @graemeanderton 1 in 5 people wait over a year to receive talk therapy #doncasterisgreat #mentalhealth #southyorkshire ...,can'tsay
 RT @fotoinc: Last in the series on shoulder #PToutcomes. Processes w/i the system important: http://t.co/zPbkvte6zJ,can'tsay
 RT @entradahealth: Secure Text Messaging Can Cut Hospital Discharge Times by 50 Minutes http://t.co/qeL7Em4ZJR #HIT #mHealth,can'tsay
 RT @dtodo1paco: A 'learning health system'  http://t.co/JeMTTIJ2XC #eHealth #ai #medical #intelligent #system #telemedicina20uoc,can'tsay
 RT @DennysDiner All you need to do is be the first to respond correctly! #RaganSocial,can'tsay
" RT @alexrogers46: \Trisha your fingers are like magical baby wieners\"" ** #psych""",can'tsay
" Right!  RT @cwilsonwellness: The intersection of mental health and public health = health, safety, wellness #sdoh #hcsmct",can'tsay
" Review of #Spa #Sonic Skin Care System, this Former Cosmetologist LOVES it!  http://t.co/yIcKBexLae #skincare #facialbrush",can'tsay
" Review of #Spa #Sonic Skin Care System, this Former Cosmetologist LOVES it!  http://t.co/POSc5cLKid #skincare #facialbrush",can'tsay
" Review of #Spa #Sonic Skin Care System, this Former Cosmetologist LOVES it!  http://t.co/leOedoHN6j #skincare #facialbrush",can'tsay
" Review of #Spa #Sonic Skin Care System, this Former Cosmetologist LOVES it!  http://t.co/Hw1FuQ94x6 #skincare #facialbrush",can'tsay
" Review of #Spa #Sonic Skin Care System, this Former Cosmetologist LOVES it!  http://t.co/5utHPA1CkN #skincare #facialbrush",can'tsay
" Review of #Spa #Sonic Skin Care System, this Former Cosmetologist LOVES it!  http://t.co/2zS835J5xZ #skincare #facialbrush",can'tsay
 ReNeuron Rises Most in 3 Months on Interim Stroke Data http://t.co/b7uzsehLr7 via @BloombergNews #stemcell,can'tsay
" REMINDER: 6 days left, get 20% discount CEU use code BHSM2013 in the voucher field http://t.co/qsY1iytLA5 #SLPeeps #OTpeeps #physicaltherapy",can'tsay
" Registered Nurse Cath Lab - Baylor Health Care System: ( #GRAPEVINE , TX) http://t.co/sxwt0gmSUf #Nursing #Job #Jobs #TweetMyJobs place <tweepy.models.Place object at 0x01EB4510> coordinates {u'type': u'Point', u'coordinates': [-97.0780654, 32.9342919]}",can'tsay
" Registered Nurse Cath Lab - Baylor Health Care System: ( #GRAPEVINE , TX) http://t.co/icZfMRqjog #Nursing #Job #Jobs #TweetMyJobs place <tweepy.models.Place object at 0x0256FDB0> coordinates {u'type': u'Point', u'coordinates': [-97.0780654, 32.9342919]}",can'tsay
" Registered Nurse - Niagara Health System: ( #OntarioJobs, ON) http://t.co/Nmdev0i7bq #Nursing #nhscareers #Job #Jobs #TweetMyJobs",can'tsay
" Registered Nurse - Niagara Health System: ( #OntarioJobs, ON) http://t.co/A6IPU650sr #Nursing #nhscareers #Job #Jobs #TweetMyJobs place <tweepy.models.Place object at 0x01EB42D0> coordinates {u'type': u'Point', u'coordinates': [-85.3232139, 51.253775]}",can'tsay
" Registered Nurse - Baylor Health Care System: ( #MCKINNEY , TX) http://t.co/vivM2ul1gw #Nursing #Job #Jobs #TweetMyJobs place <tweepy.models.Place object at 0x01EB43B0> coordinates {u'type': u'Point', u'coordinates': [-96.6397822, 33.1972465]}",can'tsay
" Registered Nurse - Baylor Health Care System: ( #IRVING , TX) http://t.co/cOSz42oIyG #Nursing #Job #Jobs #TweetMyJobs place <tweepy.models.Place object at 0x0256FE10> coordinates {u'type': u'Point', u'coordinates': [-96.9488945, 32.8140177]}",can'tsay
" Registered Nurse - Baylor Health Care System: ( #GRAPEVINE , TX) http://t.co/vz848B5pGd #Nursing #Job #Jobs #TweetMyJobs place <tweepy.models.Place object at 0x01EB4310> coordinates {u'type': u'Point', u'coordinates': [-97.0780654, 32.9342919]}",can'tsay
" Registered Nurse - Baylor Health Care System: ( #FTWORTH , TX) http://t.co/RbXoVyZuLg #Nursing #Job #Jobs #TweetMyJobs place <tweepy.models.Place object at 0x029816B0> coordinates {u'type': u'Point', u'coordinates': [-97.3208496, 32.725409]}",can'tsay
" Registered Nurse - Baylor Health Care System: ( #FTWORTH , TX) http://t.co/77YXeBY6QO #Nursing #Job #Jobs #TweetMyJobs place <tweepy.models.Place object at 0x027916F0> coordinates {u'type': u'Point', u'coordinates': [-97.3208496, 32.725409]}",can'tsay
" Registered Nurse - Baylor Health Care System: ( #CARROLLTON , TX) http://t.co/eE44xI2MWV #Nursing #Job #Jobs #TweetMyJobs place <tweepy.models.Place object at 0x01EB4270> coordinates {u'type': u'Point', u'coordinates': [-96.8899636, 32.9756415]}",can'tsay
" Registered Nurse - Baylor Health Care System: ( #CARROLLTON , TX) http://t.co/6w0QOqQVh3 #Nursing #Job #Jobs #TweetMyJobs place <tweepy.models.Place object at 0x01EE4310> coordinates {u'type': u'Point', u'coordinates': [-96.8899636, 32.9756415]}",can'tsay
 Recently my dreams have been so weird I believe they would disturb people maybe I Gould go talk to someone about it #psychiatrist,can'tsay
 really enjoying this #psych sode from 2 weeks ago since i guess @usa_network is totally over putting them on demand the day after.,can'tsay
 Real gay man name dropping to me on the train Zzzzzz... Apparently he's dressing Beyonce next week and is good friends with Cavalli #Mhm,can'tsay
 Ready for Disneyland say whaaaaat?! #seniors #gradnite http://t.co/oEgzABhw2Q,can'tsay
" Reading a paper about diabetes. It's long, but at least it's easier to read than the Growth Hormone one. #MedStudent #MedTest",can'tsay
" Quote of the day: Once you cut up a dead person with someone, there's a bond that can't be broken. #medschool #friends @ColleenyWeeny8",can'tsay
" Qualified Social Worker-Hospital Discharge -Southampton-Sanctuary Social Care #occupationaltherapy, #physicaltherapy http://t.co/dPnRvWFS2e",can'tsay
" QC's #pharma system combines private and public insurance &amp; means that the burden of \higher risk\"" ppl is put on public system #Pcare2013""",can'tsay
 Proven #results &amp; satisfied #customers. #Skindulgence 30 Minute Non-Surgical #Facelift Results shown here http://t.co/u5Z7kR1Pkx #Skincare,can'tsay
 proscar  #Pills #pharmacy #health http://t.co/KRwHj0ezt6,can'tsay
 Prom night brothas #primenut #seniors @bromero20 http://t.co/Imxx4XrsT0,can'tsay
 Profession: #physician Specialty: Orthopedic Surgery Region: Southwest State: Oklahoma Contract Number:... http://t.co/A44fJ5i8C7 #job,can'tsay
" Praying my clinical exam briefing tomorrow will relate to a book I have! C'mon Bowen, Dodd, Paul or Grunwell, do me proud! #slt2b #slpeeps",can'tsay
 ppt on human respiratory system for xth class PPT Templates - http://t.co/RlCbFhfnIG  #ppt #on #human #respiratory #system #for #xth #class,can'tsay
" Polish Man Who Lost Face Gives Thumbs Up To Successful, Life-Saving Emergency Face Transplant http://t.co/IFpWuaNrPA #health #medical",can'tsay
" Polish Man Who Lost Face Gives Thumbs Up To Successful, Life-Saving Emergency Face Transplant http://t.co/FIXm1YpjF5 #health #medical",can'tsay
" Polish Man Who Lost Face Gives Thumbs Up To Successful, Life-Saving Emergency Face Transplant http://t.co/E5SEAJhgrD #health #medical",can'tsay
 Polish man gets quick face transplant in what doctors say was life-saving decision http://t.co/QVMzcuftCH #plasticsurgery,can'tsay
 Polish man gets quick face transplant after injury http://t.co/Azrr1GMkSf #plasticsurgery,can'tsay
" Plz RT This w/e Kellen Surette is undergoing a #stemcell transplant. He's 7 &amp; from #GlaceBay, NS. http://t.co/qzqjCwWkuc  #aRTwouldROCK",can'tsay
 Plank of shots #repost #seniors #sportsweekend #armenians #canadatzeeboys #latergram #shots #love… http://t.co/D3ojL82eXL,can'tsay
 Physical Therapy Massages heal more than just muscles. Book online today: http://t.co/8HuD9tjUwg #sf #physicaltherapy #rehab #injury #sports,can'tsay
 Photo: Up early #rehab wit @iamdiddy &amp; @realdjwhookid at least the music will be good. http://t.co/969rQ6n0o2,can'tsay
 Photo: So its a boy! #Baby#son#father#padre#dad#ultrasound#birth#hospital#Romeo#Jayden#Ambrosio http://t.co/3UsuDiJSrc,can'tsay
 Photo: Me and @finer__things today at adventure landing #Senior #Activity #Adventure #Landing #Cute #Braves... http://t.co/A55w5T4YDh,can'tsay
" Perform a Set of Tasks, Wait 2 Weeks and Post-Test Your Mental Performance http://t.co/B99QimVOgF #nutrition",can'tsay
" Perform a Set of Tasks, Wait 2 Weeks and Post-Test Your Mental Performance http://t.co/B99QimVOgF #nutrition",can'tsay
" Perform a Set of Tasks, Wait 2 Weeks and Post-Test Your Mental Performance http://t.co/agUhKlLMWN #nutrition",can'tsay
 Patients can teach us so much. Here are 4 life lessons: http://t.co/AjGuiUlB9e #RespiratoryTherapy #OccupationalTherapy,can'tsay
 Patients are happier when #healthcare professionals are happier http://t.co/71a1xymVzl #PhysicalTherapy #OTpeeps,can'tsay
" Paediatric Occupational Therapist-Shropshire-Shropshire-Sanctuary Social Care #occupationaltherapy, #physicaltherapy http://t.co/XSwQz8Sz2A",can'tsay
 P.S. This #Psych exclusive clip has the line \your fingers are like magical baby wieners,can'tsay
 Out-of-hours talks could begin within weeks  --&gt; surprise for those who thought @Jeremy_Hunt was not serious #nhs http://t.co/01jl5dADkg,can'tsay
" Our wireless personal emergency response system enables users to get help, fast! http://t.co/va5vFZyFcg | #telehealth #mhealth",can'tsay
 Our nutritional needs are species wide &amp; species specific. The human genome is the human genome. That’s our blueprint. #paleo #nutrition,can'tsay
 Our baby in 3D :) #loveatfirstsight #3D #ultrasound #baby #beautiful #boyorgirl #cantwait http://t.co/fggtcG3cbi,can'tsay
 Our #maternalhealth project in Kenya is training CHWs but also improving linkages with primary care system #1MCHWs #COTR_Intl,can'tsay
" Orientation was great, can't wait to volunteer #physicaltherapy",can'tsay
 Organ Donor Law May Keep Sarah Murnaghan From Getting The Life-Saving Lung Transplant She Needs http://t.co/wD8M9W7KoK #health #medical,can'tsay
 One more year. #senior #Classof2014 http://t.co/fzj2V5q9To,can'tsay
 One Four #seniors,can'tsay
 On route to the Emerald Isle today to interview #Procurement specialists for a #Pharma Client setting up a new office in #Dublin #li,can'tsay
 On our way to fucc up #REHAB mrxpensivecrip &amp; @mrxpensivecrip http://t.co/ONJQBRsYgB,can'tsay
" On May 29, if you’re in L.A., turn to #Univision at 6 am for #marfan information featuring Dr. Bowen from #MayoClinic  #2013marfanconf",can'tsay
" Occupational Therapist, London - London and the east - SJB Medical #occupationaltherapy, #physicaltherapy http://t.co/V4NVQ04BHy",can'tsay
 Obvious why gov wld not publish risk report before bill ratified - the #nhs bill wld have been thrown out - one wld hope! #USAherewecome,can'tsay
 NW Line - What to expect during a #ultrasound in the last weeks of #pregnancy http://t.co/1YThenM5WE,can'tsay
 Nursing Jobs: RN - Professional Development Coordinator - CPPD Job: Professional Development/Fund... http://t.co/exyKZxP9oh #nurse #jobs,can'tsay
" Nurse Practitioner - Baylor Health Care System: ( #DALLAS , TX) http://t.co/Ujq8Rwll56 #Nursing #Job #Jobs #TweetMyJobs place <tweepy.models.Place object at 0x01EB4350> coordinates {u'type': u'Point', u'coordinates': [-96.769923, 32.802955]}",can'tsay
 Number of people seeking emergency treatment after consuming energy drinks had doubled compared to 4 years ago #thyroid,can'tsay
 Now my muscles are burning #physicaltherapy lol,can'tsay
 NOVA Medical Centers Offering New Industrial Medicine Services - PR Web (press release) http://t.co/uqn37CMLBG #medical #drug,can'tsay
" Nothing like ice and a little #electroshock to get your weekend going. #physicaltherapy #neverstop… http://t.co/xoeie91mcf place <tweepy.models.Place object at 0x027918D0> coordinates {u'type': u'Point', u'coordinates': [-115.1097304, 35.99839296]}",can'tsay
 Not only were systems incompatible Microsoft warned them not to buy system as suppliers backup system was incompatible with exchange. #nhs,can'tsay
 Nonsurgical treatments of POP include: Pelvic Floor Exercises/ #Kegels or Pessary http://t.co/r79WspyNml #UCLAMDChat,can'tsay
 Nice 'N Easy http://t.co/RRCeHHuwfG  #mentalhealth,can'tsay
" Niagara Health System: Registered Nurse - Complex Care ( #OntarioJobs, ON) http://t.co/1CD50v4GPD #Nursing #nhscareers #Job #Jobs",can'tsay
" Newest #PersonCenteredHealthCare column: improve #PatientExperience by improving care, via @nicolaziady - http://t.co/spt80rmygX",can'tsay
 New article http://t.co/eRs2gHFEQt #thyroid #health,can'tsay
 Never have I struggled with a 2 lb weight #physicaltherapy,can'tsay
 Never count yourself out because other people will. ~ Deborah via #MentalHealth Talk http://t.co/c5p9IO25GF,can'tsay
 Neutrophil elastase activity in BAL fluid is a good diagostic tool in cystic fibrosis #medicine #6ebeya1982 #??,can'tsay
 neurontin #Pills #pharmacy #health http://t.co/m1JXMlqY4s,can'tsay
 Neuroendoscopy - Minimally Invasive Treatment: UCLA Neurosurgery http://t.co/l4jp3vD3Y4 #UCLA #neurosurgery,can'tsay
 Natural Disaster Response http://t.co/WgJpMnnqy6 #pharmacy #health,can'tsay
 My time will come #patient,can'tsay
 My men at Fridays doctors appt!!!! #my #men #love #baby #boy #24wks #ultrasound @fatboi0819 @Tay_G85 http://t.co/mSJAXI8EuD,can'tsay
 My last Friday as a #CassTech #Senior we out here! #2013 http://t.co/sK35Akt8FY,can'tsay
 My girls!!! @Hannah5r @BekahSwaim #sleepover #seniors #lazy http://t.co/9iQXVGI4yW,can'tsay
 My doctor is so much cooler  then yours :) #orthopedic #surgeon  #check #up #love #him http://t.co/6x6da9R18S,can'tsay
" My CEO Diary is out http://t.co/pKILqKNllg - compassionate care, @DyingMatters #psc2013, integrated care #nhs #nhssm @heartofengland",can'tsay
 My aunt in the ultrasound room finding out the gender of my cousin and its a GIRL!! #baby #ultrasound #yay ... https://t.co/E8MR9An8iP,can'tsay
 MT @tannusquatre: Exclnt @StepAndSpine #PhysicalTherapy Press Write-Up via @VantageClinical http://t.co/8ozHAjzC8I #HappyFeet,can'tsay
 More sterling necklaces! #shopsmall #boutique #sterlingsilver #fashion #pinkjewels #senior… http://t.co/JLIrLgHJEG,can'tsay
 More sterling necklaces! #shopsmall #boutique #sterlingsilver #fashion #pinkjewels #senior #sweetsixteen #bow... http://t.co/MpDjosxLVn,can'tsay
 Moms: Jogging with a Stroller? Here is How to Prevent Aches and Pains? http://t.co/il37eM18VA #PhysicalTherapy #PelvicMafia #NewMOms,can'tsay
 Missouri Legislative News | Citizens Commission on Human Rights of St. Louis http://t.co/7OqXmqbSbb #cchr #psychiatry,can'tsay
 Miam #Nutrition http://t.co/xwJUy3kufY,can'tsay
 Me&amp; @Bite_My_Naya Bouta Have 231 On Smash #Seniors ????,can'tsay
 me and my bitches to old and to classy for the bs ... #seniors #2014 ..,can'tsay
 Maybe I can get a border collie for free #NHS MT @DiscoverMag: Effect of petting a dog on immune system http://t.co/HtIAm89chd @srslyscience,can'tsay
" Matthew my #son #baby #mamasboy #love #spoiled missing #teeth matthew_hitman @ Grand-parents House http://t.co/mO5l7lUlPe place <tweepy.models.Place object at 0x01D743D0> coordinates {u'type': u'Point', u'coordinates': [-121.86799393, 37.40729006]}",can'tsay
 Maryland Gastroenterologist for Digestive Problems http://t.co/oDKBGWN6uw via @GagayMedStudent #Health #Medicine,can'tsay
 Maryland Gastroenterologist for Digestive Problems http://t.co/LqWXTHhVLt #Health #Medicine,can'tsay
 Maryland Gastroenterologist for Digestive Problems http://t.co/guUeb2NUuP #Health #Medicine,can'tsay
 MAP: State Demonstration Proposals to Integrate Care &amp; Financing for Dual Eligible Beneficiaries http://t.co/snN4qGBoSM #medicaid #medicare,can'tsay
 manforce #Pills #pharmacy #health http://t.co/IdslwjAGxU,can'tsay
 Main hall was complete madness at 2:05 #seniors,can'tsay
" Madness, Heresy, and the Rumor of Angels:   The Revolt Against the Mental Health System #psychiatry  http://t.co/0M9J1BZ3jc",can'tsay
 Macy its more powerful than UW PURP #medical,can'tsay
 Lowell Green discussing cuts to physio on @CFRAOttawa right now. RT and call in to support awareness! #onpoli #seniors,can'tsay
 Low back pain?  Try these simple stretches. #BestInRehab #PhysicalTherapy http://t.co/JlmjH2Z5wS,can'tsay
 Love the @EminenceOrganic Age Corrective Night collection w/ #argan #stemcell complex! My skin feels fabulous! http://t.co/MV3Levu6Pm,can'tsay
 Love shopping #therapy,can'tsay
" Love &amp; prayers for 7 y o Keller Surette from #GlaceBay, NS undergoing a #stemcell transplant. http://t.co/8TAqvVEZBU #aRTwouldROCK” #Healing place <tweepy.models.Place object at 0x01D74410> coordinates {u'type': u'Point', u'coordinates': [-75.71238396, 45.35575629]}",can'tsay
" Love &amp; prayers for 7 y o Kellen Surette from #GlaceBay NS undergoing #stemcell transplant http://t.co/8TAqvVEZBU #aRTwouldROCK” #Healing place <tweepy.models.Place object at 0x01D74410> coordinates {u'type': u'Point', u'coordinates': [-75.71261954, 45.35582362]}",can'tsay
" Looking forward to interviewing Beth Ulrich, EdD, RN about safe #nurse work environments #NTI2013 @AACNme",can'tsay
" Locum CT/MRI radiographer  - Bournemouth - MedicsPro Ltd #occupationaltherapy, #physicaltherapy http://t.co/OPSF7fWC6p",can'tsay
" Loaded up on #Pharma again this week, after getting almost out completely a few weeks ago.",can'tsay
 Live advanced endoscopy study day - News Press Release | http://t.co/YWF9u26pqs http://t.co/uGwWX1HGh5 #pharmacy #pharmiweb,can'tsay
 Little peanut #littlepeanut #ultrasound #baby #6weeks #somuchbiggernow http://t.co/TBzZmntJll,can'tsay
" Listen to Gregg Foos, MD  talk about Shoulder Instability  http://t.co/NAQKGtnI6V. #Newjersey #Orthopedic #physicaltherapy",can'tsay
" Listen to Gregg Foos, MD  talk about Shoulder Instability  http://t.co/NAQKGtnI6V  . #Orthopedic  #physicaltherapy  #Newjersey",can'tsay
" Listen to Gregg Foos, MD  talk about Shoulder Instability  http://t.co/NAQKGtnI6V  . #Newjersey   #Orthopedic #physicaltherapy",can'tsay
" Listen to Gregg Foos, MD  talk about Shoulder Instability  http://t.co/NAQKGtnI6V   . #Orthopedic  #physicaltherapy  #Newjersey",can'tsay
" Listen to Gregg Foos, MD  talk about Shoulder Instability  http://t.co/MzeElIrybT . #Newjersey #Orthopedic #physicaltherapy",can'tsay
" Listen to Gregg Foos, MD  talk about Shoulder Instability  http://t.co/MzeElIrybT  . #Orthopedic  #physicaltherapy  #Newjersey",can'tsay
" Listen to Gregg Foos, MD  talk about Shoulder Instability  http://t.co/MzeElIrybT  . #Newjersey   #Orthopedic #physicaltherapy",can'tsay
" Listen to Gregg Foos, MD  talk about Shoulder Instability  http://t.co/MzeElIrybT   . #Orthopedic  #physicaltherapy  #Newjersey",can'tsay
" Listen to Gregg Foos, MD  talk about Shoulder Instability  http://t.co/kzc49LsTGt . #Orthopedic  #physicaltherapy  #Newjersey",can'tsay
" Listen to Gregg Foos, MD  talk about Shoulder Instability  http://t.co/kzc49LsTGt . #Newjersey #Orthopedic #physicaltherapy",can'tsay
" Listen to Gregg Foos, MD  talk about Shoulder Instability  http://t.co/kzc49LsTGt  . #Newjersey   #Orthopedic #physicaltherapy",can'tsay
" Listen to Gregg Foos, MD  talk about Shoulder Instability  http://t.co/kzc49LsTGt   . #Orthopedic  #physicaltherapy  #Newjersey",can'tsay
" Listen to  Gregg Foos, MD  Talk about Shoulder Instability  http://t.co/MzeElIrybT      #Orthopedic  #physicaltherapy  #Newjersey",can'tsay
" Listen to  Gregg Foos, MD  Talk about Shoulder Instability  http://t.co/MzeElIrybT       #Orthopedic  #physicaltherapy  #Newjersey",can'tsay
" Listen to  Gregg Foos, MD  Talk about Shoulder Instability  http://t.co/kzc49LsTGt      #Orthopedic  #physicaltherapy  #Newjersey",can'tsay
" Listen to  Gregg Foos, MD  Talk about Shoulder Instability  http://t.co/kzc49LsTGt       #Orthopedic  #physicaltherapy  #Newjersey",can'tsay
 Lick those teeth #ink #inked #inkedup #tat #tats #tattoo #tattoos #tattooed #teeth #lick http://t.co/xViH4Qs5B3,can'tsay
 Let the beach festivities begin. #3weeks #seniors,can'tsay
 Learn about the ways to improve cardiorespiratory endurance: http://t.co/GLRyIH3MJh #PhysicalTherapy #RespiratoryTherapy,can'tsay
 Learn about the exciting career opportunities with Centra: http://t.co/HClAVVut05 #OTpeeps #OccupationalTherapy,can'tsay
" LBSA banquet with my baby mrallye?? #seniors #lbsa #memories @ Lucca's Pasta Bar http://t.co/NJVjlMgphM place <tweepy.models.Place object at 0x01D743D0> coordinates {u'type': u'Point', u'coordinates': [-117.33048414, 34.17497136]}",can'tsay
 Last in the series on shoulder #PToutcomes. Processes w/i the system important: http://t.co/1HoqFBIiTB,can'tsay
 lasix #Pills #pharmacy #health http://t.co/L1cUDC6Y12,can'tsay
 Largest genetic sequencing study of human disease: http://t.co/K9Zjo55aUq #nurses #nursng #health #diseases #DNA #genes,can'tsay
" Knee pain decreases up to one year after \prolotherapy\"" Find out what it is: http://t.co/MLbb10cSRN #PhysicalTherapy #OTpeeps""",can'tsay
 Kimberly Kane gets fucked and a big facial cumshot: Kimberly Kane Kimberly Kane Facial http://t.co/wKO7RvaZgx #medicine #drugs,can'tsay
" Kids living in a fast paced 'hook up' culture, how does this impact their #mHealth? http://t.co/Ui8U9k9EYr",can'tsay
" Key reading for #CCGs: Consultation open on Monitor guidance for procurement, competition and #patient choice: http://t.co/BmefMuYiWZ",can'tsay
" Just seen my mums arm. Life changing injury because of a lazy, couldnt be bothered nurse. Legal advice would be much appreciated #nhs",can'tsay
" Just hanging out, trying to suck on her kneecap. #baby #girl #belle #cutie #weirdo #ultrasound #23weeks http://t.co/2yPsDLmzqh",can'tsay
 Just had a waxa physio sesh #ultrasound,can'tsay
" Just gone off the stage, and I need your voice! In a couple of minutes, we'll ask you to text F to 868464 #mhealth http://t.co/XPgBl4KxJV",can'tsay
" Jury foreman says life or death decision unfair: In the Jodi Arias trial, the jurors faced a decision... http://t.co/yCV54yaC8B #seniors",can'tsay
" June and July are gonna be a massive couple of months! frequency this week, stone roses the next and 'melt' in July! Praying for sun! #rehab",can'tsay
 Join one of the top #healthcare systems in the southeast: http://t.co/8Ggsy4Jfuc #OTpeeps #OccupationalTherapy,can'tsay
 I've literally have listened to 22 by @taylorswift on repeat for the past 45 minutes. I'm addicted and need help #rehab,can'tsay
 I've been #watching #psych for the past couple of #hours!,can'tsay
 It's official! Dream come true #physicaltherapy #classof2016 http://t.co/mNp7HsveIY,can'tsay
 Is this any good etc?   #nutrition  http://t.co/2lYy7BdZvz,can'tsay
 Is organic really better? http://t.co/SHnSf2kc3w #organic #nonorganic #food #health #nutrition #certifiedorganic #organicfood,can'tsay
 iRobot #spine #surgery #stemcell #osteocell #graft #bone #transplant #ouch #instrumentation http://t.co/DlmXRA2M50,can'tsay
 IRAS (integrated research application system) is slowly killing me &amp; am only doing an #NHS service audit. I will not let it beat me!,can'tsay
 Inverse Care Law = those  who least need care get most &amp; those who most need care get least. Just another private healthcare obscenity #NHS place <tweepy.models.Place object at 0x01D82E70>,can'tsay
 Interview with @pknoepfler on recent #stemcell discoveries: http://t.co/UoxydNO9Cv Learn more in his upcoming #book: http://t.co/alTpIcF5Zw,can'tsay
 Integration of Metabolic and Gene Regulatory Networks Modulates the C. elegans Dietary Response http://t.co/ceAZogSLrU #genomics  #nutrition,can'tsay
" Inside Solitary Confinement. An #iview doc about a broken system, #mentalhealth and #isolation.  http://t.co/Ble8RJWmox",can'tsay
 Inhale deep and then release your stress slowly #therapy,can'tsay
" In PH we rely on authority to give PH advice. Is this benefit being weakened by scandals in police, NHS, parliament etc? #publichealth",can'tsay
 In Memorium: American Medical Authority http://t.co/Ild64OIc2J #medicine #health #patientslikeme #quantifiedself,can'tsay
" In #Oriental #medicine, the digestive system &amp; mind are considered front and back. They are one system. http://t.co/QAFzmDjWbB",can'tsay
 Impact of pay for performance on inequalities in health care: systematic review http://t.co/YWEtYw3spP @riyadhonline #PrimaryCare,can'tsay
 Immune Protect with Paractin - Clinically Shown to Boost the Immune System http://t.co/ydouHK8ucA #nutrition,can'tsay
 Immune Protect with Paractin - Clinically Shown to Boost the Immune System http://t.co/c4BLqghqsh #nutrition,can'tsay
 I'm SO excited for Friday now! #seniors,can'tsay
 I'm doing my exercises and getting better thanks to @wellpepper #physicaltherapy,can'tsay
" If you need to talk, I will pretend to listen. #psychiatrist",can'tsay
 I won like five minutes ago.... #sorry #psychology http://t.co/TEpkKVr07C,can'tsay
" I was born to be a #PhysicianAssistant! We have PA DNA, hardwired to care for patients says DCAPA's Howard Straker. #PAsTakeDC",can'tsay
 I want a good man. In time he will come.. #Patient,can'tsay
 I told jake 2 months ago that Adam ferrera was leaving top gear. He actually believed me. #psych #trickedhim,can'tsay
 I take care of my #spine and nervous system. #Chiropractic #Affirmations  http://t.co/hb2M4Skbgp,can'tsay
 I really need my medical card. #stressed #legal #notsohigh #medical,can'tsay
 I really need my medical card. #stressed #legal #notsohigh #medical,can'tsay
 I met them just weeks ago but it feels like we've been friends forever. &lt;3 #fortune #pharmacy #duty,can'tsay
 I love Elon. #longliveelon #graduation #seniors #congrats,can'tsay
 I love all of you guys ?? #seniors http://t.co/BLoCZq6NCb,can'tsay
" I lied, the roles of the sympathetic adreno medullary system and pituitary adrenal system are so confusing #psychology",can'tsay
 I hope everyone had a safe and good weekend:) #physicaltherapy #orthopaedic #rehabilitation #sportsmedicine #woodlandhills,can'tsay
 I have pee'd 6 times in the past 10 minutes..... #sickkidprobz #medicine #tea #water #piss :p,can'tsay
 I feel weird about writing this report. it feels oddly personal. #feelingweird #mentalhealth,can'tsay
 I can hear the babies little ? beating awww #ultrasound #friend #baby http://t.co/6n4faH6u4v,can'tsay
 I am throwing an #mhealth rant during a TEC talk at #eHealth13,can'tsay
 Human Security -- A New Response to Complex Threats #sdoh  http://t.co/tpkof8sbVW,can'tsay
" http://t.co/Smi3TxyXZZ #Coca-Cola Sign w/ #Nurse, 31942 by Ruby + George on @OneKingsLane #wwii #1940s #cokesign #vintagecollectibles #coke",can'tsay
 http://t.co/nnVnbCioZ7 #Ultrasound #Images #HumanBody #Medicine #Echoes #SoftTissue #Bones #Organs #Fluid #Pulses #Kidneys #Stomach #Brain,can'tsay
 http://t.co/nnVnbCioZ7 #Ultrasound #Images #HumanBody #Medicine #Echoes #SoftTissue #Bones #Organs #Fluid #Pulses #Kidneys #Stomach #Brain,can'tsay
 http://t.co/NljxiFrGcR #Intellectual #Property #Medical #Professional INTELLECTUAL PROPERTY FOR THE MEDICAL PROFESSIONAL,can'tsay
 http://t.co/FVY2BpHCTg Gurunath Meiyappan arrested in IPL betting case http://t.co/EdYNeSvcVn #nurse #datacenter #asia #biztips #woolwich,can'tsay
" http://t.co/8T7E6uYNdf #Occupational #Therapy #Performance Occupational Therapy: Performance, Participation, and Well-Being",can'tsay
 http://t.co/3o1ruaMuUQ Blog Update! Talking #physicaltherapy with Dr. Ben Fung! #bizPT http://t.co/IESyELWTG2,can'tsay
 http://t.co/3o1ruaMuUQ Blog Update! Talking #physicaltherapy with Dr. Ben Fung! #bizPT,can'tsay
 http://t.co/1KoXUtMFJj #Human #Nutrition #Spirulina Spirulina in Human Nutrition and Health,can'tsay
 How to Know the Cause of #Thyroid #Disease and its Treatment http://t.co/iSz77cGqCJ,can'tsay
 How to keep up?New name for novel #coronavirus is Middle East #respiratory syndrome coronavirus (MERS-CoV)  -http://t.co/kbJW0evbss,can'tsay
 How To Detect #Breast Cancer Early http://t.co/FO3zXWgYtP #Mammograms,can'tsay
 How to choose the right senior day care center http://t.co/CRw44tEN2z #senior-day care,can'tsay
 How the Greatest Generation makes health care decisions #hcmktg #seniors http://t.co/UbMwGTYKQd,can'tsay
 How the Greatest Generation makes health care decisions #hcmktg #seniors http://t.co/Nhldg4EQAt,can'tsay
 How is servant leadership essential to #OccupationalTherapy? http://t.co/7TOZanzGhv #OTpeeps,can'tsay
" Hospitals profting from bloodstream infections, could there be a better metaphor for a broken system? http://t.co/tjq7qJNMbd #singlepayer",can'tsay
 Homeopathic Vibes Now Open Late on Wednesdays - PR Web (press release) http://t.co/d4PYlr7gho #medicine,can'tsay
 Holy crap! Our program saw a lot of patients this past weekend. I bet we r past our goal number! #cpep #mentalhealth,can'tsay
 Hiring a Director Outpatient Services - Behavioral Health Opportunity Job: General Health Servi... http://t.co/PkswA8sZuB #nursing #jobs,can'tsay
 Hill's Pet Nutrition's Disaster Relief Network Sends Needed Pet Food and ... - PR Newswire (press r... http://t.co/s4qAg7qUVb #nutrition,can'tsay
 Here's the little fella! :D measuring at 13 weeks even. #thumbsup #ultrasound #BabyOrrNumber2… http://t.co/B4YFC5vSFZ,can'tsay
 Here it is: http://t.co/BDxJHHfOZv #StickMan #StickMan #StickMan #StickMan #Stickman #MentalHealth #StickMan #Stckman #StickMan #RT,can'tsay
 Helping With Stress Mgmt. Free Downloads http://t.co/sRkG7SD8a8 #milhealth,can'tsay
 Help @HavasPR client @GoutEducation #TakeAStandOnGout. Visit new info kits for #patients &amp; #medical pros http://t.co/l3S7ccKTG1. #GAD2013,can'tsay
 Health Insurance Marketplace &amp; Women's Health {Video} http://t.co/aBMUvRxKfG #Caregivers #Patients #WomenHealth,can'tsay
 He was kicking mommy during the ultrasound #baby #ultrasound #kick #love @Stevies4life http://t.co/7g3IipXSVa,can'tsay
" Having an MRI scan in a couple of weeks, worried is an understatement. #mri #brain",can'tsay
 Have a safe holiday weekend to all!  #physicaltherapy #PhysioPT,can'tsay
 Have a resource that should be included in the new #womenshealth #physicaltherapy resource directory? #pelvicmafia http://t.co/i8DM0CKIVM,can'tsay
 Have a canker sore?  This could remove it in just 4 minutes - and keep it from returning. http://t.co/fgl41EB7Ty #orthodontics,can'tsay
 Happening NOW @CTIAShows -  @AnthonyShimkin session on #wirelesshealth business models in the Sands Expo - Bellini 2104-2105 #CTIA13,can'tsay
 Hand splints that look like jewellery - suspect my 8yo wld love when a bit older #disabilityglam #occupationaltherapy http://t.co/fbKULt4Iqb,can'tsay
" Great example of #mhealth for #globalhealth | Improving Maternal Health Care, One Text At A Time http://t.co/wmAmXZBRrg @SharonDAgostino",can'tsay
 Graduation time! #Seniors #2013,can'tsay
 Graduation cake.... #senior #2k13 #army http://t.co/kzdtuyClPL,can'tsay
 Got an annoying niggle? Beware of the never treated ankle sprain you had years ago! #movement #rehab,can'tsay
 Got a little off track the past couple months but now I am back and ready to roll! #medschool #applicationseason,can'tsay
 Got a doctor's appointment for my knee in an hour! #PhysicalTherapy,can'tsay
 Gorgeous Saturday! Heading to the #Rays game?! Stop into @RehabExchange on the way to the #Trop! #Rehab #Boutique http://t.co/EXvJEwBGHH,can'tsay
 Good News: On that #Senior status! ;D Tomorrow we head to #Tulsa #airport then to #Dallas airport the… http://t.co/9LZQjMgfcs,can'tsay
 Gonna miss them.. #sayinggoodbye #graduation #seniors  2013 http://t.co/HIBLZJvSS6,can'tsay
" Going tuxedo shopping with my baby today ? #prom2013 #seniors place <tweepy.models.Place object at 0x01D82F90> coordinates {u'type': u'Point', u'coordinates': [-73.84460697, 40.95198843]}",can'tsay
 Glutamine at Bedtime - Growth Hormone Releaser and Mental Performance Enhancer http://t.co/eilnX6ZPIo #nutrition,can'tsay
 Glutamine at Bedtime - Growth Hormone Releaser and Mental Performance Enhancer http://t.co/2zO1hy9SH7 #nutrition,can'tsay
 getting swoll #physicaltherapy #2pounds,can'tsay
 Gd night :) #slp,can'tsay
 Ga. #physician pursued private practice after leaving Army 18 years ago; now he's going back. http://t.co/lMWXV0oSk5 (@dvidshub),can'tsay
" From the Archives: : Snow, Surgery... http://t.co/CK8B73rq6b #Atlanta #Blog #Daddy #Eyes #Family #Holidays #Medical #Mommy #Strabismus",can'tsay
 Found to Increase Detoxifying Enzymes and Promote Healthy DNA Function http://t.co/QTb2vY8k4f #nutrition,can'tsay
 Found to Increase Detoxifying Enzymes and Promote Healthy DNA Function http://t.co/KE7UXJxOR3 #nutrition,can'tsay
 Foetal stem cell therapy improves spinal function - http://t.co/XlJugSIBKB coverage by @zeenews #medicine #health,can'tsay
 First game homer. Bang bang #Seniors #Mets,can'tsay
 Find out why it is better to #exercise on an empty stomach.  Read more #health #nutrition - http://t.co/0lwyWMaylV,can'tsay
 Females always come 2 me for advice #therapist #councelor,can'tsay
 Feeling so thankful for all the friends I've met in the past couple months ? #EDSers #spoonies #lifelongfriends,can'tsay
 Fat Nats Eggs at 10:30 ! #seniors,can'tsay
 Failing of balance test-bipedal stance on foam w/eyes closed+dec health&amp;activity=potential fallers http://t.co/rTqt39f90c #physicaltherapy,can'tsay
 Excited to open the newest location today of SERC Physical &amp; Hand Therapy in #PleasantHill #physicaltherapy Can't wait to see my first pt!,can'tsay
 Everything is ending and I'm starting to not like it :( #seniors,can'tsay
 Every now and then a jewel of awesomeness comes up on my Twitter feed. Thank you #neuroscience for your press release regarding #copper!,can'tsay
 ENDS TONIGHT! #Win a $25 Bluerane GC @JRFrugalMom @Bluerane3 is a #maternity #nursing &amp; #baby boutique #giveaway http://t.co/4COc7ke7R3,can'tsay
" Employers may have #PPACA knowledge, but do they have the wisdom to make the right decision? #HCR - http://t.co/yH8m88IpB9",can'tsay
" Employers may have #PPACA knowledge, but do they have the wisdom to make the right decision? #HCR - http://t.co/xgq9PBDiUF",can'tsay
" Employers may have #PPACA knowledge, but do they have the wisdom to make the right decision? #HCR - http://t.co/WVJxyceTjD",can'tsay
" Employers may have #PPACA knowledge, but do they have the wisdom to make the right decision? #HCR - http://t.co/QJSaJcXx5P",can'tsay
" Employers may have #PPACA knowledge, but do they have the wisdom to make the right decision? #HCR - http://t.co/L9niIYzPfx",can'tsay
" Employers may have #PPACA knowledge, but do they have the wisdom to make the right decision? #HCR - http://t.co/jHioOHJfYb",can'tsay
" Employers may have #PPACA knowledge, but do they have the wisdom to make the right decision? #HCR - http://t.co/ImUfeaaVBD",can'tsay
" Employers may have #PPACA knowledge, but do they have the wisdom to make the right decision? #HCR - http://t.co/gZgMYrz2b9",can'tsay
 Elderly patients will get personal #NHS worker to coordinate health #care http://t.co/FTWOAWv4vZ,can'tsay
 Echinacea and its Influence on the Immune System = Anti-viral Benefits http://t.co/ukeO85JJmL #nutrition,can'tsay
 Echinacea and its Influence on the Immune System = Anti-viral Benefits http://t.co/IClOAP0yYl #nutrition,can'tsay
" East Anglians are more stressed than Londoners, 36% feel stressed at least 1x per wk compared w/Ldn 30% #MentalHealth #VikingStressStudy",can'tsay
 DSM-V is Mind Boggling. Can't keep everyone happy. Human minds are too complex? http://t.co/OHVUPq14NX #psychiatry,can'tsay
 Drs. Dave &amp; Dee: Human Growth Hormone and Anti-Aging http://t.co/QnUPpIeNoH #health #wellness #senior #aging,can'tsay
 Drs. Dave &amp; Dee: Human Growth Hormone and Anti-Aging http://t.co/QnUPpIeNoH #health #wellness #senior #aging,can'tsay
 Drinking half a gallon of water every day can help you loose wait. #health #nutrition #fact,can'tsay
 Dr. Sigsbee in DC meeting with Rep. Paul Ryan R-WI. Discussed CMS cuts of NCS/EMG. @aanmember #neurology http://t.co/qGLkmtxUqJ,can'tsay
 Dr. Levinson shares when #grief becomes problematic and when you may need to seek #professional #help http://t.co/6UlFONSCwf #therapy,can'tsay
 Double banging on the ultrasound today. #ultrasound #ut #inspection #olympus #steel #work http://t.co/0ihYpgEFax,can'tsay
 Done! #senior #class2013 #seniorchecklist #graduating http://t.co/EFSVfIZK4G,can'tsay
 Don’t let #Medicare dictate your #medical Care.  Talk to Kappel &amp; Apple http://t.co/Bk0nuWZgl5 @_JohnCurry_,can'tsay
 Do you want to learn more about #vascular #ultrasound? Vascular Big Day Out. http://t.co/PtPjbjvTYB Register now! #sonographers,can'tsay
 Do all your therapy co-workers like you? Maybe not! Here are 25 reasons why: http://t.co/vblSVF7r2C #PhysicalTherapy #OTPeeps,can'tsay
 Diabetes is caused by free radical damage. High quality food will strengthen your immune system. #seniors http://t.co/F9KfW0NQxP,can'tsay
 Detailed Fact Sheets about the HealthRights of Young Ppl in the Care System #ChildWelfare #YouthJustice #MentalHealth http://t.co/Ej1De2e7W0,can'tsay
" Deciding what treatment is right for you: Degree of bother, goal of treatment #UCLAMDChat",can'tsay
" Dear @Oprah This w/e Kellen Surette is undergoing a #stemcell transplant. He's 7 &amp; from #GlaceBay, NS. http://t.co/WvldCQ5yLM #aRTwouldROCK",can'tsay
 Dear #NHS .... THANK YOU! X     #HammersmithHospital,can'tsay
 Day 20 of 25: Compounding of Vit. B Complex Day 2. 5 days to go. #intern #manufacturing #pharmacy #fb,can'tsay
 Day 19 of 25: Compounding of Vit. B Complex. Nakakangalay sa braso ang pag-sieve. :( 6 days to go. #intern #manufacturing #pharmacy #fb,can'tsay
 Day (+8) Memo: Run down on transplant process with 'Engrafmemt' in particular: http://t.co/0uVSfDddjj #StemCell #Lymphoma,can'tsay
" Daily Nursing Jobs: Staff Nurse II PreOp\PACU Brenham Hospital, Brenham TX, Scott and White Healthcare http://t.co/gzrz4wQHO2 #jobs, #nurse",can'tsay
 Dad and I are wearing matching flannels #Mhm,can'tsay
" Critical care patients have major health and financial problems 12 months after discharge,... http://t.co/N91eGx14j1 #Medical #Journals",can'tsay
 Coolin wit the bros at Santa Fe #gainesville #seniors #santafe http://t.co/flIsxRLSzJ,can'tsay
" Contrast, Alignment, Repetition, Proximity: the basics of visual #design that promote #ptsafety through #patientguard http://t.co/6mUarK8dhD",can'tsay
" Cont... #Following hes release, He had a #Court date, Well that date Came and #Dude was DIRTY. Now #REHAB or #JAIL is hes only option.",can'tsay
" Construction activity and rent growth accelerate in senior housing, while occupancy remains the same: http://t.co/CHnBAHn3tt #LTC #ALF",can'tsay
 Comparative effectiveness of a complex Ayurvedic treatment and conventional standard care in osteoarthritis of...  #nutrition,can'tsay
" Company profile UNIVERSITYMEDNET MEDICAL SUPPLY, INC. - http://t.co/byba482WSB  #UNIVERSITYMEDNET #MEDICAL #SUPPLY, #INC.",can'tsay
" Company profile SOUTHWEST SPINE CARE, INC. - http://t.co/M5VIrx5nN1  #SOUTHWEST #SPINE #CARE, #INC.",can'tsay
 Company profile HEINEBERG SENIOR HOUSING - http://t.co/lRcJleMNIc  #HEINEBERG #SENIOR #HOUSING,can'tsay
 Combating Metastatic Cancer Through Immune System Modulation http://t.co/OsZp0nWgkM #vaccines #immunesystem,can'tsay
 Columbus Dispatch report details the brokenness of today's #mentalhealth system. http://t.co/KeuOtOxTl8,can'tsay
 Colon keeps Astros off balance to seal sweep.#StemCell treatment seems to be fair in shoulder injury. He is 40 http://t.co/zw5VRAWAOa,can'tsay
 Choose Wisely. Kelak Menyesali. #Life #Choice #Human #Behaviour #Psychology http://t.co/3CwkwfETxt,can'tsay
 Check out our email update for the latest children's #mentalhealth and system of care news and resources. http://t.co/N4m3WnoiNo  #txmh,can'tsay
 Check if you have a #Thyroid disorder #ThaiKiradechAphibarnrat #SouthAfrica http://t.co/MoWEZ6BZu4 http://t.co/m6VWAwCYNQ,can'tsay
 Chaturanga #yoga has the potential to injure the shoulder if not done correctly http://t.co/vKjhnUSsY1 #PhysicalTherapy,can'tsay
 Catching up with #madeinchelsea @LouiseAThompson you so cray cray. #therapy,can'tsay
 Can't wait to see my witttle baby on the 3rd! ??? #ultrasound,can'tsay
 Canadian Healthcare job opportunity: (Hope): Physiotherapist http://t.co/WIY9M8iBfC #physio #therapy,can'tsay
 Can Big #Pharma put #patients first? http://t.co/4F71NFlkIG #CMEchat,can'tsay
 C14SS OF 2014 #senior #takeoverday #tomorrow #army #camo #wetakinovaaa #mandarin #mustangs #C/o2014… http://t.co/TMimBwmGa6,can'tsay
 Busy day today at@TNSRADIO_ #OnwardsAndUpwards #Business #Recruitment #AnyoneLookingForAJob? #Nurses #CallMe,can'tsay
 Busy day today at@SIWpolitics_ #OnwardsAndUpwards #Business #Recruitment #AnyoneLookingForAJob? #Nurses #CallMe,can'tsay
 Busy day today at@Roscoenydd #OnwardsAndUpwards #Business #Recruitment #AnyoneLookingForAJob? #Nurses #CallMe,can'tsay
 Busy day today at@MOSTNOIIZ_ #OnwardsAndUpwards #Business #Recruitment #AnyoneLookingForAJob? #Nurses #CallMe,can'tsay
 Busy day today at@monzelly_ #OnwardsAndUpwards #Business #Recruitment #AnyoneLookingForAJob? #Nurses #CallMe,can'tsay
 Busy day today at@goodbye2pains8 #OnwardsAndUpwards #Business #Recruitment #AnyoneLookingForAJob? #Nurses #CallMe,can'tsay
 Busy day today at@Gilbertcfii #OnwardsAndUpwards #Business #Recruitment #AnyoneLookingForAJob? #Nurses #CallMe,can'tsay
 Busy day today at@CrankyHermitNV_ #OnwardsAndUpwards #Business #Recruitment #AnyoneLookingForAJob? #Nurses #CallMe,can'tsay
 Busy day today at@brittewilliams_ #OnwardsAndUpwards #Business #Recruitment #AnyoneLookingForAJob? #Nurses #CallMe,can'tsay
 Busy day today at@brianium_ #OnwardsAndUpwards #Business #Recruitment #AnyoneLookingForAJob? #Nurses #CallMe,can'tsay
 Busy day today at@asimplepac_ #OnwardsAndUpwards #Business #Recruitment #AnyoneLookingForAJob? #Nurses #CallMe,can'tsay
 Busy day today at@agnetafurvik_ #OnwardsAndUpwards #Business #Recruitment #AnyoneLookingForAJob? #Nurses #CallMe,can'tsay
 Busy day today at@__rainbow_spark #OnwardsAndUpwards #Business #Recruitment #AnyoneLookingForAJob? #Nurses #CallMe,can'tsay
 Busy day today at@__AimeeDauphin #OnwardsAndUpwards #Business #Recruitment #AnyoneLookingForAJob? #Nurses #CallMe,can'tsay
 Brusha brusha brushaa kid loves to brush them teeths ?? #baby #bedtime #teeth #combover http://t.co/9SD67Lc2A6,can'tsay
" BPD News: Clearview Treatment Programs Clinical Director to Present on DBT and ... - PR We... http://t.co/b3oBN247qi #bpd, #mentalhealth",can'tsay
 Blue/yellow #nursing cover/ Tablier d'allaitement by MamanGateau http://t.co/P4BDk4mLPK via @Etsy #breastfeeding #british #gift #baby,can'tsay
" Blog Update! Talking  #physicaltherapy  with +Dr. Ben Fung, PT, DPT  #bizPT   http://t.co/tp1qiYWCVh",can'tsay
 Beware the urgicare-ization of medical care. #medicalhome,can'tsay
 Besties a #rn,can'tsay
" Been rewired, had a bad connection, now I gat full bars... What's that? Good reception #rehab",can'tsay
 Beatz in my ears #physicaltherapy,can'tsay
 Be perfect #fridaynightlights #lasik,can'tsay
" Baylor Health Care System #Nursing #Job: Registered Nurse ( #WAXAHACHIE , TX) http://t.co/ooJpuTqGtv #Jobs #TweetMyJobs place <tweepy.models.Place object at 0x02A4EFB0> coordinates {u'type': u'Point', u'coordinates': [-96.8483311, 32.3865312]}",can'tsay
" BAYADA Home Health Care #Nursing #Job: RNs and LPNs to care for Sweet 14 year old in Ke... ( #Kearny , NJ) http://t.co/ZnVjx78mba place <tweepy.models.Place object at 0x01EF3E50> coordinates {u'type': u'Point', u'coordinates': [-74.1181234, 40.7593718]}",can'tsay
" Based on this hypothesis, it's believed that desire is treated like an episodic memory of gene that ancestors had in the past. #neuroscience",can'tsay
 bactrim #Pills #pharmacy #health http://t.co/XZpzmrfXVS,can'tsay
" Back to work after the Holiday weekend. 7 different pt reports of broken bones on my desk. Everyone playing outside, I see... #pediatrics",can'tsay
" Back to my suggestion about Improv - from a few weeks ago - \Told ya!\"" #SecondCity #ragansocial""",can'tsay
 Baby Prophet is already 5 lbs and 9oz. #doyouseewhatisee #babyboy #baby #boysrule #ultrasound http://t.co/H3N2uCwse2,can'tsay
 Baby girl! #23weeks #ultrasound #baby #hospital  #girl ? http://t.co/xaUh4oPUFJ,can'tsay
 Baby Cardoza! lostmouse28 and I white bean. We ? you baby.???????? #baby #ultrasound #boy #girl… http://t.co/82Jtg37FW4,can'tsay
" Attend the #Nurse #Recruitment #OpenDay on 8th June in New Cross Hospital, #Wolverhampton!http://t.co/eSF0iLjtz9 #jobs #Midwife #Health",can'tsay
 Asthma is caused by free radical damage. High quality food will strengthen your immune system. #seniors http://t.co/F9KfW0NQxP,can'tsay
" As I am helping clients train for their next 5K, injury prevention is crucial to training properly! #PhysicalTherapy http://t.co/RWRXvhvZWr",can'tsay
 Arizona man's chronic runny nose is not due to allergies - he's leaking brain fluid! - http://t.co/Zd4sx4bikn #medical #bizarre #allergies,can'tsay
 Are you wondering what your patients are actually thinking? http://t.co/kki48WcV6y #PhysicalTherapy #OTpeeps #RespiratoryTherapy,can'tsay
 Are you a new reader of #Cancer #StemCell News? Miss a couple issues? Catch up by reading our past newsletters! http://t.co/yhza2jQ9Ku,can'tsay
 Are #nurses neglecting an essential part of their education and knowledge base?http://t.co/JhAczLZ1QG,can'tsay
 Any OT's/OTstudents have experience using OTIPM 2 guide their practice? Is it preferred model as oppose2 PEO? #OTpeeps #OccupationalTherapy,can'tsay
 any help on #rehab #centers in #Egypt?,can'tsay
 Another half mile #swimming in the pool and 12 miles #cycling. Feels good to be active again after a year of nursing #spine injury. #health,can'tsay
 Another chat/webinar: RT @UCLAHealth: Starting vaginal prolapse webinar in just a few minutes. http://t.co/3JDZld3pon  #UCLAMDChat,can'tsay
 Alert Line - What to expect during a #ultrasound in the last weeks of #pregnancy http://t.co/dlyioIydNu,can'tsay
 Ain't nobody messing with my clique!!! C/O 2014 #seniors,can'tsay
" Aging Slows Growth Hormone Release Which Effects Sleep, Energy and Exercise http://t.co/YUxAEsn0Gr #nutrition",can'tsay
" Aging Slows Growth Hormone Release Which Effects Sleep, Energy and Exercise http://t.co/OzL93Zx4PB #nutrition",can'tsay
" Adolescence can be a very turbulent and difficult time, even for the well-adjusted teen: http://t.co/NPH9gBsu0N #mentalhealth #YAMH",can'tsay
 Added Sugars Cause Of Numerous Health Problems http://t.co/7TX7iS9hL4 #nutrition,can'tsay
 accutane #Pills #pharmacy #health http://t.co/pGHHRJ5nX1,can'tsay
" According to #neuroscience, it is experience that shapes the brain &amp; the nervous system. http://t.co/r7vhd3dWoF",can'tsay
" According to #neuroscience, it is experience that shapes the brain &amp; the nervous system. http://t.co/n3i5fw0eum",can'tsay
" According to #neuroscience, it is experience that shapes the brain &amp; the nervous system. http://t.co/Ldwy7h6I0V",can'tsay
" According to #neuroscience, it is experience that shapes the brain &amp; the nervous system. http://t.co/ceORVx6W1u",can'tsay
" According to #neuroscience, it is experience that shapes the brain &amp; the nervous system. http://t.co/0iekmyZdIo",can'tsay
 Abby's babies! #2moreweeks #kickinglikeninjas #ultrasound http://t.co/c0eVBSwmsW,can'tsay
 Ab Hoga Kya by #VitalSigns #Pakistani #pop #90s  http://t.co/QHhqToOmPV on #SoundCloud,can'tsay
 A World-Class Hospital dedicated to heart care will be built in Awali http://t.co/idB4iwrWNn #Medical #Health #Bahrain,can'tsay
" A two-cohort phase i study of weekly oxaliplatin and gemcitabine, then oxaliplatin, gemcitabine, and... http://t.co/azTz0SJtaW #oncology",can'tsay
 A healthy and snack recipe courtesy of Your Green Baby #motivatedmonday #nutrition #newmom... http://t.co/khsydvttFJ,can'tsay
" 54 scientific papers by students of #RAK #University for #Medicine were presented as lectures, posters or videos. http://t.co/2lpE5EYMd9",can'tsay
 5 tips to make your application work: http://t.co/QQwHZ28g0e #SLPeeps #PhysicalTherapy #RespiratoryTherapy,can'tsay
 5 important messages for patients when planning a discharge: http://t.co/WbEOPlmXpr #PhysicalTherapy #OTpeeps,can'tsay
" 3 years down, 1 more to go #SOREADY #SENIOR #2014",can'tsay
" 3 new ways #pharmacists may bill for services they provide. Transitions of Care, chronic care mgmt, and annual #medicare reviews.",can'tsay
" 3 layers to challenge of #midwives accessibility: supportive government, functioning health system, humane care. @CarolineHomer @UNFPA #JNJ",can'tsay
 2day w/ family &amp; friends take a moment &amp; think of 7 yr old  Kellen Surette undergoing  #stemcell transplant this wk http://t.co/qzqjCwWkuc,can'tsay
 2013 mHealth Summit Call for Presentations Now Open - PR Newswire (press release) http://t.co/ZTRDnxLpxO #mhealth,can'tsay
 2013 mHealth Summit Call for Presentations Now Open - PR Newswire (press release) http://t.co/wTTmcdZvjR #mhealth,can'tsay
 20 week ultrasound. She's so dang cute already. #20weeks #babygirl #ultrasound http://t.co/hLpHV2JgRc,can'tsay
 11 weeks &lt;3 #baby#ultrasound http://t.co/OCOSSL7VbX,can'tsay
 10 tips for therapy students to get hired after graduation: http://t.co/NKEJin8HMa #PhysicalTherapy #OTpeeps #SLPeeps,can'tsay
 10 Private #medschools with the Lowest Price Tags http://t.co/2xnmemBlJ1,can'tsay
 “Is it too late for #primarycare? I don’t think so. But we have to move quickly” writes one #MD (@kevinmd) http://t.co/SREC5EwgYz,can'tsay
" “Combating Metastatic Cancer Through Immune System Modulation,” via Medical News Today http://t.co/WE134mxRtA #oncology",can'tsay
 “@PhysAnswers: http://t.co/DVDN5mtVSS Blog Update! Talking #physicaltherapy with Dr. Ben Fung! #bizPT http://t.co/xoTnHOeRPW”,can'tsay
 “@His_Babecakes: 11 More Days Of School.! #Seniors” *10,can'tsay
 “@boomhauer52: This baby gotta head like hers #ultrasound”--- how many kids. U got ??,can'tsay
" \your fingers are like magical baby wieners\"". #Psych""",can'tsay
" \You don't have true #medicine in a monetary system.\"" -- Jacque Fresco #thevenusproject #science #medicalresearch #technology #nonprofit""",can'tsay
" \The Decline and Fall of American Medical Authority\"" http://t.co/Ild64OIc2J #health #medicine #patientslikeme #quantifiedself""",can'tsay
" \Stress Handling\"" glands and the connection to #Weight #Gain",can'tsay
" \He died.\"" \""Yes",can'tsay
" \Do you think that's crazy?\"" \""No",can'tsay
" \Did you find my husband?\""  Yea wanna meet him? Yea! He's a dr....dr. Pepper  WHAT HAHA #seniors #sportsweekend""",can'tsay
" \Changes\"" from the mixtape #Therapy by Platini on #SoundCloud https://t.co/Mwsc8gVOWZ""",can'tsay
" \Black it up Pat\"" #SLP @ReidArmstrong3""",can'tsay
" \@kristen_hallam: ReNeuron Rises Most in 3 Months on Interim Stroke Data http://t.co/Zy5HYOxFkq via @BloombergNews #stemcell\"" UK success!""",can'tsay
" \@DawnieMorgan: @alanROYGBIV lookie #stemcell #treatment #cerebalpalsy http://t.co/LYvOokd2oe\""""",can'tsay
" @YummyMummyClub This w/e Kellen Surette undergoing a #stemcell transplant.He's 7 &amp; from #GlaceBay, NS. http://t.co/WvldCQ5yLM #aRTwouldROCK",can'tsay
" @wilw This w/e Kellen Surette is undergoing a #stemcell transplant. He's 7 &amp; from #GlaceBay, NS. http://t.co/WvldCQ5yLM #wewanthimtoLLAP  :D",can'tsay
" @Vemma anyone here from indonesia?? #vemma #nutrition #energydrink. place <tweepy.models.Place object at 0x01EF3FD0> coordinates {u'type': u'Point', u'coordinates': [112.5273533, -7.8716077]}",can'tsay
" @VanessaLGarrity Wish I'd been with my baby - was separated for 3 weeks, still grieve that time now, slowed my recovery #wemidwives",can'tsay
 @trotlinedesigns gmo is pseudo science for profit not real science. much like #pharmaceuticals!,can'tsay
 @TheMikeEllis WOW!  #Spokane loves our #Seniors!  @mowspokane @kxly920 @KREMSten,can'tsay
 @TelegraphNews #NHS DEAD #RIP,can'tsay
" @strombo This w/e Kellen Surette is undergoing a #stemcell transplant. He's 7 &amp; from #GlaceBay, NS. http://t.co/WvldCQ5yLM #aRTwouldROCK",can'tsay
" @spenncahh ... #psych place <tweepy.models.Place object at 0x027915F0> coordinates {u'type': u'Point', u'coordinates': [-157.94116626, 21.38524924]}",can'tsay
" @sethmeyers This w/e Kellen Surette is undergoing a #stemcell transplant. He's 7 &amp; from #GlaceBay, NS. http://t.co/WvldCQ5yLM #aRTwouldROCK",can'tsay
" @Sebelius @HHSGov Give non nursing home dual eligible the right to \Opt-Out\"" of forced privatized #Medicare-Medicaid HMOs""",can'tsay
" @readingrainbow This w/e Kellen Surette's undergoing a #stemcell transplant. He's 7 &amp; from #GlaceBay, NS. http://t.co/WvldCQ5yLM #bydhttmwfi",can'tsay
" @Raffi_RC This w/e Kellen Surette is undergoing a #stemcell transplant. He's 7 &amp; from #GlaceBay, NS. http://t.co/WvldCQ5yLM #aRTwouldROCK :D",can'tsay
" @questlove  This w/e Kellen Surette is undergoing a #stemcell transplant. He's 7 &amp; from #GlaceBay, NS. http://t.co/WvldCQ5yLM #aRTwouldROCK",can'tsay
 @ProjectKernel @atkinsglobal dont forget abt the #wheelchair traveller in your plans build #accessibilty in don't exclude it thro bad design,can'tsay
 @PerformWilde not to mention essential to balance PRAL for healthy bones and most bodily functions! #nutrition #health #pral,can'tsay
 @milau5 Met a few peeps from Gotham a few weeks ago while in Chicago! Great people and Great Brand! #RaganSocial,can'tsay
" @meredithheron This w/e Kellen Surette 's undergoing #stemcell transplant. He's 7 &amp; from #GlaceBay, NS. http://t.co/WvldCQ5yLM #aRTwouldROCK",can'tsay
 @LouiseeManningg hahaha before you know it you'll be having it every minute of the day #Rehab is calling you baby hahahaha xxxx,can'tsay
 @legendofrebecca Yaaaaay #sleepdeprivation,can'tsay
" @julijuxtaposed @sinnaluvva But do ppl know which party wld boost #NHS, affordable housing &amp; job creation; &amp; which wld give more 2 the rich",can'tsay
 @johnclarke97 I became clean from that drug many months ago #rehab,can'tsay
" @HaatchiHD visit this wonderful #dog, haatchi's fb pg&amp;donate toward his #rehabilitation-he is 1 of my customers&amp;has had a massive op even £1",can'tsay
 @GloriaBB2 Also finding out that my doctor may have over done the injections. Treatment of over a year yet required is 7 weeks. #malpractice,can'tsay
 @GinaAlex The judge called the pony a liability hazard &amp; cited an example that if he'd run from a small pig if it was charging at him #Teeth,can'tsay
" @GeorgeReese shockingly, the ADA &amp; American Academy of Pediatrics have actually spent looked into the data &amp; written guidance. #publichealth",can'tsay
 @Genshere going to use you as a student example for my @QMUniversity talk on June 3rd ;-) #rd2be,can'tsay
 @GEHealthcare Great visual guide! Even better when benefits #physicaltherapy and #speechandlanguagetherapy are added #EBP @hannekekalf,can'tsay
" @GaryChampagne This w/e Kellen Surette is undergoing #stemcell transplant. He's 7 &amp; from #GlaceBay, NS. http://t.co/WvldCQ5yLM #aRTwouldROCK",can'tsay
" @gadgetgirl_ca This w/e Kellen Surette's undergoing a #stemcell transplant.He's 7 &amp; from #GlaceBay, NS. http://t.co/WvldCQ5yLM #aRTwouldROCK",can'tsay
 @Earthdwella I also understand the number of GP's and local Surgeries are not matching population growth. #NHS #NoBrainer,can'tsay
 @DiverseOT I offer advice on this but never preach and I don't expect it to be achievable 100% of the time. good to aim for though #occhat,can'tsay
" @ddlovato This w/e Kellen Surette is undergoing a #stemcell transplant. He's 7 &amp; from #GlaceBay, NS. http://t.co/WvldCQ5yLM #aRTwouldROCK",can'tsay
" @CUNTlE if u r so sure she's a bitch, why do u talk about her so much #therapy",can'tsay
" @cstclair This w/e Kellen Surette is undergoing a #stemcell transplant. He's 7 &amp; from #GlaceBay, NS. http://t.co/WvldCQ5yLM #rayofsuninaRT?",can'tsay
 @Colvinius @maryellenfield Peter completed his charity run this morning. He's  a champion. https://t.co/XFX5sa2Ql8 #organdonation,can'tsay
" @ChicaNovo This w/e Kellen Surette is undergoing a #stemcell transplant. He's 7 &amp; from #GlaceBay, NS. http://t.co/WvldCQ5yLM #aRTwouldROCK",can'tsay
" @CherylJCPR As am I! Come on, 4 pm ET! @DennysDiner @RaganComms @PRDaily #RaganSocial",can'tsay
 @cdnchoice @SamMillsUSA Happy #MeatlessMonday friends.,can'tsay
 @CarolHoward But they think business people lacking integrity &amp; kindness...so not true! My #healthcare colleagues are angels. #mccsm,can'tsay
" @bifnaked, This w/e Kellen Surette is undergoing a #stemcell transplant. He's 7 &amp; from #GlaceBay, NS. http://t.co/WvldCQ5yLM #aRTwouldROCK",can'tsay
" @BarackObama, This w/e Kellen Surette's undergoing a #stemcell transplant. He's 7 &amp; from #GlaceBay, NS. http://t.co/WvldCQ5yLM #WhiteHouseRT",can'tsay
 @aplu_news Thank you for helping us promote our latest #publichealth #rfp for #phssr.,can'tsay
" @ant_hardman top quality care of whiston hospital, go in with a broken finger, come out with aids #nhs #fuckedup #sortitout",can'tsay
" @altonbrown This w/e Kellen Surette is undergoing a #stemcell transplant. He's 7 &amp; from #GlaceBay, NS. http://t.co/WvldCQ5yLM #PostItRTlove",can'tsay
" @alanthomasdoyle This w/e Kellen Surette's undergoing a #stemcell transplant.He's 7, from #GlaceBay, NS. http://t.co/WvldCQ5yLM #RTwouldROCK",can'tsay
 @adidas_miCoach Elite Team System is the latest advancement in real-time performance monitoring http://t.co/ZNlCUpRfdg #mhealth #sensors,can'tsay
 ??? #patient #understanding #forgiving #kind http://t.co/JSuNKSE1t8,can'tsay
 .@WaltLeger great work today on #Medicaid expansion. Your leadership is much appreciated! #JuatSayYes,can'tsay
" .@JillSheffield: Mobile telephones have absolutely shorten the distance between the person and health system\ #mHealth #Socialgood #WDLive""",can'tsay
 #Yoga and Psyche: The Marriage of Ancient Wisdom and Depth #Psychology | Huffington Post - http://t.co/PFtd0eY94i | http://t.co/tZStG6yrYS,can'tsay
 #Yoga and Psyche: The Marriage of Ancient Wisdom and Depth #Psychology | Huffington Post - http://t.co/lzbXOLjWiR | http://t.co/ASceJ352Ov,can'tsay
" #Yoga and #Psyche: The Marriage of Ancient #Wisdom and Depth #Psychology by @MarianaCaplan, PhD - http://t.co/izUHawYpI5",can'tsay
 #Yoga and #Psyche: The Marriage of #Ancient #Wisdom and #Depth #Psychology http://t.co/kL5wg5ht6S,can'tsay
 #Win a $25 Bluerane GC @JRFrugalMom @Bluerane3 is a #maternity #nursing &amp; #baby boutique #review &amp; #giveaway http://t.co/ZaO6V5ohu7,can'tsay
 #Win a $25 Bluerane GC @JRFrugalMom @Bluerane3 is a #maternity #nursing &amp; #baby boutique #review &amp; #giveaway http://t.co/YXT8tUXvRH,can'tsay
 #Win a $25 Bluerane GC @JRFrugalMom @Bluerane3 is a #maternity #nursing &amp; #baby boutique #review &amp; #giveaway http://t.co/WcBO6GGD67,can'tsay
 #Win a $25 Bluerane GC @JRFrugalMom @Bluerane3 is a #maternity #nursing &amp; #baby boutique #review &amp; #giveaway http://t.co/pDMZjrOLPg,can'tsay
 #Win a $25 Bluerane GC @JRFrugalMom @Bluerane3 is a #maternity #nursing &amp; #baby boutique #review &amp; #giveaway http://t.co/pDMZjrOLPg,can'tsay
 #Win a $25 Bluerane GC @JRFrugalMom @Bluerane3 is a #maternity #nursing &amp; #baby boutique #review &amp; #giveaway http://t.co/KdgMcaJgy1,can'tsay
 #Win a $25 Bluerane GC @JRFrugalMom @Bluerane3 is a #maternity #nursing &amp; #baby boutique #review &amp; #giveaway http://t.co/KAZOIOM2do,can'tsay
 #Win a $25 Bluerane GC @JRFrugalMom @Bluerane3 is a #maternity #nursing &amp; #baby boutique #review &amp; #giveaway http://t.co/HdKOVcCmkB,can'tsay
 #Win a $25 Bluerane GC @JRFrugalMom @Bluerane3 is a #maternity #nursing &amp; #baby boutique #review &amp; #giveaway http://t.co/GSz85hDtmT,can'tsay
 #Win a $25 Bluerane GC @JRFrugalMom @Bluerane3 is a #maternity #nursing &amp; #baby boutique #review &amp; #giveaway http://t.co/gAOz7RVunz,can'tsay
 #Win a $25 Bluerane GC @JRFrugalMom @Bluerane3 is a #maternity #nursing &amp; #baby boutique #review &amp; #giveaway http://t.co/D1QdtEQwA0,can'tsay
 #Win a $25 Bluerane GC @JRFrugalMom @Bluerane3 is a #maternity #nursing &amp; #baby boutique #review &amp; #giveaway http://t.co/BAJCTxZg4D,can'tsay
 #Win a $25 Bluerane GC @JRFrugalMom @Bluerane3 is a #maternity #nursing &amp; #baby boutique #review &amp; #giveaway http://t.co/4nd2DzGhO9,can'tsay
 #Win a $25 Bluerane GC @JRFrugalMom @Bluerane3 is a #maternity #nursing &amp; #baby boutique #review &amp; #giveaway http://t.co/4COc7ke7R3,can'tsay
 #WHYSTOPNOW,can'tsay
 #vaccines Preventing pneumococcal disease: a vaccine success story - http://t.co/WweLrKCNoZ (press release) http://t.co/JvQQCDbZBy,can'tsay
 #USPSTF seeks comments on draft  recommendations for screening for gestational DM after 24 weeks gestation,can'tsay
" #TweetMyJobs #Nursing #Job alert: Registered Nurse | Baylor Health Care System | #GRAPEVINE , TX http://t.co/hoOleaixUh #Jobs place <tweepy.models.Place object at 0x0256FED0> coordinates {u'type': u'Point', u'coordinates': [-97.0780654, 32.9342919]}",can'tsay
" #TweetMyJobs #Nursing #Job alert: Registered Nurse | Baylor Health Care System | #GARLAND , TX http://t.co/LaPz64XRUm #Jobs place <tweepy.models.Place object at 0x01EE4350> coordinates {u'type': u'Point', u'coordinates': [-96.6388833, 32.912624]}",can'tsay
" #TweetMyJobs #Nursing #Job alert: Registered Nurse | Baylor Health Care System | #FTWORTH , TX http://t.co/gKkY5gSt1P #Jobs place <tweepy.models.Place object at 0x0256FE90> coordinates {u'type': u'Point', u'coordinates': [-97.3208496, 32.725409]}",can'tsay
" #TweetMyJobs #Nursing #Job alert: Registered Nurse | Baylor Health Care System | #DALLAS , TX http://t.co/YPivnvRhBu #Jobs place <tweepy.models.Place object at 0x01EB4350> coordinates {u'type': u'Point', u'coordinates': [-96.769923, 32.802955]}",can'tsay
" #TweetMyJobs #Nursing #Job alert: Registered Nurse | Baylor Health Care System | #CARROLLTON , TX http://t.co/vWIDKERRnW #Jobs place <tweepy.models.Place object at 0x02561190> coordinates {u'type': u'Point', u'coordinates': [-96.8899636, 32.9756415]}",can'tsay
" #TweetMyJobs #Nursing #Job alert: Registered Nurse | Baylor Health Care System | #CARROLLTON , TX http://t.co/VjSmt10ZHf #Jobs place <tweepy.models.Place object at 0x0256FF50> coordinates {u'type': u'Point', u'coordinates': [-96.8899636, 32.9756415]}",can'tsay
" #TweetMyJobs #Nursing #Job alert: Nurse Practitioner | Baylor Health Care System | #GRAPEVINE , TX http://t.co/HT4XBDefx1 #Jobs place <tweepy.models.Place object at 0x025615B0> coordinates {u'type': u'Point', u'coordinates': [-97.0780654, 32.9342919]}",can'tsay
 #Thyroid gland produce hormones that impact all the #metabolic processes in body.Find more abt #herbs &amp; #diet #health http://t.co/YPswIjcWwb,can'tsay
 #therapy #courage #growth http://t.co/GlBSYvr8ko,can'tsay
 #The most abundant #mineral in the #human #Body #Calcium #Strong #Bones #Nails #Hair #Teeth #Skeletal #System #Zinc http://t.co/dqux3VdPmO,can'tsay
 #telemedicine @TheRoyalOtt will B piloting PCVC with care 4  Cnd Veterans. Great PCVC primer by @OTNtelemedicine to help prepare #ehealth13,can'tsay
 #teeth http://t.co/GUNq3Uh93L,can'tsay
" #Teeth #Cleaning. At Kona Coast Dental Care http://t.co/H58rwIr2dW. This Hawaii #painting  beautiful! Swim after this http://t.co/Zj2PLdN4Gr place <tweepy.models.Place object at 0x02A41430> coordinates {u'type': u'Point', u'coordinates': [-155.9928169, 19.6449441]}",can'tsay
 #swag#team#vest share#follow#miamipro2013#gym#fitnessmodel #nutrition#tanned http://t.co/cEf1vBAhkV,can'tsay
 #suaju #share #media QNET Launches Skincare and Wellness Products in Egypt - PR Web (press release) #skincare http://t.co/UCq5psCXqF,can'tsay
 #StickMan #StickMan #StickMan #StickMan #StickMan #StickMan #StickMan #MentalHealth #MentalHealth #MentalHealth #MentalHealth Tuesday 05.28,can'tsay
 #Slp!!,can'tsay
 #Slp ???,can'tsay
 #slp ?,can'tsay
 #slp $$,can'tsay
 #Skindulgence #Eyecream uses #aroma #therapy &amp; #peptide #technology to make you look years #younger http://t.co/ah1nVq1HCz #anti-aging,can'tsay
 #SkinCare Find out what could be triggering your #rosacea http://t.co/Y8kSjGqJ8c,can'tsay
" #Seniors gather 2 protest the unnecessary#physio cuts!Detrimental 2 Seniors#protect#OHIP#onpoli http://t.co/TGwlvIwulu @Ont_Ombudsman place <tweepy.models.Place object at 0x01EF3E30> coordinates {u'type': u'Point', u'coordinates': [-79.44939019, 46.31947794]}",can'tsay
 #Seniors #SendOff #Lancers #ClassOf2013 #ShesBad #FunnyFaces #Bff Photo Cred to @sunnnyy17 http://t.co/atylmgC2DE,can'tsay
 #seniors #official @louuloupii camilleeb21 @brittnie_jones http://t.co/GcvC4AaLsf,can'tsay
 #selfcaretip: research has shown that beet juice may lower #bloodpressure. http://t.co/jZnlzpvA5w #Toronto #acupuncture #wellness #medicine,can'tsay
 #Seacret #skincare #skin #minerals #deadsea #Himalayas #agent #business #ourtime #customers #retail… http://t.co/Wqi7UBHmZl,can'tsay
 #REHAB WIT MY REAL #LOCCS @cashavenuejd &amp; @realshortstop #BLUETEAM OUTHERE #BANG #BANG http://t.co/R6VvdikJ5B,can'tsay
 #Rehab #Vegas #HardRock #TurntUpRecords #TropOut #TropNation #Tropcity #Str8Tropic http://t.co/Abc3Su0OOx,can'tsay
 #purplebaseball #seniors #LetsGetIt ????? http://t.co/93WNgoQNDG,can'tsay
 #Psych marathon.,can'tsay
 #prom2013 #seniors #love @hannah_marie17 @hinton_emily @RexJBrigger @mjaspa @ang_blake295 @DapperDanno7 @OwenWalshy http://t.co/rartuG2moS,can'tsay
 #PrematureBirth Disrupts Crucial #Brain Development Processes http://t.co/ssHbwJNNAG #nurses #nursing #health #pediatrics,can'tsay
" #Political #Psychology - June 2013 - Volume 34, Issue 3 http://t.co/ihlYwb7djM",can'tsay
" #PLANO , TX #Nursing #Job: Registered Nurse at Baylor Health Care System http://t.co/el2CBnL1UP #Jobs #TweetMyJobs place <tweepy.models.Place object at 0x027916D0> coordinates {u'type': u'Point', u'coordinates': [-96.6988856, 33.0198431]}",can'tsay
 #physician #jobs Help those who have served by working at a VAMC http://t.co/zIc3ljiAY0,can'tsay
" #Physician #Job in #RanchoCucamonga , CA: Critical Care Transport Nurse (F... at American Medical Response http://t.co/TK2VPUjiqV",can'tsay
" #Physician #Job alert: Registered Technologist,... | Niagara Health System | #OntarioJobs, ON http://t.co/tV69Cl3pvF #nhscareers",can'tsay
 #pharmacy Kimberly Kane gets fucked and a big facial cumshot: Kimberly Kane Kimberly Kane Facial http://t.co/SJwv6615M4 #drugs #medicine,can'tsay
 #pharmacy Kimberly Kane gets fucked and a big facial cumshot: Kimberly Kane Kimberly Kane Facial http://t.co/KedRJgT0y8 #drugs #medicine,can'tsay
 #pharmacy is getting on my nerves :#,can'tsay
 #Pelvic #Transvaginal #Ultrasound available at #Atlanta #Minimally #Invasive #Gynecologic #Surgery: http://t.co/IluQaU8fRS  #AMIGS,can'tsay
 #Ophthalmology Uze Once offers CE approved range of fiber free instrument wipes that are used for safe cleaning... http://t.co/E4TcrI45ot,can'tsay
" #OntarioJobs, ON #Physician #Job: Registered Technologist, Nuclear... at Niagara Health System http://t.co/f2bhBdalrN #nhscareers",can'tsay
" #OntarioJobs, ON #Pharmaceutical #Job: Pharmacist - Antimicribial ... at Niagara Health System http://t.co/ZHQd9qpHjo #nhscareers place <tweepy.models.Place object at 0x01EB42F0> coordinates {u'type': u'Point', u'coordinates': [-85.3232139, 51.253775]}",can'tsay
" #OntarioJobs, ON #Pharmaceutical #Job: Pharmacist - Antimicribial ... at Niagara Health System http://t.co/uiEsclcXDj #nhscareers place <tweepy.models.Place object at 0x01EB4210> coordinates {u'type': u'Point', u'coordinates': [-85.3232139, 51.253775]}",can'tsay
" #OntarioJobs, ON #Nursing #Job: Registered Nurse - Regional Emergen... at Niagara Health System http://t.co/SeSNFFml8Y #nhscareers place <tweepy.models.Place object at 0x01EB4290> coordinates {u'type': u'Point', u'coordinates': [-85.3232139, 51.253775]}",can'tsay
" #oncology Audio-Digest Foundation Announces the Release of Oncology Volume 04, Issue ... http://t.co/ZomvshSPgh",can'tsay
 #occhat That can in turn taking on too much!,can'tsay
 #nutrition #HealthBenefits of #DHEA http://t.co/Q1xAvDnMaZ,can'tsay
 #nutrition #HealthBenefits of #DHEA http://t.co/KDgFZojzBr,can'tsay
 #nutrition #HealthBenefits of #DHEA http://t.co/JmR4m3CUFZ,can'tsay
 #nutrition #HealthBenefits of #DHEA http://t.co/BxUUz0NNEm,can'tsay
 #nutrition #HealthBenefits of #DHEA http://t.co/BHcPLkALWX,can'tsay
 #nutrition #HealthBenefits of #DHEA http://t.co/BaKWUulS03,can'tsay
 #Nutrition #Health Eating Nuts May Help You Lose Weight and Keep Your Heart and Immune System... http://t.co/EbVYV38dRG #teamfollow,can'tsay
 #Nutrition #Foods high in #fiber http://t.co/36A75zah3o,can'tsay
 #Nutrition #Beauty Eating Nuts May Help You Lose Weight and Keep Your Heart and Immune System... http://t.co/EApFbq42Gr #Life,can'tsay
 #Nutrition #Beauty Eating Nuts May Help You Lose Weight and Keep Your Heart and Immune System... http://t.co/8X5LsHHTVA #Life,can'tsay
" #Nursing #Job in #WAXAHACHIE , TX: Registered Nurse at Baylor Health Care System http://t.co/ooJpuTqGtv #Jobs #TweetMyJobs place <tweepy.models.Place object at 0x0256FE50> coordinates {u'type': u'Point', u'coordinates': [-96.8483311, 32.3865312]}",can'tsay
" #Nursing #Job in #OntarioJobs, ON: Registered Nurse at Niagara Health System http://t.co/exWuQZjxVT #nhscareers #Jobs",can'tsay
" #Nursing #Job in #OntarioJobs, ON: Registered Nurse at Niagara Health System http://t.co/exWuQZjxVT #nhscareers #Jobs",can'tsay
" #Nursing #Job in #OntarioJobs, ON: Registered Nurse at Niagara Health System http://t.co/8MwTMoQoYZ #nhscareers #Jobs",can'tsay
" #Nursing #Job in #OntarioJobs, ON: Registered Nurse - Regional Crit... at Niagara Health System http://t.co/dyzxZQ7kIV #nhscareers place <tweepy.models.Place object at 0x01EB43B0> coordinates {u'type': u'Point', u'coordinates': [-85.3232139, 51.253775]}",can'tsay
" #Nursing #Job in #OntarioJobs, ON: Registered Nurse - Complex Care at Niagara Health System http://t.co/qjrHxG6kYp #nhscareers",can'tsay
" #Nursing #Job in #OntarioJobs, ON: Registered Nurse - Complex Care at Niagara Health System http://t.co/1CD50v4GPD #nhscareers",can'tsay
" #Nursing #Job in #IRVING , TX: Registered Nurse at Baylor Health Care System http://t.co/nzz6zEo3tN #Jobs #TweetMyJobs place <tweepy.models.Place object at 0x02A4EFF0> coordinates {u'type': u'Point', u'coordinates': [-96.9488945, 32.8140177]}",can'tsay
" #Nursing #Job in #GARLAND , TX: Registered Nurse at Baylor Health Care System http://t.co/TmGVwobGgQ #Jobs #TweetMyJobs place <tweepy.models.Place object at 0x01EB4430> coordinates {u'type': u'Point', u'coordinates': [-96.6388833, 32.912624]}",can'tsay
" #Nursing #Job in #DALLAS , TX: Registered Nurse at Baylor Health Care System http://t.co/azLDOzZw1p #Jobs #TweetMyJobs place <tweepy.models.Place object at 0x02A4EE50> coordinates {u'type': u'Point', u'coordinates': [-96.769923, 32.802955]}",can'tsay
" #Nursing #Job in #DALLAS , TX: Registered Nurse at Baylor Health Care System http://t.co/9Y3vYeQRKx #Jobs #TweetMyJobs place <tweepy.models.Place object at 0x0256FEB0> coordinates {u'type': u'Point', u'coordinates': [-96.769923, 32.802955]}",can'tsay
" #Nursing #Job in #DALLAS , TX: Nurse Practitioner Orthopedic at Baylor Health Care System http://t.co/xKD54KJ2fF #Jobs place <tweepy.models.Place object at 0x01EB4330> coordinates {u'type': u'Point', u'coordinates': [-96.769923, 32.802955]}",can'tsay
" #Nursing #Job in #CARROLLTON , TX: RN at Baylor Health Care System http://t.co/yD99u7weMU #Jobs #TweetMyJobs place <tweepy.models.Place object at 0x0256FED0> coordinates {u'type': u'Point', u'coordinates': [-96.8899636, 32.9756415]}",can'tsay
" #Nursing #Job in #CARROLLTON , TX: RN at Baylor Health Care System http://t.co/fHPY9omsXh #Jobs #TweetMyJobs place <tweepy.models.Place object at 0x01EE43F0> coordinates {u'type': u'Point', u'coordinates': [-96.8899636, 32.9756415]}",can'tsay
" #Nursing #Job in #CARROLLTON , TX: Registered Nurse Cardiac Cath Lab at Baylor Health Care System http://t.co/ZuFb8OsOTo #Jobs place <tweepy.models.Place object at 0x02561630> coordinates {u'type': u'Point', u'coordinates': [-96.8899636, 32.9756415]}",can'tsay
" #Nursing #Job in #CARROLLTON , TX: Registered Nurse at Baylor Health Care System http://t.co/nUZwgv5fxp #Jobs #TweetMyJobs place <tweepy.models.Place object at 0x0256FE50> coordinates {u'type': u'Point', u'coordinates': [-96.8899636, 32.9756415]}",can'tsay
" #Nursing #Job alert: Registered Nurse Cath Lab | Baylor Health Care System | #GRAPEVINE , TX http://t.co/icZfMRqjog #Jobs place <tweepy.models.Place object at 0x02A4EEF0> coordinates {u'type': u'Point', u'coordinates': [-97.0780654, 32.9342919]}",can'tsay
" #Nursing #Job alert: Registered Nurse | Niagara Health System | #OntarioJobs, ON http://t.co/8MwTMoQoYZ #nhscareers #Jobs",can'tsay
" #Nursing #Job alert: Registered Nurse - Regional... | Niagara Health System | #OntarioJobs, ON http://t.co/A8VoHvCqFV #nhscareers place <tweepy.models.Place object at 0x01EB44B0> coordinates {u'type': u'Point', u'coordinates': [-85.3232139, 51.253775]}",can'tsay
 #NursePractitioner Register for NPACE Savannah Conferences #PrimaryCare Sep 9-10 &amp; #Pharmacology Sep 11-12 Save $100 http://t.co/YD3yzrDeq2,can'tsay
 #nurse: What is a good career mix between health care and business? http://t.co/SxYYWbY885,can'tsay
 #nurse: 24 weeks pregnant and baby diagnosed with abnormal heart structure? http://t.co/xEdubgpEoT,can'tsay
 #number1 #chanel #love #good #decision #retail #therapy http://t.co/irUHTn2XI2,can'tsay
 #nowplaying @RMXradio con @goliveros desde #SLP,can'tsay
 #NoWorries #MedSchool #Cray! http://t.co/CXilvj24ml,can'tsay
 #NHS being privatised. Let's talk about gay marriage. Economy is a heist. Let's talk about gay marriage. UK gov't has no mandate. Let's t...,can'tsay
" #NHS | \#Patients '#harmed' by 111 service\"" http://t.co/qRA1gsoMQY""",can'tsay
 #NHS  The NHS England business plan being rolled out -putting the people first. In reality we know it is putting greed and profit first.,can'tsay
 #newlyweds on #bravo is in my #lomalinda meeting with my #obgyn #drsawyer?!!! What!!!!!???? Cray Cray!,can'tsay
 #newlyweds on #bravo is in #lomalinda meeting with my #obgyn #drsawyer?!!! What!!!!!???? Cray Cray!,can'tsay
 #newlyweds on #bravo is in #lomalinda meeting with #obgyn #drsawyer?!!! What!!!!!???? Cray Cray!,can'tsay
" #natural Intravenous Vitamin C and Cancer:  Written by Ron Hunninghake, M.D. ...it takes m... http://t.co/FuIuabDrPe #medicine #society",can'tsay
 #mylife #wheelchair #braces #crutches #gloves #pads #vitamins #catheters #spinabifida #workout #Criptaedo #karate http://t.co/XbdMxdDypA,can'tsay
 #monsterdrink #rehab #yummy http://t.co/LPkCTyaCXX,can'tsay
 #mommytobe #cantwait #peanut #ultrasound #preggo #love http://t.co/XHRB2n5Uso,can'tsay
 #mentalhealth  been to emerg with one of the kids 7 times over the past 5 wks for MH issues....can we see a problem here?,can'tsay
 #Medicine is amazing. I survived a massive facial injury &amp; love to hear these stories... Face #transplant in Poland thttp://huff.to/1a6eWPl”,can'tsay
 #medicine #sad #lol http://t.co/mo96m2Iqdo,can'tsay
 #medicine - face transplant - Polish man gets quick face transplant after injury http://t.co/O9jG1Rb1Z9,can'tsay
" #Medical REF13/84 Legal Coordinator, Clerk Grade 7/8, Health Professional Councils Authority: Poste... http://t.co/xnlNWsJd3O #Job #Jobs",can'tsay
" #Medical REF13/84 Legal Coordinator, Clerk Grade 7/8, Health Professional Councils Authority: Poste... http://t.co/WjUFzEGKMc #Job #Jobs",can'tsay
" #Medical REF13/84 Legal Coordinator, Clerk Grade 7/8, Health Professional Councils Authority: Poste... http://t.co/k3xltgFq93 #Job #Jobs",can'tsay
" #Medical REF13/84 Legal Coordinator, Clerk Grade 7/8, Health Professional Councils Authority: Poste... http://t.co/ggnVM46bpR #Job #Jobs",can'tsay
" #Medical REF13/84 Legal Coordinator, Clerk Grade 7/8, Health Professional Councils Authority: Poste... http://t.co/9qLBCHRFmm #Job #Jobs",can'tsay
" #Marijuana makes u laugh, nd laughtr is d best #Medicine deafo, #Marijuana=d best #Medicine..SUBHA BUKHAR #PAKISTAN -_-",can'tsay
 #longbeachicedtea #extrastrong #itsmylast #for2weeks #oralsurgery  #cpk #onthetable @ California Pizza… http://t.co/HOVRrbskoS,can'tsay
" #joke A Masochist asks a Sadist, \Please hurt me.\""  \""No",can'tsay
" #IRVING , TX #Nursing #Job: RN at Baylor Health Care System http://t.co/vTZNB0k5pB #Jobs #TweetMyJobs place <tweepy.models.Place object at 0x01EB42F0> coordinates {u'type': u'Point', u'coordinates': [-96.9488945, 32.8140177]}",can'tsay
" #IRVING , TX #Nursing #Job: Registered Nurse at Baylor Health Care System http://t.co/nzz6zEo3tN #Jobs #TweetMyJobs place <tweepy.models.Place object at 0x025611F0> coordinates {u'type': u'Point', u'coordinates': [-96.9488945, 32.8140177]}",can'tsay
 #iPhone App Trains #Doctors in #Bedside #Ultrasound #Exams http://t.co/NxuxLKLJGs via @zite,can'tsay
" #Indigo children #therapy, #self growth, #soul growth, I do therapy and readings so you can choose either or do both. You grow every time u",can'tsay
 #I #love #them #endlessly #seniors http://t.co/j9L8UwpVz6,can'tsay
 #Hormones are produced and stored in #Glands and #organs #Metabolic #Processes #Human #Body #Medicine #Health #DNA http://t.co/FWECVPK1rp,can'tsay
 #Hormones are produced and stored in #Glands and #organs #Metabolic #Processes #Human #Body #Medicine #Health #DNA http://t.co/FWECVPK1rp,can'tsay
" #helpsource  offers a wide range of medical services such as nursing care, #physicaltherapy and #occupationaltherapy http://t.co/xziPUDLjEl",can'tsay
 #health #pharmacy Kimberly Kane gets fucked and a big facial cumshot: Kimberly Kane Kimberly Kane Facial http://t.co/hUdEQM24cJ #medecine,can'tsay
" #health #longevity #disease #nhs Women Have A More Powerful Immune System Than Men, http://t.co/vBbLqpdev8",can'tsay
" #health #longevity #disease #nhs Women Have A More Powerful Immune System Than Men, http://t.co/vBbLqpdev8",can'tsay
" #health #longevity #disease #nhs Women Have A More Powerful Immune System Than Men, http://t.co/U3WbbNlSde",can'tsay
" #health #longevity #disease #nhs Women Have A More Powerful Immune System Than Men, http://t.co/U3WbbNlSde",can'tsay
" #health #longevity #disease #nhs Women Have A More Powerful Immune System Than Men, http://t.co/0MUqeqBUG6",can'tsay
" #health #longevity #disease #nhs Women Have A More Powerful Immune System Than Men, http://t.co/0MUqeqBUG6",can'tsay
" #GRAPEVINE , TX #Nursing #Job: RN at Baylor Health Care System http://t.co/IMyOhyvKgb #Jobs #TweetMyJobs place <tweepy.models.Place object at 0x01D82C70> coordinates {u'type': u'Point', u'coordinates': [-97.0780654, 32.9342919]}",can'tsay
 #graduation #friends #usu #medical @iratadika @felicia_oei @Merda_Chen @anna_p_g http://t.co/UFc9PY4nYy,can'tsay
 #GIVEAWAY from @dermagist over at @MudpiesandTiara ! #Win the Complete Rejuvenation System #skincare http://t.co/ufIDXx1roE,can'tsay
 #GIVEAWAY from @dermagist over at @MudpiesandTiara ! #Win the Complete Rejuvenation System #skincare http://t.co/qrjwAmqTGZ,can'tsay
 #GIVEAWAY from @dermagist over at @MudpiesandTiara ! #Win the Complete Rejuvenation System #skincare http://t.co/Nh0ZZooq23,can'tsay
 #GIVEAWAY from @dermagist over at @MudpiesandTiara ! #Win the Complete Rejuvenation System #skincare http://t.co/Lv0F6Et6WV,can'tsay
 #GIVEAWAY from @dermagist over at @MudpiesandTiara ! #Win the Complete Rejuvenation System #skincare http://t.co/Lv0F6Et6WV,can'tsay
 #GIVEAWAY from @dermagist over at @MudpiesandTiara ! #Win the Complete Rejuvenation System #skincare http://t.co/iJLz1X576q,can'tsay
 #GIVEAWAY from @dermagist over at @MudpiesandTiara ! #Win the Complete Rejuvenation System #skincare http://t.co/ezujvlimSg,can'tsay
 #GIVEAWAY from @dermagist over at @MudpiesandTiara ! #Win the Complete Rejuvenation System #skincare http://t.co/ezujvlimSg,can'tsay
 #GIVEAWAY from @dermagist over at @MudpiesandTiara ! #Win the Complete Rejuvenation System #skincare http://t.co/AKKCTRiEdT,can'tsay
" #Frantic #flight booking, 2 hrs of #agonizing pain sitting in a #wheelchair &amp; two #Vicodins later - I'm ready for #takeoff! #LaxToDia",can'tsay
" #FF @InBalanceLM, a #nutrition #expert who walks the walk and is #TheRealDeal.  My mom's known her 4, like, 175 dog years so no #BS, really!",can'tsay
 #Family #Medical #Care http://t.co/89putE0BCR Family Medical Care: A Design for Health Maintenance,can'tsay
 #DiamondLaneMusicGroup RT @ItsaPROBLEM: S/O to @iamdiddy for that #Rehab love #LikeWhaaat #DLMG,can'tsay
" #DENTON , TX #Nursing #Job: Registered Nurse at Baylor Health Care System http://t.co/Rt6ItTN6CB #Jobs #TweetMyJobs place <tweepy.models.Place object at 0x02791750> coordinates {u'type': u'Point', u'coordinates': [-97.1330683, 33.2148412]}",can'tsay
" #DALLAS , TX #Nursing #Job: Registered Nurse at Baylor Health Care System http://t.co/NmpqN9CcDO #Jobs #TweetMyJobs place <tweepy.models.Place object at 0x0256FF50> coordinates {u'type': u'Point', u'coordinates': [-96.769923, 32.802955]}",can'tsay
" #DALLAS , TX #Nursing #Job: Registered Nurse at Baylor Health Care System http://t.co/LZTJ7n7Jxz #Jobs #TweetMyJobs place <tweepy.models.Place object at 0x01EF3D10> coordinates {u'type': u'Point', u'coordinates': [-96.769923, 32.802955]}",can'tsay
 #Chiropractic #Alternative #Medical approach to #Healing #Nervous #System #Skeletal structure #Spine #Pain #Nerves http://t.co/ZrzKEidRFD,can'tsay
" #CARROLLTON , TX #Nursing #Job: Registered Nurse at Baylor Health Care System http://t.co/To1i8nzKGz #Jobs #TweetMyJobs place <tweepy.models.Place object at 0x0256FF10> coordinates {u'type': u'Point', u'coordinates': [-96.8899636, 32.9756415]}",can'tsay
" #CAMH #SCAMH: The Wit and Wisdom of UNCLE PAUL GARFINKEL, aka UNCLE $CAMH http://t.co/Tx78ZHW90r #mentalhealth #PR #BS #MadPRIDE #TORONTO",can'tsay
" #CAMH #SCAMH Wit and Wisdom of \UNCLE\"" Paul Garfinkel #SCHIZOPHRENIA the #CANCER of #PSYCHIATRY http://t.co/dLZ3jizevq #TORONTO""",can'tsay
 #California exchange to include 13 #healthplans - #PPACA #healthcare @benefits_pro @consumersunion @cu_calhealth  http://t.co/5fAoWxTCCo,can'tsay
 #brewer #game #senior #skip #day #love #dollarhotdogs #ben #happy http://t.co/VSEvI7Xtns,can'tsay
 #Bill would require #MentalHealth checkup every 6 months for deployed #troops | Army Times | http://t.co/vZ0ZOq12As http://t.co/wK0a8qISRV,can'tsay
" #AmericanPA Zachary Leonard, PA-C recent grad reflects on the American Health Care System: http://t.co/MEd9fY1wmK #PhysicianAssistants",can'tsay
 #ALcutoutandkeep Hot water &amp; lemon juice on waking: Stimulates the digestive system Cleanses the lymphatic system Provides vit C #nutrition,can'tsay
 #ACOTUP Board of Directors meeting today.  #occupationalTherapy http://t.co/qtwSKKx5cx,can'tsay
 #Abortionists fight tooth and nail to keep Women from seeing the #ultrasound of their unborn baby -- because they... http://t.co/9syWWhCes6,can'tsay
 #2days #graduation #seniors http://t.co/IuATwDCNJp,can'tsay
 #2013 #Seniors #Sisterhood http://t.co/fM5Jk26lmb,can'tsay
