firstpost_date,url,trackback_author_nick,content,score,trackback_permalink,trackback_author_url
06/01/14,http://twitter.com/dionknafo/status/473114932599218176,dionknafo,"Inhaler selfie #bronchitis #pnemonia #ss #sick @ Oak Islands, NC http://t.co/GABheNQH2A",7.626628,http://twitter.com/dionknafo/status/473114932599218176,http://twitter.com/dionknafo
06/01/14,http://twitter.com/brooke_dykema/status/473118011856281600,brooke_dykema,Not leaving my bed today. #bronchitis #exhausted #ihatehospitals,8.366019,http://twitter.com/brooke_dykema/status/473118011856281600,http://twitter.com/brooke_dykema
06/01/14,http://twitter.com/__brit_a/status/473119965772779520,__brit_a,#Bronchitis‚Ä¶Ain't no one got time for that!,8.978276,http://twitter.com/__Brit_A/status/473119965772779520,http://twitter.com/__brit_a
06/01/14,http://twitter.com/harry_loc/status/473146020616888320,harry_loc,Damn My Granny Got #Bronchitis,8.882978,http://twitter.com/Harry_Loc/status/473146020616888320,http://twitter.com/harry_loc
06/01/14,http://twitter.com/__brit_a/status/473160797531537410,__brit_a,Yes grandma‚Ä¶ call me 20 times today when you know I don't have a voice then say 'what?' 50 times trying to understand me. #Bronchitis,7.8375607,http://twitter.com/__Brit_A/status/473160797531537410,http://twitter.com/__brit_a
06/01/14,http://twitter.com/__brit_a/status/473190146687254528,__brit_a,Laying around watching the softball all day!! #WCWS #Bronchitis,8.367965,http://twitter.com/__Brit_A/status/473190146687254528,http://twitter.com/__brit_a
06/01/14,http://twitter.com/jenwaechter/status/473193774156636160,jenwaechter,#SpiritualCommunion :) #Bronchitis :(,7.7355556,http://twitter.com/JenWaechter/status/473193774156636160,http://twitter.com/jenwaechter
06/01/14,http://twitter.com/deepbluesealove/status/473197933190336512,deepbluesealove,"I don't have any whiskey, so I'm thinking maybe I should add vodka to my hot honey and lemon. Not til later, though. #bronchitis",12.87358,http://twitter.com/deepbluesealove/status/473197933190336512,http://twitter.com/deepbluesealove
06/01/14,http://twitter.com/vintagevixen111/status/473198879392169985,vintagevixen111,"RT @deepbluesealove: I don't have any whiskey, so I'm thinking maybe I should add vodka to my hot honey and lemon. Not til later, though. #‚Ä¶",7.8194017,http://twitter.com/vintagevixen111/status/473198879392169985,http://twitter.com/vintagevixen111
06/01/14,http://twitter.com/tineyy_tinyy/status/473199212419481600,tineyy_tinyy,&amp; let the 5 day movie marathon begin. #medications #bronchitis #sick http://t.co/P10NAyuhRR,7.8276834,http://twitter.com/Tineyy_tinyy/status/473199212419481600,http://twitter.com/tineyy_tinyy
06/01/14,http://twitter.com/atxstarsgirl/status/473201975463387138,atxstarsgirl,So. Tired. Of. Coughing. #bronchitis,9.025104,http://twitter.com/atxstarsgirl/status/473201975463387138,http://twitter.com/atxstarsgirl
06/01/14,http://twitter.com/ashavms/status/473214439261356036,ashavms,@h_bremer why can't there be medicine to make me feel like I'm not dying...#icantstopcoughing #bronchitis #thankyouhannah,7.605718,http://twitter.com/ashavms/status/473214439261356036,http://twitter.com/ashavms
06/01/14,http://twitter.com/rachael_nadine/status/473236933921894401,rachael_nadine,When you're 25 but still instinctively wish Mum was around to look after you when you're sick #firstworldproblems #bronchitis #mum,8.017395,http://twitter.com/Rachael_Nadine/status/473236933921894401,http://twitter.com/rachael_nadine
06/01/14,http://twitter.com/eunderwoodee/status/473243292621357056,eunderwoodee,"RT @deepbluesealove: I don't have any whiskey, so I'm thinking maybe I should add vodka to my hot honey and lemon. Not til later, though. #‚Ä¶",7.8194017,http://twitter.com/EUnderwoodee/status/473243292621357056,http://twitter.com/eunderwoodee
06/02/14,http://twitter.com/mdsmedbox/status/473267195779088384,mdsmedbox,#Dakota #wise #men used #marijuana to #treat #bronchitis or #asthma. http://t.co/vtGN9Vr48k,7.6832886,http://twitter.com/MDSMEDBOX/status/473267195779088384,http://twitter.com/mdsmedbox
06/02/14,http://twitter.com/themamamachine/status/473299758069874688,themamamachine,"Finally got someone to stick it in my butt. A steroid shot, that is. #bronchitis #blessed",9.061725,http://twitter.com/TheMaMaMachine/status/473299758069874688,http://twitter.com/themamamachine
06/02/14,http://twitter.com/misscsebastian/status/473337991566741504,misscsebastian,"Cough, cough, go away! Don't come back another day! Kick in medicine! #sleeptime #toomuchcoughing #bronchitis #timetogethealthy",7.4910665,http://twitter.com/MissCSebastian/status/473337991566741504,http://twitter.com/misscsebastian
06/02/14,http://twitter.com/whoaitslaur/status/473434550375161856,whoaitslaur,"To the point where I ended up taking some slightly expired albuterol just now, because I was having issues breathing. #bronchitis? #awesome",7.521139,http://twitter.com/whoaitslaur/status/473434550375161856,http://twitter.com/whoaitslaur
06/02/14,http://twitter.com/charak_pharma/status/473467840000188417,charak_pharma,"#Bronchitis is inflammation of the large airways that branch off the trachea (bronchi), usually caused by... http://t.co/JwHGYMhv6G",7.5579443,http://twitter.com/Charak_Pharma/status/473467840000188417,http://twitter.com/charak_pharma
06/02/14,http://twitter.com/loveroara/status/473514063025422336,loveroara,Forever sick üò∑ #bronchitis #fml,8.960787,http://twitter.com/loveroara/status/473514063025422336,http://twitter.com/loveroara
06/02/14,http://twitter.com/ginamhalladay/status/473526259985960961,ginamhalladay,The struggle to breathe today is real..... #bronchitis,8.858065,http://twitter.com/GinaMHalladay/status/473526259985960961,http://twitter.com/ginamhalladay
06/02/14,http://twitter.com/yasmineve17/status/473538405864075266,yasmineve17,The stuff I'm coughing up looks like the substance them quid shop aliens used to come in! #jelly #90s #bronchitis,7.7913017,http://twitter.com/yasmineve17/status/473538405864075266,http://twitter.com/yasmineve17
06/02/14,http://twitter.com/deffam/status/473581293675225088,deffam,@RLariccia1978 @mammikitty @McMona007 @MelodyM620 @Catlady1231 @Nicoleg425 @DeborahLynn76 sorry missed u  Fri. Dr just told me:#bronchitis,7.6724634,http://twitter.com/deffam/status/473581293675225088,http://twitter.com/deffam
06/02/14,http://twitter.com/kerrybakermua/status/473592615821377537,kerrybakermua,"when u sound so wheezy n chesty as if uve smoked 50 a day for years, yet never smoked a fag in ur life. #chestinfection #bronchitis #doOne!",7.370514,http://twitter.com/KerryBakerMUA/status/473592615821377537,http://twitter.com/kerrybakermua
06/03/14,http://twitter.com/ssmartnick/status/473636676993298432,ssmartnick,"""Fiji water and a box of old Raisinets. I got a real taste for dying but I ain't do it yet."" #Bronchitis",7.919557,http://twitter.com/ssmartnick/status/473636676993298432,http://twitter.com/ssmartnick
06/03/14,http://twitter.com/maggie_pogel/status/473637723925118976,maggie_pogel,@debbiefritch3 here's a pic if anyone doesn't believe her. Please keep her in your prayers. #poorchild #bronchitis http://t.co/wMLGieMXYW,8.623424,http://twitter.com/maggie_pogel/status/473637723925118976,http://twitter.com/maggie_pogel
06/03/14,http://twitter.com/kateslag/status/473638252671672322,kateslag,RT @maggie_pogel: @debbiefritch3 here's a pic if anyone doesn't believe her. Please keep her in your prayers. #poorchild #bronchitis http:/‚Ä¶,7.530814,http://twitter.com/kateslag/status/473638252671672322,http://twitter.com/kateslag
06/03/14,http://twitter.com/mrssasongko7/status/473680688860778496,mrssasongko7,#RC Blend ready... #respiratorycongestion #cough #cold #Bronchitis #sinus #younglivingessentialoil‚Ä¶ http://t.co/ApPD27hHFA,7.3100066,http://twitter.com/mrssasongko7/status/473680688860778496,http://twitter.com/mrssasongko7
06/03/14,http://twitter.com/inesapaco/status/473704688416604160,inesapaco,@jasnakadric lowkey I just had a cough attack and couldn't breath #bronchitis #yolo,8.016254,http://twitter.com/inesapaco/status/473704688416604160,http://twitter.com/inesapaco
06/03/14,http://twitter.com/nicagboi21/status/473709084894441472,hausofmystery,RT @Nicagboi21: This is how @ladygaga hit the #SanDiego satge Tonight after having #bronchitis #artRAVESanDiego http://t.co/oi6C6z9ESM,9.608346,http://twitter.com/HausOfMystery/status/473709270966337536,http://twitter.com/hausofmystery
06/03/14,http://twitter.com/loltink12/status/473709351908421633,loltink12,RT @Nicagboi21: This is how @ladygaga hit the #SanDiego satge Tonight after having #bronchitis #artRAVESanDiego http://t.co/oi6C6z9ESM,7.5609207,http://twitter.com/loltink12/status/473709351908421633,http://twitter.com/loltink12
06/03/14,http://twitter.com/ledladygaga/status/473709469193764864,ledladygaga,RT @Nicagboi21: This is how @ladygaga hit the #SanDiego satge Tonight after having #bronchitis #artRAVESanDiego http://t.co/oi6C6z9ESM,7.5609207,http://twitter.com/LEDLADYGAGA/status/473709469193764864,http://twitter.com/ledladygaga
06/03/14,http://twitter.com/tygeren88/status/473709714593697792,tygeren88,RT @Nicagboi21: This is how @ladygaga hit the #SanDiego satge Tonight after having #bronchitis #artRAVESanDiego http://t.co/oi6C6z9ESM,7.5609207,http://twitter.com/tygeren88/status/473709714593697792,http://twitter.com/tygeren88
06/03/14,http://twitter.com/danagami/status/473712480976261121,artraveberlin,RT @Nicagboi21: This is how @ladygaga hit the #SanDiego satge Tonight after having #bronchitis #artRAVESanDiego http://t.co/oi6C6z9ESM,7.5609207,http://twitter.com/DanAgami/status/473712480976261121,http://twitter.com/artraveberlin
06/03/14,http://twitter.com/wehomonster/status/473747743685365760,wehomonster,Bronchitis who? #gaga #ladygaga #bronchitiswho #bronchitis @ Viejas Arena http://t.co/WjV2VMCTkY,9.103798,http://twitter.com/WeHoMonster/status/473747743685365760,http://twitter.com/wehomonster
06/03/14,http://twitter.com/lilmonster9999/status/473749256050704384,lilmonster9999,RT @WeHoMonster: Bronchitis who? #gaga #ladygaga #bronchitiswho #bronchitis @ Viejas Arena http://t.co/WjV2VMCTkY,7.2915874,http://twitter.com/lilmonster9999/status/473749256050704384,http://twitter.com/lilmonster9999
06/03/14,http://twitter.com/claudialmfao2/status/473763138811478016,claudialmfao2,RT @WeHoMonster: Bronchitis who? #gaga #ladygaga #bronchitiswho #bronchitis @ Viejas Arena http://t.co/WjV2VMCTkY,7.2915874,http://twitter.com/claudiaLMFAO2/status/473763138811478016,http://twitter.com/claudialmfao2
06/03/14,http://twitter.com/mizz_anthony06/status/473819248444600321,mizz_anthony06,Everytime I cough its like a fucking knife to my chest #Bronchitis!!,8.515,http://twitter.com/mizz_anthony06/status/473819248444600321,http://twitter.com/mizz_anthony06
06/03/14,http://twitter.com/thehealinglotus/status/473869461976809473,thehealinglotus,"#YLEO #Copaiba #benefits, #Pain &amp; #arthritis, #Respiratory, #bronchitis,#sinusitis and so much more! #essentialoils",6.9459105,http://twitter.com/TheHealingLotus/status/473869461976809473,http://twitter.com/thehealinglotus
06/03/14,http://twitter.com/lorochelle1/status/473869531728064512,lorochelle1,Playing nurse Lauren today with this sick puppy #sicky #bronchitis #aintnobodygottimeforthat #nurse http://t.co/oHlhZ52wRO,7.942564,http://twitter.com/LoRochelle1/status/473869531728064512,http://twitter.com/lorochelle1
06/03/14,http://twitter.com/dickicon/status/473908733102538752,dickicon,#sweetbrown #charlesramsey #wtf #lol #coldpop #bronchitis #meme #bestphotoshopever http://t.co/VYXMg6JEAu,7.3800626,http://twitter.com/DickIcon/status/473908733102538752,http://twitter.com/dickicon
06/03/14,http://twitter.com/goddessoflove86/status/473945134900342786,goddessoflove86,RT @WeHoMonster: Bronchitis who? #gaga #ladygaga #bronchitiswho #bronchitis @ Viejas Arena http://t.co/WjV2VMCTkY,7.2915874,http://twitter.com/goddessoflove86/status/473945134900342786,http://twitter.com/goddessoflove86
06/03/14,http://twitter.com/michellerathbun/status/473949274871308288,michellerathbun,You know whats fun? Coughing so hard and so much you bruise your rib. #bronchitis,7.9333057,http://twitter.com/MichelleRathbun/status/473949274871308288,http://twitter.com/michellerathbun
06/04/14,http://twitter.com/4kimberleygreen/status/474005877620367360,4kimberleygreen,@LaurenRawrrs üëèaintüëènobodyüëègotüëètimeüëèforüëèbeingüëènormalüëè #bronchitis #HiImnormal #lezmakluv üòè,7.503309,http://twitter.com/4KimberleyGreen/status/474005877620367360,http://twitter.com/4kimberleygreen
06/04/14,http://twitter.com/alceleven1785/status/474196992931807232,alceleven1785,And this is how I shall spend the remainder of Wednesday.  #bronchitis http://t.co/54JwCa7Lmh,8.484933,http://twitter.com/alceleven1785/status/474196992931807232,http://twitter.com/alceleven1785
06/04/14,http://twitter.com/crbestbuydrugs/status/474204522760634368,crbestbuydrugs,#Antibiotics for #bronchitis: A widely used bad idea: http://t.co/7eWMghKJGw HT @pharmacists,8.691048,http://twitter.com/CRBestBuyDrugs/status/474204522760634368,http://twitter.com/crbestbuydrugs
06/04/14,http://twitter.com/ihs4u/status/474205170654400512,ihs4u,RT @CRBestBuyDrugs: #Antibiotics for #bronchitis: A widely used bad idea: http://t.co/7eWMghKJGw HT @pharmacists,7.6415386,http://twitter.com/IHS4U/status/474205170654400512,http://twitter.com/ihs4u
06/04/14,http://twitter.com/sassafrass187/status/474205484350992384,sassafrass187,"Doc says: #Laryngitis #sinusinfection #bronchitis #pinkeye 
#sicksucks",7.663114,http://twitter.com/sassafrass187/status/474205484350992384,http://twitter.com/sassafrass187
06/04/14,http://twitter.com/alysiaannprater/status/474208738635567104,alysiaannprater,"After a whole week, all symptoms are gone except for this stupid cough. And it's the most annoying! (&gt;.&lt;)
#bronchitis
#annoyed",8.000279,http://twitter.com/AlysiaAnnPrater/status/474208738635567104,http://twitter.com/alysiaannprater
06/04/14,http://twitter.com/nikkicpr/status/474270674601934848,nikkicpr,I just tried to take a drink from my car key. I officially quit today. #feverbrain #bronchitis #ugh #gross,7.7346005,http://twitter.com/nikkicpr/status/474270674601934848,http://twitter.com/nikkicpr
06/04/14,http://twitter.com/sinuwave/status/474304653556203520,sinuwave,The #Bronchitis Affair. CDC's 15 year plan to educate doctors on wrongfully prescribing antibiotics has gone array... http://t.co/NLlrm36HqA,7.4007697,http://twitter.com/Sinuwave/status/474304653556203520,http://twitter.com/sinuwave
06/04/14,http://twitter.com/shitbeakersays/status/474308702254555136,shitbeakersays,"Never had #bronchitis before. Thankfully the GF showed me how to use an inhaler, and labeled my Rx days. #3leggedcat http://t.co/7TBg8LqFb5",7.6684694,http://twitter.com/shitbeakersays/status/474308702254555136,http://twitter.com/shitbeakersays
06/04/14,http://twitter.com/pumpkin_pidge/status/474328769604628481,pumpkin_pidge,When will I ever stop coughing? #cantstopwontstop #bronchitis,8.021835,http://twitter.com/pumpkin_pidge/status/474328769604628481,http://twitter.com/pumpkin_pidge
06/05/14,http://twitter.com/lerggg/status/474353413535571968,lerggg,My abs are actually sore from coughing so much... #bronchitis #myworkoutfortheyear,8.036746,http://twitter.com/Lerggg/status/474353413535571968,http://twitter.com/lerggg
06/05/14,http://twitter.com/mnoland87/status/474358193129136128,mnoland87,Tried to sing along to the Alan Jackson tribute. Sounded like a dying horse mating w/a duck.Then proceeded to cough my lungs out #bronchitis,7.6416025,http://twitter.com/mnoland87/status/474358193129136128,http://twitter.com/mnoland87
06/05/14,http://twitter.com/jcarcaci/status/474405105265934336,jcarcaci,It feels like im breathing through a straw #Bronchitis,8.5446205,http://twitter.com/JCarcaci/status/474405105265934336,http://twitter.com/jcarcaci
06/05/14,http://twitter.com/mwausa08/status/474601437352427520,mwausa08,#throwbackthursday #tbt to a day when I had #bronchitis but went out anyway &amp; met someone so special.‚Ä¶ http://t.co/JhLTqW3nVG,7.837232,http://twitter.com/MWAUSA08/status/474601437352427520,http://twitter.com/mwausa08
06/05/14,http://twitter.com/sinuwave/status/474654483759513601,sinuwave,"If you walk into a doctors office with #bronchitis, 71% of the time you will be prescribed an unnecessary #antibiotic http://t.co/xLehYYVsDV",7.458774,http://twitter.com/Sinuwave/status/474654483759513601,http://twitter.com/sinuwave
06/05/14,http://twitter.com/susiebrindley/status/474676753689243648,susiebrindley,Think that man on #bbcqt needs the #NHS he's been slating. #bronchitis :-/,11.930805,http://twitter.com/SusieBrindley/status/474676753689243648,http://twitter.com/susiebrindley
06/05/14,http://twitter.com/cannyhighlander/status/474676946308444161,cannyhighlander,RT @SusieBrindley: Think that man on #bbcqt needs the #NHS he's been slating. #bronchitis :-/,7.767176,http://twitter.com/cannyhighlander/status/474676946308444161,http://twitter.com/cannyhighlander
06/06/14,http://twitter.com/georgia_grey_/status/474752120025911297,georgia_grey_,"Places I should be: at TFIOS
Places I am: Elena's bed bc my rents think I'm dying #bronchitis
@princesacolleen @valeriehull17 cry for me üò≠",9.227142,http://twitter.com/georgia_grey_/status/474752120025911297,http://twitter.com/georgia_grey_
06/06/14,http://twitter.com/3lenagarci4/status/474752252603666432,3lenagarci4,"RT @georgia_grey_: Places I should be: at TFIOS
Places I am: Elena's bed bc my rents think I'm dying #bronchitis
@princesacolleen @valerieh‚Ä¶",7.0387692,http://twitter.com/3lenaGarci4/status/474752252603666432,http://twitter.com/3lenagarci4
06/06/14,http://twitter.com/carlyn_bartick/status/474752258588958720,carlyn_bartick,"RT @georgia_grey_: Places I should be: at TFIOS
Places I am: Elena's bed bc my rents think I'm dying #bronchitis
@princesacolleen @valerieh‚Ä¶",7.0387692,http://twitter.com/carlyn_bartick/status/474752258588958720,http://twitter.com/carlyn_bartick
06/06/14,http://twitter.com/nanglish/status/474775412464037888,nanglish,"I'm losing my voice but not in an Oprah way. In a bronchitis way. Cause I know who I am, girl. #bronchitis",11.997535,http://twitter.com/nanglish/status/474775412464037888,http://twitter.com/nanglish
06/06/14,http://twitter.com/zanywilliams/status/474780121828962304,zanywilliams,"RT @nanglish: I'm losing my voice but not in an Oprah way. In a bronchitis way. Cause I know who I am, girl. #bronchitis",7.8855934,http://twitter.com/ZanyWilliams/status/474780121828962304,http://twitter.com/zanywilliams
06/06/14,http://twitter.com/lamberttouneh/status/474780564663181312,lamberttouneh,Why do good things happen to good people? #sick #ill #death #bronchitis,7.84758,http://twitter.com/lamberttouneh/status/474780564663181312,http://twitter.com/lamberttouneh
06/06/14,http://twitter.com/modelkimie/status/474786012808609792,modelkimie,I'm so hard head my mommy say don't take another shower what I do take a bathe n sock n the water #sick #asthma #bronchitis #doctor,7.6484528,http://twitter.com/Modelkimie/status/474786012808609792,http://twitter.com/modelkimie
06/06/14,http://twitter.com/pmr_kplotner/status/474799912782430208,pmr_kplotner,Love this time of the year. Hate what it does to my respiratory system. #allergies #sinus #bronchitis,7.984884,http://twitter.com/pmr_kplotner/status/474799912782430208,http://twitter.com/pmr_kplotner
06/06/14,http://twitter.com/burr_its_sarah/status/474898443513921536,burr_its_sarah,Coughing so much at 3am that you throw up? #nothowiwantedtowakeup #bronchitis #AintNoBodyGotTimeForThat #needcoffeetosurvive,7.390411,http://twitter.com/Burr_its_Sarah/status/474898443513921536,http://twitter.com/burr_its_sarah
06/06/14,http://twitter.com/_karabellac/status/474921058676789248,_karabellac,I sound like a lung is about to be coughed up. üòîüò∑ #bronchitis,8.499872,http://twitter.com/_karabellac/status/474921058676789248,http://twitter.com/_karabellac
06/06/14,http://twitter.com/lbcraftcorner/status/474927243849113601,lbcraftcorner,Adding a new page to the website.  Will post the link when it's done!  It's a new package deal! #NSP #COPD #Bronchitis #Asthma,7.4982405,http://twitter.com/lbcraftcorner/status/474927243849113601,http://twitter.com/lbcraftcorner
06/06/14,http://twitter.com/kimber1256/status/474998028940492800,kimber1256,Buttons making sure her mommy has company while I spend the weekend in bed. #Bronchitis #best #cat‚Ä¶ http://t.co/3brxZQMma3,8.036746,http://twitter.com/kimber1256/status/474998028940492800,http://twitter.com/kimber1256
06/06/14,http://twitter.com/mgkathleen/status/475001208029999104,mgkathleen,"thankful right now for my understanding, kind boss who gave me the evening off #bronchitis #sicklife",8.127357,http://twitter.com/mgkathleen/status/475001208029999104,http://twitter.com/mgkathleen
06/06/14,http://twitter.com/lbcraftcorner/status/475004265413767168,lbcraftcorner,Want to further support your respiratory system?  I've used these and they work! #Bronchitis #COPD #Asthma http://t.co/7VeSoNeko7,9.028957,http://twitter.com/lbcraftcorner/status/475004265413767168,http://twitter.com/lbcraftcorner
06/06/14,http://twitter.com/zoemyers11/status/475041780061073408,zoemyers11,"""still alive but I'm barely breathing""üò∑#bronchitis",9.445171,http://twitter.com/zoemyers11/status/475041780061073408,http://twitter.com/zoemyers11
06/06/14,http://twitter.com/annaleask/status/475044229429735424,annaleask,"11 hours sleep and still tired.... so much to do before I fly out on Wednesday, do not need this germ invasion!! #bronchitis",8.003596,http://twitter.com/AnnaLeask/status/475044229429735424,http://twitter.com/annaleask
06/07/14,http://twitter.com/logirl24/status/475077028061122560,logirl24,@E_L_James I hear you on that! #bronchitis,9.587144,http://twitter.com/Logirl24/status/475077028061122560,http://twitter.com/logirl24
06/07/14,http://twitter.com/sinuwave/status/475087382908522496,sinuwave,The #Bronchitis Affair. CDC's 15 year plan to educate doctors on wrongfully prescribing antibiotics has gone array... http://t.co/dwEMuKPP8u,7.52042,http://twitter.com/Sinuwave/status/475087382908522496,http://twitter.com/sinuwave
06/07/14,http://twitter.com/cassierogness/status/475137582506844160,cassierogness,I think I'm immune to NyQuil. Doesn't make me very tired anymore. #bronchitis,8.366019,http://twitter.com/cassierogness/status/475137582506844160,http://twitter.com/cassierogness
06/07/14,http://twitter.com/kellyflynnnn/status/475143299775229952,kellyflynnnn,"RT @zoemyers11: ""still alive but I'm barely breathing""üò∑#bronchitis",8.145187,http://twitter.com/KellyFlynnnn/status/475143299775229952,http://twitter.com/kellyflynnnn
06/07/14,http://twitter.com/searchremedy/status/475168695694544896,searchremedy,http://t.co/nGXXxe0ivN  7 Herbal Remedies For Bronchitis  #Bronchitis http://t.co/JjK8DOc70T,8.3516655,http://twitter.com/searchremedy/status/475168695694544896,http://twitter.com/searchremedy
06/07/14,http://twitter.com/marci_arci/status/475272401895190528,marci_arci,3 months is a long time.... #backtowork #bronchitis #workingoutwithcocoons #fitness http://t.co/4k0rXWksBP,7.9551096,http://twitter.com/marci_arci/status/475272401895190528,http://twitter.com/marci_arci
06/07/14,http://twitter.com/mayoclinic/status/475285445476376576,mayoclinic,"#COPD is caused by lung exposure to toxic fumes, two types of COPD is #emphysema and chronic #bronchitis. #MayoClinicRadio",13.463715,http://twitter.com/MayoClinic/status/475285445476376576,http://twitter.com/mayoclinic
06/07/14,http://twitter.com/manchuriandevil/status/475285733914062849,manchuriandevil,"RT @MayoClinic: #COPD is caused by lung exposure to toxic fumes, two types of COPD is #emphysema and chronic #bronchitis. #MayoClinicRadio",7.052454,http://twitter.com/ManchurianDevil/status/475285733914062849,http://twitter.com/manchuriandevil
06/07/14,http://twitter.com/meshomash/status/475286184864645120,meshomash,"RT @MayoClinic: #COPD is caused by lung exposure to toxic fumes, two types of COPD is #emphysema and chronic #bronchitis. #MayoClinicRadio",7.052454,http://twitter.com/meshomash/status/475286184864645120,http://twitter.com/meshomash
06/07/14,http://twitter.com/fleursdelmal/status/475286782767267840,fleursdelmal,"RT @MayoClinic: #COPD is caused by lung exposure to toxic fumes, two types of COPD is #emphysema and chronic #bronchitis. #MayoClinicRadio",10.29358,http://twitter.com/fleursdelmal/status/475286782767267840,http://twitter.com/fleursdelmal
06/07/14,http://twitter.com/carlosneumoruiz/status/475287219834716160,carlosneumoruiz,"RT @MayoClinic: #COPD is caused by lung exposure to toxic fumes, two types of COPD is #emphysema and chronic #bronchitis. #MayoClinicRadio",7.052454,http://twitter.com/carlosneumoruiz/status/475287219834716160,http://twitter.com/carlosneumoruiz
06/07/14,http://twitter.com/trueangel1864/status/475287320912855040,trueangel1864,"RT @MayoClinic: #COPD is caused by lung exposure to toxic fumes, two types of COPD is #emphysema and chronic #bronchitis. #MayoClinicRadio",7.052454,http://twitter.com/Trueangel1864/status/475287320912855040,http://twitter.com/trueangel1864
06/07/14,http://twitter.com/friveraana/status/475287483572187138,friveraana,"RT @MayoClinic: #COPD is caused by lung exposure to toxic fumes, two types of COPD is #emphysema and chronic #bronchitis. #MayoClinicRadio",7.052454,http://twitter.com/friveraana/status/475287483572187138,http://twitter.com/friveraana
06/07/14,http://twitter.com/adunnisa/status/475287656192954368,adunnisa,"RT @MayoClinic: #COPD is caused by lung exposure to toxic fumes, two types of COPD is #emphysema and chronic #bronchitis. #MayoClinicRadio",7.052454,http://twitter.com/adunnisa/status/475287656192954368,http://twitter.com/adunnisa
06/07/14,http://twitter.com/baronianconsult/status/475288140098588674,baronianconsult,"RT @MayoClinic: #COPD is caused by lung exposure to toxic fumes, two types of COPD is #emphysema and chronic #bronchitis. #MayoClinicRadio",7.052454,http://twitter.com/BaronianConsult/status/475288140098588674,http://twitter.com/baronianconsult
06/07/14,http://twitter.com/estarks2011/status/475288208226660353,estarks2011,"RT @MayoClinic: #COPD is caused by lung exposure to toxic fumes, two types of COPD is #emphysema and chronic #bronchitis. #MayoClinicRadio",7.052454,http://twitter.com/estarks2011/status/475288208226660353,http://twitter.com/estarks2011
06/07/14,http://twitter.com/gnazy/status/475288482089549826,gnazy,"RT @MayoClinic: #COPD is caused by lung exposure to toxic fumes, two types of COPD is #emphysema and chronic #bronchitis. #MayoClinicRadio",7.052454,http://twitter.com/gnazy/status/475288482089549826,http://twitter.com/gnazy
06/07/14,http://twitter.com/researchagain/status/475288620165648384,researchagain,"RT @MayoClinic: #COPD is caused by lung exposure to toxic fumes, two types of COPD is #emphysema and chronic #bronchitis. #MayoClinicRadio",7.052454,http://twitter.com/Researchagain/status/475288620165648384,http://twitter.com/researchagain
06/07/14,http://twitter.com/mutiaarnisa/status/475289394727776256,mutiaarnisa,"Dear smokers ;)--&gt;""@MayoClinic: #COPD is caused by lung exposure to toxic fumes, two types of COPD is #emphysema and chronic #bronchitis.",11.508196,http://twitter.com/mutiaarnisa/status/475289394727776256,http://twitter.com/mutiaarnisa
06/07/14,http://twitter.com/dyanr_/status/475289487497383936,dyanr_,"RT @mutiaarnisa: Dear smokers ;)--&gt;""@MayoClinic: #COPD is caused by lung exposure to toxic fumes, two types of COPD is #emphysema and chron‚Ä¶",7.011105,http://twitter.com/dyanr_/status/475289487497383936,http://twitter.com/dyanr_
06/07/14,http://twitter.com/rimafp/status/475290142433763329,rimafp,"RT @mutiaarnisa: Dear smokers ;)--&gt;""@MayoClinic: #COPD is caused by lung exposure to toxic fumes, two types of COPD is #emphysema and chron‚Ä¶",7.011105,http://twitter.com/rimafp/status/475290142433763329,http://twitter.com/rimafp
06/07/14,http://twitter.com/stellakiink/status/475292989732814848,stellakiink,Who has the magic cure and is it cheap? #bronchitis #sucksass,7.8599176,http://twitter.com/StellaKiink/status/475292989732814848,http://twitter.com/stellakiink
06/07/14,http://twitter.com/lemicheleyoung/status/475301045317275648,lemicheleyoung,RT @lbcraftcorner: Want to further support your respiratory system?  I've used these and they work! #Bronchitis #COPD #Asthma http://t.co/7‚Ä¶,7.265111,http://twitter.com/lemicheleyoung/status/475301045317275648,http://twitter.com/lemicheleyoung
06/07/14,http://twitter.com/samenayallday/status/475304563302359041,samenayallday,"Sick as shit, but fighting it!! #bronchitis #boo http://t.co/B8zTugwNhB",8.666449,http://twitter.com/SameNayAllDay/status/475304563302359041,http://twitter.com/samenayallday
06/07/14,http://twitter.com/sierrarosem/status/475335501369450496,sierrarosem,This is the only thing that will keep me on #bedrest today.  #orangeisthenewblack #bronchitis #sick‚Ä¶ http://t.co/2GsqcZrzRI,7.896342,http://twitter.com/SierraRoseM/status/475335501369450496,http://twitter.com/sierrarosem
06/07/14,http://twitter.com/sinuwave/status/475395569507377153,sinuwave,"If you walk into a doctors office with #bronchitis, 71% of the time you will be prescribed an unnecessary #antibiotic http://t.co/gQ6eURRsI3",7.521139,http://twitter.com/Sinuwave/status/475395569507377153,http://twitter.com/sinuwave
06/07/14,http://twitter.com/mccaddenjude/status/475410064035942400,mccaddenjude,Just completed a 5.16 mi run - A cough coughs run! #bronchitis http://t.co/B1WXlZA0cN #RunKeeper,7.701551,http://twitter.com/mccaddenjude/status/475410064035942400,http://twitter.com/mccaddenjude
06/08/14,http://twitter.com/a_demuth/status/475470132631056385,a_demuth,"RT @d_schneck: Like Siriusly, how dat H2O goin' go away. Ain't nobody got time for that. #bronchitis",7.8435683,http://twitter.com/a_demuth/status/475470132631056385,http://twitter.com/a_demuth
06/08/14,http://twitter.com/amandaraee69/status/475498079836061696,amandaraee69,I hate being sick!!! #ughh #fml #bronchitis,8.520917,http://twitter.com/AmandaRaee69/status/475498079836061696,http://twitter.com/amandaraee69
06/08/14,http://twitter.com/megan_est79/status/475524536960831489,megan_est79,Up watching the Da Vinci Code #bronchitis #sinusinfection can not sleep. http://t.co/1qZsLCIxI3,8.265187,http://twitter.com/megan_est79/status/475524536960831489,http://twitter.com/megan_est79
06/08/14,http://twitter.com/toteskray/status/475542254594310144,toteskray,Currently coughing my lungs out. #bronchitis #somuchpain,8.331183,http://twitter.com/TotesKray/status/475542254594310144,http://twitter.com/toteskray
06/08/14,http://twitter.com/chele_belle/status/475608696517439489,chele_belle,Havin trouble finding the will to live... #migraine #bronchitis #killmenow,8.219914,http://twitter.com/chele_belle/status/475608696517439489,http://twitter.com/chele_belle
06/08/14,http://twitter.com/angelegonzalez0/status/475656271673450496,angelegonzalez0,Trying to cough up the phlegm in your chest is the worst! Is this how cats feel with hairballs?! #bronchitis #nojoke #HateBeingSickies,7.2288933,http://twitter.com/AngelEGonzalez0/status/475656271673450496,http://twitter.com/angelegonzalez0
06/08/14,http://twitter.com/alovingme/status/475787026953142272,alovingme,RT @NaturalNews4U: Chronic inflammation can be reversed NATURALLY? Read here: http://t.co/FLfRmDw8Mp #bronchitis #chronicinflammation #chro‚Ä¶,7.0783296,http://twitter.com/ALovingMe/status/475787026953142272,http://twitter.com/alovingme
06/09/14,http://twitter.com/erik_23_william/status/475800391863394304,erik_23_william,Its snowing ash in my back yard...Praying for an ash day. #unlikely #bronchitis,9.553763,http://twitter.com/erik_23_william/status/475800391863394304,http://twitter.com/erik_23_william
06/09/14,http://twitter.com/therealcraycray/status/475801028290293760,therealcraycray,RT @erik_23_william: Its snowing ash in my back yard...Praying for an ash day. #unlikely #bronchitis,7.6832886,http://twitter.com/TheRealCrayCray/status/475801028290293760,http://twitter.com/therealcraycray
06/09/14,http://twitter.com/bendon82/status/475842805244645376,bendon82,"Oh well, I'll always remember #bronchitis and #keychainvibrators...",8.283018,http://twitter.com/bendon82/status/475842805244645376,http://twitter.com/bendon82
06/09/14,http://twitter.com/mikey_marx/status/475891266321125377,mikey_marx,@AlexMyerscough I know the feeling.  #bronchitis,8.685398,http://twitter.com/Mikey_Marx/status/475891266321125377,http://twitter.com/mikey_marx
06/09/14,http://twitter.com/mikey_marx/status/475892409595731968,mikey_marx,@aaroncarter plus I'm sick right now. It sucks. #bronchitis,8.555749,http://twitter.com/Mikey_Marx/status/475892409595731968,http://twitter.com/mikey_marx
06/09/14,http://twitter.com/drmalie/status/476088643656744962,drmalie,#had to be seen by a #physician outside Lebanon for the right #diagnosis of #bronchitis leading to #namonia.... http://t.co/90BwtknWf4,7.4733267,http://twitter.com/DrMalie/status/476088643656744962,http://twitter.com/drmalie
06/09/14,http://twitter.com/sinuwave/status/476120434136842242,sinuwave,"If you walk into a doctors office with #bronchitis, 71% of the time you will be prescribed an unnecessary #antibiotic http://t.co/9ojtsb3iPx",7.503309,http://twitter.com/Sinuwave/status/476120434136842242,http://twitter.com/sinuwave
06/10/14,http://twitter.com/crystalt_15/status/476204297538240512,crystalt_15,one of these nights before i get better imma cough up a lung #bronchitis #blameryan,7.930293,http://twitter.com/CrystalT_15/status/476204297538240512,http://twitter.com/crystalt_15
06/10/14,http://twitter.com/hdunbar23/status/476241968025337856,hdunbar23,Can this sickness PLEASE go away already #bronchitis #straightmiserable,8.109963,http://twitter.com/hdunbar23/status/476241968025337856,http://twitter.com/hdunbar23
06/10/14,http://twitter.com/atticgirl76/status/476362328972070912,atticgirl76,"Just when I thought I could breathe again, rainy weather is making my lungs hurt.  #pregnancy #allergies #bronchitis",11.984371,http://twitter.com/atticgirl76/status/476362328972070912,http://twitter.com/atticgirl76
06/10/14,http://twitter.com/pregnancynet/status/476364644719034369,pregnancynet,"RT @atticgirl76: Just when I thought I could breathe again, rainy weather is making my lungs hurt.  #pregnancy #allergies #bronchitis",7.6638517,http://twitter.com/pregnancynet/status/476364644719034369,http://twitter.com/pregnancynet
06/10/14,http://twitter.com/sirrandylayman/status/476369279307087872,sirrandylayman,@whitney_dasilva aint nobody got time for dat! #bronchitis,8.479875,http://twitter.com/SirRandyLayman/status/476369279307087872,http://twitter.com/sirrandylayman
06/10/14,http://twitter.com/atinababy8808/status/476379218448617472,atinababy8808,"Since I'm home sick, I might as well make the most of it. Getting stuff accomplished while coughing my lungs out. #bronchitis",11.326801,http://twitter.com/atinababy8808/status/476379218448617472,http://twitter.com/atinababy8808
06/10/14,http://twitter.com/julieann6610/status/476446865177600000,julieann6610,"1EKG, 1breathing treatment, 1 URA and 4 viles of blood later I'm finally home. #bronchitis. #welcometosummer.",7.262939,http://twitter.com/julieann6610/status/476446865177600000,http://twitter.com/julieann6610
06/10/14,http://twitter.com/mark1973333/status/476448104938733568,soph_mccann1,‚Äú@charlessims_: #Bronchitis #Selfie in #Marbs #Towim http://t.co/yoliX4oksM‚Äù omg hope your alright! Get better soon!üíãüíóx,7.736565,http://twitter.com/mark1973333/status/476448104938733568,http://twitter.com/soph_mccann1
06/10/14,http://twitter.com/hodgkissfee/status/476451986175705088,hodgkissfee,‚Äú@charlessims_: #Bronchitis #Selfie in #MarbsTowim http://t.co/0gbwopExXC‚Äù   #IGotBronchitis #AintNoBodyGotTimeForThat @sillysketty @abb3yh,7.089459,http://twitter.com/HodgkissFee/status/476451986175705088,http://twitter.com/hodgkissfee
06/10/14,http://twitter.com/sinuwave/status/476481556794855425,sinuwave,The #Bronchitis Affair. CDC's 15 year plan to educate doctors on wrongfully prescribing antibiotics has gone array... http://t.co/WzVOB7Mi8y,7.396913,http://twitter.com/Sinuwave/status/476481556794855425,http://twitter.com/sinuwave
06/10/14,http://twitter.com/mandeenielson/status/476489077307744256,mandeenielson,Summer you are not treating me well. #bronchitis #turnedinto #pneumonia,7.960361,http://twitter.com/MandeeNielson/status/476489077307744256,http://twitter.com/mandeenielson
06/10/14,http://twitter.com/dendenwen/status/476503492597526529,dendenwen,I got an inhaler today. #bronchitis,8.920351,http://twitter.com/dendenwen/status/476503492597526529,http://twitter.com/dendenwen
06/11/14,http://twitter.com/beth_trahan13/status/476561739337969664,beth_trahan13,My lungs hate me right now.. I feel like Hazel Grace. #bronchitis,8.368702,http://twitter.com/beth_trahan13/status/476561739337969664,http://twitter.com/beth_trahan13
06/11/14,http://twitter.com/dendenwen/status/476568760145678336,dendenwen,Whoa. This codeine is really kicking in. #woozy #bronchitis,8.140686,http://twitter.com/dendenwen/status/476568760145678336,http://twitter.com/dendenwen
06/11/14,http://twitter.com/toteskray/status/476574493344006144,toteskray,Every time I cough it's like Satan is erupting out of my throat and into the world. #PAIN #bronchitis #iNeedJesus,7.704869,http://twitter.com/TotesKray/status/476574493344006144,http://twitter.com/toteskray
06/11/14,http://twitter.com/shipmom/status/476683439999963136,shipmom,Wide awake from coughing in my sleep. #Bronchitis #wegeners #immuneCompromised #wk4ofAntibiotocs ..... Relapse? #hate,7.124683,http://twitter.com/ShipMom/status/476683439999963136,http://twitter.com/shipmom
06/11/14,http://twitter.com/katelafff/status/476695717575409664,katelafff,A weeks course of antibiotics and an inhaler and it's less than a wee until Zante #class #bronchitis #SummerGoals,7.693431,http://twitter.com/katelafff/status/476695717575409664,http://twitter.com/katelafff
06/11/14,http://twitter.com/emily_penman/status/476739190156447744,emily_penman,‚Äú@charlessims_: #Bronchitis #Selfie in #Marbs #Towim http://t.co/HVoFThf02n‚ÄùI got bronchitis ain't nobody got time for thatüò≠üòÇ,7.6213765,http://twitter.com/emily_penman/status/476739190156447744,http://twitter.com/emily_penman
06/11/14,http://twitter.com/brinebrian/status/476744873840635904,brinebrian,"Hello #Bronchitis my old friend, I've come to talk with you again, because a cough softly creeping, left it's scars while I was eating.",7.9369507,http://twitter.com/brinebrian/status/476744873840635904,http://twitter.com/brinebrian
06/11/14,http://twitter.com/scriptpro/status/476744946506952705,scriptpro,Research @ICT_magazine finds that contrary to guidelines #antibiotic #Rx rate for #bronchitis are too high: http://t.co/uhll9Y2PDG,7.522339,http://twitter.com/ScriptPro/status/476744946506952705,http://twitter.com/scriptpro
06/11/14,http://twitter.com/stephaniemock/status/476771571785531393,stephaniemock,Love quick visits to urgent care! #bronchitis #inhaler,8.258531,http://twitter.com/stephaniemock/status/476771571785531393,http://twitter.com/stephaniemock
06/11/14,http://twitter.com/sandy1705se/status/476819116628537344,sandy1705se,My poor baby!!!#bronchitis #AintNobodyGotTimeForThat http://t.co/revOZ1EdwW,8.868085,http://twitter.com/Sandy1705Se/status/476819116628537344,http://twitter.com/sandy1705se
06/11/14,http://twitter.com/allergies_wei/status/476831782025707520,allergies_wei,"Clinical #Study: ‚Äú#Successful #Treatment for #Bronchitis, #Asthma, and #Pneumonia‚Äù #Lung #Breathing #Respiratory #OXY http://t.co/oMMnJHj9lR",7.166243,http://twitter.com/allergies_wei/status/476831782025707520,http://twitter.com/allergies_wei
06/11/14,http://twitter.com/arthritis_wei/status/476831996656635904,arthritis_wei,"Clinical #Study: ‚Äú#Successful #Treatment for #Bronchitis, #Asthma, and #Pneumonia‚Äù #Lung #Breathing #Respiratory #OXY http://t.co/GtA0saG2g2",7.170623,http://twitter.com/arthritis_wei/status/476831996656635904,http://twitter.com/arthritis_wei
06/11/14,http://twitter.com/disc_wei/status/476832207906930688,disc_wei,"Clinical #Study: ‚Äú#Successful #Treatment for #Bronchitis, #Asthma, and #Pneumonia‚Äù #Lung #Breathing #Respiratory #OXY http://t.co/1WSXvzcw0r",7.1186895,http://twitter.com/disc_wei/status/476832207906930688,http://twitter.com/disc_wei
06/11/14,http://twitter.com/cpain_wei/status/476832412647698433,cpain_wei,"Clinical #Study: ‚Äú#Successful #Treatment for #Bronchitis, #Asthma, and #Pneumonia‚Äù #Lung #Breathing #Respiratory #OXY http://t.co/5aXKPpijHa",8.454897,http://twitter.com/cpain_wei/status/476832412647698433,http://twitter.com/cpain_wei
06/11/14,http://twitter.com/immune_wei/status/476833265148370944,immune_wei,"Clinical #Study: ‚Äú#Successful #Treatment for #Bronchitis, #Asthma, and #Pneumonia‚Äù #Lung #Breathing #Respiratory #OXY http://t.co/yVAqmUngg1",7.1019397,http://twitter.com/immune_wei/status/476833265148370944,http://twitter.com/immune_wei
06/11/14,http://twitter.com/laughlibrarian/status/476864336770912257,laughlibrarian,"Never, ever, ever trust a sneeze. Or a cough. #bronchitis #tinklewhenisneeze",8.009625,http://twitter.com/LaughLibrarian/status/476864336770912257,http://twitter.com/laughlibrarian
06/11/14,http://twitter.com/mtmehealth/status/476875562271920128,mtmehealth,Savings and Experts for #Bronchitis - Respiratory Therapist :-) http://t.co/HAQwDtWVh5,7.580817,http://twitter.com/MTMeHealth/status/476875562271920128,http://twitter.com/mtmehealth
06/12/14,http://twitter.com/nicsta15/status/476877165762342914,nicsta15,Movie marathon day on the couch under the doona. Strawberry flavoured medicine makes me feel like a little kid #homesick #bronchitis,7.727417,http://twitter.com/nicsta15/status/476877165762342914,http://twitter.com/nicsta15
06/12/14,http://twitter.com/profhelder/status/476914034118492160,profhelder,"RT @cough_wei: Clinical #Study: ‚Äú#Successful #Treatment for #Bronchitis, #Asthma, and #Pneumonia‚Äù #Lung #Breathing #Respiratory #OXY http:/‚Ä¶",10.140457,http://twitter.com/profhelder/status/476914034118492160,http://twitter.com/profhelder
06/12/14,http://twitter.com/babyy_dijahh/status/476955605316292608,babyy_dijahh,At 12:10 this is my view. #GotACold #EarInfection #bronchitis üòíüòí http://t.co/xxjgkm6GH3,8.033328,http://twitter.com/babyy_dijahh/status/476955605316292608,http://twitter.com/babyy_dijahh
06/12/14,http://twitter.com/wateringu/status/476975693134176257,wateringu,"RT @cpain_wei: Clinical #Study: ‚Äú#Successful #Treatment for #Bronchitis, #Asthma, and #Pneumonia‚Äù #Lung #Breathing #Respiratory #OXY http:/‚Ä¶",6.9360476,http://twitter.com/WateringU/status/476975693134176257,http://twitter.com/wateringu
06/12/14,http://twitter.com/akacelebrity/status/477024122523115520,akacelebrity,Looked at the clock all night .. Didn't sleep a bit ... This wheezing is killing me #Bronchitis,8.206933,http://twitter.com/AkaCelebrity/status/477024122523115520,http://twitter.com/akacelebrity
06/12/14,http://twitter.com/deano_wheels/status/477049707701612544,deano_wheels,"Cycling followed by US Open golf on TV with the only interruptions being my coughing #bronchitis
In for a good night on the couch",8.14044,http://twitter.com/Deano_Wheels/status/477049707701612544,http://twitter.com/deano_wheels
06/12/14,http://twitter.com/kgbanswers_uk/status/477096193332232192,kgbanswers_uk,What is recovery time of bronchitis? #bronchitis http://t.co/lPXOHmHdw9,8.080881,http://twitter.com/kgbanswers_UK/status/477096193332232192,http://twitter.com/kgbanswers_uk
06/12/14,http://twitter.com/joinntravel/status/477101183513812992,joinntravel,Delhi threatened by ozone pollution @ http://t.co/1yByY9C4rj #Delhi #Air #Traffic #Pollution #Health #Bronchitis #JoinNTravel,7.255765,http://twitter.com/joinntravel/status/477101183513812992,http://twitter.com/joinntravel
06/12/14,http://twitter.com/mccaddenjude/status/477105470118060032,mccaddenjude,4th place in AG 20th overall in yesterday's blackbird 8k still coughing but getting better #Bronchitis,7.708725,http://twitter.com/mccaddenjude/status/477105470118060032,http://twitter.com/mccaddenjude
06/12/14,http://twitter.com/toriimatthews/status/477127216116273152,toriimatthews,"If I even so much as clear my throat it sends me into this coughing fit that not only is not attractive, but hurts like hell üòë #bronchitis",7.8847246,http://twitter.com/ToriiMatthews/status/477127216116273152,http://twitter.com/toriimatthews
06/12/14,http://twitter.com/shftznl/status/477127247715766272,shftznl,"Trouble breathing, fuck #bronchitis",8.937376,http://twitter.com/SHFTZNL/status/477127247715766272,http://twitter.com/shftznl
06/12/14,http://twitter.com/vivesomniumiv/status/477131968464048128,vivesomniumiv,Cisca Salt Pipe helps #asthma #bronchitis #COPD #emphysema #allergies #sinus &amp; other #respiratory problems http://t.co/3g8on7zcL7 #natural,7.0094757,http://twitter.com/ViveSomniumIV/status/477131968464048128,http://twitter.com/vivesomniumiv
06/12/14,http://twitter.com/justmemarie2/status/477140801529843712,justmemarie2,"RT @cpain_wei: Clinical #Study: ‚Äú#Successful #Treatment for #Bronchitis, #Asthma, and #Pneumonia‚Äù #Lung #Breathing #Respiratory #OXY http:/‚Ä¶",6.9360476,http://twitter.com/Justmemarie2/status/477140801529843712,http://twitter.com/justmemarie2
06/12/14,http://twitter.com/brittney_yvette/status/477230731454722050,brittney_yvette,@lmshackelford I don't have the flu though! #bronchitis #attackingmylungs #coughingfordays #ouchy,7.4164414,http://twitter.com/Brittney_Yvette/status/477230731454722050,http://twitter.com/brittney_yvette
06/13/14,http://twitter.com/marialongley/status/477248492138545153,marialongley,Philippians 4:13 + Diet Dr. Pepper = recipe for success. #Bronchitis  #callthedr #callonJesus,7.5459814,http://twitter.com/MariaLongley/status/477248492138545153,http://twitter.com/marialongley
06/13/14,http://twitter.com/abigail_myersw/status/477253585810378752,abigail_myersw,I would love to be able to breathe normally #bronchitis #asthma,8.40658,http://twitter.com/abigail_myersw/status/477253585810378752,http://twitter.com/abigail_myersw
06/13/14,http://twitter.com/v2vlad/status/477253915663036417,v2vlad,Just got an inhaler #Bronchitis,8.867411,http://twitter.com/V2Vlad/status/477253915663036417,http://twitter.com/v2vlad
06/13/14,http://twitter.com/laniferlately/status/477307239384895488,laniferlately,coughing out lungs because #bronchitis.,8.718448,http://twitter.com/LaniferLately/status/477307239384895488,http://twitter.com/laniferlately
06/13/14,http://twitter.com/laughlibrarian/status/477353782527811584,laughlibrarian,Still awake...still sound like a coon hound crossed with a duck... #bronchitis #barkquackwheeze,7.8577223,http://twitter.com/LaughLibrarian/status/477353782527811584,http://twitter.com/laughlibrarian
06/13/14,http://twitter.com/janhamjr/status/477380609820852224,janhamjr,Where can I get a good pair of ultra runner's lungs? Have coughed mine out over past 2 days. 2nd hand lungs will do! #bronchitis is no fun!,8.223618,http://twitter.com/janhamjr/status/477380609820852224,http://twitter.com/janhamjr
06/13/14,http://twitter.com/nicolekleene/status/477462781302550529,nicolekleene,There should be no such thing as being sick during summer #bronchitis üò∑,8.5446205,http://twitter.com/nicolekleene/status/477462781302550529,http://twitter.com/nicolekleene
06/11/14,http://twitter.com/bp_wei/status/476822313996800000,milascout,"RT @bp_wei: Clinical #Study: ‚Äú#Successful #Treatment for #Bronchitis, #Asthma, and #Pneumonia‚Äù #Lung #Breathing #Respiratory #OXY http://t.‚Ä¶",7.7645383,http://twitter.com/milascout/status/477487115635548160,http://twitter.com/milascout
06/13/14,http://twitter.com/angeladecamp/status/477596757749026816,angeladecamp,I'm certain I've had more tea in the last 2 weeks than the whole amount dumped in Boston harbor. #bronchitis,8.017455,http://twitter.com/AngelaDeCamp/status/477596757749026816,http://twitter.com/angeladecamp
06/13/14,http://twitter.com/lo_rames/status/477598995427389440,lo_rames,My life in a meme #bronchitis http://t.co/4XiX6TEpef,9.927179,http://twitter.com/lo_rames/status/477598995427389440,http://twitter.com/lo_rames
06/14/14,http://twitter.com/surethingjamie/status/477639118961139712,surethingjamie,This #bronchitis is killing me. Fuck,9.033191,http://twitter.com/surethingjamie/status/477639118961139712,http://twitter.com/surethingjamie
06/14/14,http://twitter.com/nc5_jessralston/status/477677000560107521,nc5_jessralston,HUGE thanks to @NC5_EmilyLuxen for saving our newscast and to all of you for the Tweets and to the crew @StThomas_Health. Just #Bronchitis,11.518195,http://twitter.com/NC5_JessRalston/status/477677000560107521,http://twitter.com/nc5_jessralston
06/14/14,http://twitter.com/mrrobertjasso/status/477680085953413120,mrrobertjasso,RT @NC5_JessRalston: HUGE thanks to @NC5_EmilyLuxen for saving our newscast and to all of you for the Tweets and to the crew @StThomas_Heal‚Ä¶,7.325619,http://twitter.com/MrRobertJasso/status/477680085953413120,http://twitter.com/mrrobertjasso
06/14/14,http://twitter.com/laughlibrarian/status/477684948615565312,laughlibrarian,"Currently hacking my way through nite #4 of this crap. So tired, eyes burning, coughing til I puke. This bites. Hard. #bronchitis #stillsick",7.5004134,http://twitter.com/LaughLibrarian/status/477684948615565312,http://twitter.com/laughlibrarian
06/14/14,http://twitter.com/frankielord/status/477689086006677505,frankielord,"‚Äú@WTFFacts: Who Are Celebrity Stoners? http://t.co/MwR2CSZAms http://t.co/vigrMXpIeG‚Äù
#Bronchitis WARNING",7.870654,http://twitter.com/Frankielord/status/477689086006677505,http://twitter.com/frankielord
06/14/14,http://twitter.com/jaredcastle/status/477853387824721922,jaredcastle,"#Bronchitis knocked down @lindacohn &amp; @ladygaga so, naturally, I'd be the next to fall. #antibiotics",10.88524,http://twitter.com/JaredCastle/status/477853387824721922,http://twitter.com/jaredcastle
06/14/14,http://twitter.com/franchisebarbie/status/477866727771230208,franchisebarbie,#bronchitis #asthma #allergies #cvs #minuteclinic üò∑ http://t.co/J9XUsk3IDZ,7.8194017,http://twitter.com/FranchiseBarbie/status/477866727771230208,http://twitter.com/franchisebarbie
06/14/14,http://twitter.com/surethingjamie/status/477878205588570112,surethingjamie,Day 2 in bed. #bronchitis #abs,8.685398,http://twitter.com/surethingjamie/status/477878205588570112,http://twitter.com/surethingjamie
06/14/14,http://twitter.com/xkellier94x/status/477925005989543936,xkellier94x,Absolute joys of being sick :(  #asthma #bronchitis #pleurisy http://t.co/h1pT9jr3LA,7.720362,http://twitter.com/xkellier94x/status/477925005989543936,http://twitter.com/xkellier94x
06/14/14,http://twitter.com/glass1ncision/status/477959417074167808,glass1ncision,"..I've been diagnosed w/ #bronchitis. Gave a steroid shot to lower risks. 

Given prescription cough syrup, antibiotic, &amp; rx decongestant.",8.104387,http://twitter.com/Glass1ncision/status/477959417074167808,http://twitter.com/glass1ncision
06/15/14,http://twitter.com/vulcanwithat/status/477965238008958976,vulcanwithat,I slept through the entire England vs Italy game. Sorry #SuperMario #bronchitis wins,8.109963,http://twitter.com/VulcanwithaT/status/477965238008958976,http://twitter.com/vulcanwithat
06/15/14,http://twitter.com/dragking666/status/477983181010771970,dragking666,Physically not being able to play drums is the worst. #Bronchitis,9.306415,http://twitter.com/DRAGKING666/status/477983181010771970,http://twitter.com/dragking666
06/15/14,http://twitter.com/toteskray/status/478018150743932928,toteskray,I feel like Hazel Grace minus the cancer #craplungs #slowlydying #bronchitis,7.8577223,http://twitter.com/TotesKray/status/478018150743932928,http://twitter.com/toteskray
06/15/14,http://twitter.com/glass1ncision/status/478168880851189760,glass1ncision,"--Good morning. Woke feeling worse than yesterday. Still have migraine, extreme cough, congestion, sore throat, nausea. #bronchitis",7.9247217,http://twitter.com/Glass1ncision/status/478168880851189760,http://twitter.com/glass1ncision
06/15/14,http://twitter.com/erika8579/status/478298665799258112,erika8579,Ugh! #Bronchitis I declare thee evil. So #sick and I have no energy. #AsthmaFlare #AintNobodyGotTimeForThat Anyone have #moonshine ???,7.265111,http://twitter.com/erika8579/status/478298665799258112,http://twitter.com/erika8579
06/15/14,http://twitter.com/garland7070/status/478315278112415744,garland7070,Life was more fun when I could breathe #Bronchitis,8.785507,http://twitter.com/garland7070/status/478315278112415744,http://twitter.com/garland7070
06/15/14,http://twitter.com/periowave/status/478318648172752896,periowave,The #Bronchitis Affair. CDC's 15 year plan to educate doctors on wrongfully prescribing antibiotics has gone array... http://t.co/aRVCwjVmm1,10.701446,http://twitter.com/Periowave/status/478318648172752896,http://twitter.com/periowave
06/16/14,http://twitter.com/starrziee/status/478368120923385856,starrziee,"What I'm looking up at 10:45pm.
#symptoms #bronchitis #cantstopcoughing #throat #hurts #ihopeitisnt‚Ä¶ http://t.co/z3zFYiitHf",7.4733267,http://twitter.com/starrziee/status/478368120923385856,http://twitter.com/starrziee
06/16/14,http://twitter.com/mcummer/status/478369863170134016,mcummer,Of course I get sick the week I leave for vacation #bronchitis #sicklife üò∑,8.436647,http://twitter.com/MCummer/status/478369863170134016,http://twitter.com/mcummer
06/16/14,http://twitter.com/garland7070/status/478376180186624000,garland7070,@livy_kaitlyn no that's me #Bronchitis,8.358839,http://twitter.com/garland7070/status/478376180186624000,http://twitter.com/garland7070
06/16/14,http://twitter.com/riane_kistner/status/478380582766772225,riane_kistner,"No, I love choking on mucus whenever I try to move. It's my favorite thing, really. Please, continue. #bronchitis #wemeetagain",7.790879,http://twitter.com/Riane_Kistner/status/478380582766772225,http://twitter.com/riane_kistner
06/16/14,http://twitter.com/exprmntlghost/status/478468123058647040,exprmntlghost,I really hate it when you have #bronchitis and you get a #coughing fit followed by a #sneeze... not pretty on the inside of a visor.,7.71785,http://twitter.com/ExprmntlGhost/status/478468123058647040,http://twitter.com/exprmntlghost
06/16/14,http://twitter.com/kcarralez/status/478557964282769408,kcarralez,"No school because can't breathe or talk ... 
#Bronchitis",8.794633,http://twitter.com/KCarralez/status/478557964282769408,http://twitter.com/kcarralez
06/16/14,http://twitter.com/beccalucky98/status/478615632951263233,beccalucky98,Go hard or go home: went too hard and now I'm at home sick. Ready to watch my girls do work! Wish I got to play today!üòÅ‚öæÔ∏è #bronchitis,7.801444,http://twitter.com/BeccaLucky98/status/478615632951263233,http://twitter.com/beccalucky98
06/16/14,http://twitter.com/cardigan_kaytee/status/478649812217126912,cardigan_kaytee,My #bronchitis has reached Darth Vader status. http://t.co/qBv0xszYgi,8.484933,http://twitter.com/cardigan_kaytee/status/478649812217126912,http://twitter.com/cardigan_kaytee
06/16/14,http://twitter.com/mateovermatter/status/478651092361043969,mateovermatter,Hhelloooo bronchitis! #sick #sicksucks #bronchitis #yerbamate #burtsbees #novoice #hackingupalung by sharij752 http://t.co/xkLuWkhWZq,7.0086045,http://twitter.com/MateOverMatter/status/478651092361043969,http://twitter.com/mateovermatter
06/17/14,http://twitter.com/awsumgiant/status/478712346756403200,awsumgiant,The best part of practice is when it's over #Dying #OhLordHelpMe #Bronchitis,9.662883,http://twitter.com/awsumgiant/status/478712346756403200,http://twitter.com/awsumgiant
06/17/14,http://twitter.com/_marciaaa127/status/478713159557988352,_marciaaa127,RT @awsumgiant: The best part of practice is when it's over #Dying #OhLordHelpMe #Bronchitis,7.7906284,http://twitter.com/_marciaaa127/status/478713159557988352,http://twitter.com/_marciaaa127
06/17/14,http://twitter.com/kristinaalvares/status/478713179712004096,kristinaalvares,#sinusitis #bronchitis i got that,8.827415,http://twitter.com/kristinaalvares/status/478713179712004096,http://twitter.com/kristinaalvares
06/17/14,http://twitter.com/jordyn_mac/status/478736207745007616,jordyn_mac,"Lol at how when my mom was like ""go downstairs!!"" I yelled ""MOM GET MY INHALER"" #bronchitis #asthmaprobs #cantbreathe #manyhashtag",7.5267196,http://twitter.com/Jordyn_Mac/status/478736207745007616,http://twitter.com/jordyn_mac
06/17/14,http://twitter.com/blcbs/status/478753633501081601,blcbs,"JLo #jimmyfallontonight  ""Ain't nobody got time for that"" #JLo just got #bronchitis.  #Insult  Haha.",7.6909933,http://twitter.com/blcbs/status/478753633501081601,http://twitter.com/blcbs
06/17/14,http://twitter.com/mizz_castillo/status/478767401488494592,mizz_castillo,Just what the Dr ordered #bronchitis#inhaler#steriods#coughsyrup#antibiotics#chunkymunky üò∑üíâüíäüòãüò¥üò´ http://t.co/g9fUgOyVTl,7.458774,http://twitter.com/Mizz_Castillo/status/478767401488494592,http://twitter.com/mizz_castillo
06/17/14,http://twitter.com/thesheenzz/status/478917257968758784,thesheenzz,My view for the next few days... ;-( #sick #bronchitis #papillon #kleenex #blah http://t.co/9Te6Yk7HBy,7.5526385,http://twitter.com/thesheenzz/status/478917257968758784,http://twitter.com/thesheenzz
06/17/14,http://twitter.com/kaylie_stewart/status/478957557130600448,kaylie_stewart,Wishing I could workout right now #bronchitis #sickaf,8.354982,http://twitter.com/Kaylie_Stewart/status/478957557130600448,http://twitter.com/kaylie_stewart
06/17/14,http://twitter.com/lita_amors/status/478970461858971648,lita_amors,My lungs weren't made to smoke #bronchitis #alwayssick,8.337841,http://twitter.com/lita_Amors/status/478970461858971648,http://twitter.com/lita_amors
06/17/14,http://twitter.com/exelume/status/478984236146630656,exelume,"If you walk into a doctors office with #bronchitis, 71% of the time you will be prescribed an unnecessary #antibiotic http://t.co/tgQPdfCYeY",7.521139,http://twitter.com/Exelume/status/478984236146630656,http://twitter.com/exelume
06/17/14,http://twitter.com/potrblog/status/478991356023422976,potrblog,"ALERT:
#CDC Alters Emergency #MERS Testing To Target Asymptomatic Individuals

http://t.co/3bOGXg0z7h

#Bronchitis #STL #Hajj #Pandemic #EUA",9.090969,http://twitter.com/Potrblog/status/478991356023422976,http://twitter.com/potrblog
06/17/14,http://twitter.com/redheadphotog/status/478994264945205248,redheadphotog,@FuzzehDeath #JoinTheClub #Bronchitis,8.279587,http://twitter.com/redheadphotog/status/478994264945205248,http://twitter.com/redheadphotog
06/17/14,http://twitter.com/survivalplanner/status/478994740608643074,survivalplanner,"RT @Potrblog: ALERT:
#CDC Alters Emergency #MERS Testing To Target Asymptomatic Individuals

http://t.co/3bOGXg0z7h

#Bronchitis #STL #Hajj‚Ä¶",6.899052,http://twitter.com/SurvivalPlanner/status/478994740608643074,http://twitter.com/survivalplanner
06/17/14,http://twitter.com/exelume/status/479000548004618241,exelume,The #Bronchitis Affair. CDC's 15 year plan to educate doctors on wrongfully prescribing antibiotics has gone array... http://t.co/qeU76OQnsU,7.4785786,http://twitter.com/Exelume/status/479000548004618241,http://twitter.com/exelume
06/17/14,http://twitter.com/periowave/status/479045886023311361,periowave,"If you walk into a doctors office with #bronchitis, 71% of the time you will be prescribed an unnecessary #antibiotic http://t.co/l7ycNGmuBe",10.745206,http://twitter.com/Periowave/status/479045886023311361,http://twitter.com/periowave
06/17/14,http://twitter.com/ellemcglynn/status/479047163318521856,ellemcglynn,"#smokers #lungs, #emphysema and #chronic #bronchitis are all types of what? http://t.co/T8SrRxjQyr @ConversationEDU",7.2288933,http://twitter.com/ElleMcGlynn/status/479047163318521856,http://twitter.com/ellemcglynn
06/18/14,http://twitter.com/frlarousse2/status/479051275779473408,frlarousse2,"RT @Potrblog: ALERT:
#CDC Alters Emergency #MERS Testing To Target Asymptomatic Individuals

http://t.co/3bOGXg0z7h

#Bronchitis #STL #Hajj‚Ä¶",6.899052,http://twitter.com/frLarousse2/status/479051275779473408,http://twitter.com/frlarousse2
06/18/14,http://twitter.com/earthfoodstv/status/479073745026314242,earthfoodstv,"#Thyme is powerful for candida / fungal infections &amp; bronchitis. Easy to grow in windowsill, patio, or garden. #herbalism #bronchitis @diy",8.579347,http://twitter.com/EarthFoodsTV/status/479073745026314242,http://twitter.com/earthfoodstv
06/18/14,http://twitter.com/philmedobserver/status/479118904967847936,philmedobserver,"#Measles may lead to such complications as #pneumonia (most common), #meningitis, encaphilitis, #bronchitis, #sinusitis, and conjunctivitis.",7.207435,http://twitter.com/PhilMedObserver/status/479118904967847936,http://twitter.com/philmedobserver
06/18/14,http://twitter.com/durrtydoesit/status/479120805591519232,durrtydoesit,Just wannna give a big #FUUUCKKKYYYYOOOOUUUU to #Bronchitis for fucking up my weed smoke and exercise routine!!!! In the summer time @ that!,7.8435683,http://twitter.com/Durrtydoesit/status/479120805591519232,http://twitter.com/durrtydoesit
06/18/14,http://twitter.com/lindajeffreys/status/479165652771418112,lindajeffreys,"RT @EarthFoodsTV: #Thyme is powerful for candida / fungal infections &amp; bronchitis. Easy to grow in windowsill, patio, or garden. #herbalism‚Ä¶",6.853372,http://twitter.com/LindaJeffreys/status/479165652771418112,http://twitter.com/lindajeffreys
06/18/14,http://twitter.com/haasberlin/status/479184430062661632,haasberlin,"@CarmenChammas you are sure that's today and capricorn ... ;-) sounds too great cause I feel a little bit ill, spoke too much #bronchitis",10.929674,http://twitter.com/haasberlin/status/479184430062661632,http://twitter.com/haasberlin
06/18/14,http://twitter.com/danualblight/status/479243684974567424,danualblight,@_BOOTGIRL1488_ @GymTurk Have been crook the last few days #Bronchitis have had it of and on since l quit smoking,7.522339,http://twitter.com/danualblight/status/479243684974567424,http://twitter.com/danualblight
06/18/14,http://twitter.com/lungdocswa/status/479281275946434560,lungdocswa,#Smoking and #bronchitis are a bad combination http://t.co/PVwdXe7Uge,8.592174,http://twitter.com/LungDocsWA/status/479281275946434560,http://twitter.com/lungdocswa
06/18/14,http://twitter.com/tamkat21/status/479323158923997184,tamkat21,Well that was fun NOT.   No more food for a while me thinks.   #bronchitis #notgettingmuchbetter,8.089356,http://twitter.com/tamkat21/status/479323158923997184,http://twitter.com/tamkat21
06/19/14,http://twitter.com/ribellephoto/status/479414112389455874,ribellephoto,I. Hate. Being. Sick. Ugh! #bronchitis ‚Äî feeling crappy,8.089356,http://twitter.com/RIBELLEphoto/status/479414112389455874,http://twitter.com/ribellephoto
06/19/14,http://twitter.com/glass1ncision/status/479623057418780672,glass1ncision,"Day 5 -- Feeling better, #bronchitis, but still symptomatic. Lessened congestion but harsh cough. Hope to be well soon, very soon. #sick",7.171011,http://twitter.com/Glass1ncision/status/479623057418780672,http://twitter.com/glass1ncision
06/19/14,http://twitter.com/hlucyjc/status/479635047117369344,hlucyjc,When #laryngitis meets #bronchitis =  painful explosive coughing fits in the middle of the night! #letmesleep,8.602125,http://twitter.com/HLucyJC/status/479635047117369344,http://twitter.com/hlucyjc
06/19/14,http://twitter.com/periowave/status/479690160863338496,periowave,"If you walk into a doctors office with #bronchitis, 71% of the time you will be prescribed an unnecessary #antibiotic http://t.co/EZqZzCtsX3",10.749586,http://twitter.com/Periowave/status/479690160863338496,http://twitter.com/periowave
06/19/14,http://twitter.com/lifebyliz/status/479693123329601536,lifebyliz,I understand now why they mix sizzurp with sprite...yiiiicckkk! Gimme dat purple drank! #bronchitis,7.7083864,http://twitter.com/LifeByLiz/status/479693123329601536,http://twitter.com/lifebyliz
06/19/14,http://twitter.com/bethany_cullum/status/479706323148607488,bethany_cullum,I've officially got bronchitis. Feel like shit! #bronchitis,8.600648,http://twitter.com/Bethany_Cullum/status/479706323148607488,http://twitter.com/bethany_cullum
06/19/14,http://twitter.com/keithcissell/status/479716822913003520,keithcissell,Sorry to brag but while waiting in the Dr's office I read Green Eggs and Ham in LESS than 7min! #AssociatesDegree #Bronchitis,7.522339,http://twitter.com/KeithCissell/status/479716822913003520,http://twitter.com/keithcissell
06/19/14,http://twitter.com/exelume/status/479740459888435200,exelume,"If you walk into a doctors office with #bronchitis, 71% of the time you will be prescribed an unnecessary #antibiotic http://t.co/JjmFbKjei1",7.451083,http://twitter.com/Exelume/status/479740459888435200,http://twitter.com/exelume
06/20/14,http://twitter.com/periowave/status/479797054752161792,periowave,The #Bronchitis Affair. CDC's 15 year plan to educate doctors on wrongfully prescribing antibiotics has gone array... http://t.co/aRVCwjVmm1,10.6863165,http://twitter.com/Periowave/status/479797054752161792,http://twitter.com/periowave
06/20/14,http://twitter.com/thelovelyholly/status/479802825183354881,thelovelyholly,@TheBiancaDelRio @HurricaneBianca Good news! I'm cutting my pack a day habit down to half a pack a day! I can donate ASAP! #Bronchitis,8.284798,http://twitter.com/TheLovelyHolly/status/479802825183354881,http://twitter.com/thelovelyholly
06/20/14,http://twitter.com/hurricanebianca/status/479807471444172800,hurricanebianca,RT @TheLovelyHolly: @TheBiancaDelRio @HurricaneBianca Good news! I'm cutting my pack a day habit down to half a pack a day! I can donate AS‚Ä¶,7.2387466,http://twitter.com/HurricaneBianca/status/479807471444172800,http://twitter.com/hurricanebianca
06/20/14,http://twitter.com/angeliceyeez/status/479880435800236032,angeliceyeez,Increase lung health with these powerful herbs http://t.co/OBXuKGFRuy #health #wellness #asthma #bronchitis #emphysema #lungcancer,7.42599,http://twitter.com/angeliceyeez/status/479880435800236032,http://twitter.com/angeliceyeez
06/20/14,http://twitter.com/craighealth/status/479888156435558401,craighealth,#Antibiotics for #bronchitis: A widely used bad idea http://t.co/I8Hjy9wQKW #health #influenza #flu #cough #virus,10.731819,http://twitter.com/craighealth/status/479888156435558401,http://twitter.com/craighealth
06/20/14,http://twitter.com/craighealth/status/479889156131135489,craighealth,You can get relief from #bronchitis without #antibiotics http://t.co/SHlcSEQt9x #health #cough #virus #lungs,10.93466,http://twitter.com/craighealth/status/479889156131135489,http://twitter.com/craighealth
06/20/14,http://twitter.com/ethansimp/status/479936025213423616,ethansimp,Got up early to study but instead discovered the sweet brown meme generator online. My life is forever changed. #coldpop #bronchitis,7.756466,http://twitter.com/ethansimp/status/479936025213423616,http://twitter.com/ethansimp
06/20/14,http://twitter.com/kerry_effinger/status/480050095149154304,kerry_effinger,I've scratched from the 400 IM twice in 3 days #bronchitis,8.430018,http://twitter.com/kerry_effinger/status/480050095149154304,http://twitter.com/kerry_effinger
06/20/14,http://twitter.com/exelume/status/480101583007801344,exelume,The #Bronchitis Affair. CDC's 15 year plan to educate doctors on wrongfully prescribing antibiotics has gone array... http://t.co/qeU76OQnsU,7.4485106,http://twitter.com/Exelume/status/480101583007801344,http://twitter.com/exelume
06/20/14,http://twitter.com/alyxjhanson/status/480134430250770432,alyxjhanson,I just realized that which songs I do at the showcase on Sunday will be determined by how much lung capacity I have that day. #bronchitis,7.8786955,http://twitter.com/AlyxJHanson/status/480134430250770432,http://twitter.com/alyxjhanson
06/21/14,http://twitter.com/69risque/status/480174404698402816,69risque,#selfie #chivette #chiveon #Fridaybitches #longassday #novoice #bronchitis http://t.co/2mZD9pJs9a,8.332726,http://twitter.com/69risque/status/480174404698402816,http://twitter.com/69risque
06/21/14,http://twitter.com/philmedobserver/status/480183444237209600,philmedobserver,"#Measles may lead to such complications as #pneumonia (most common), #meningitis, encaphilitis, #bronchitis, #sinusitis, and conjunctivitis.",7.2062354,http://twitter.com/PhilMedObserver/status/480183444237209600,http://twitter.com/philmedobserver
06/21/14,http://twitter.com/rammadu/status/480219268349706240,rammadu,@Merentia seriously Mer? U used your winter morning energy to do that #shock #horror that is probably a sign your #bronchitis is #better,8.201746,http://twitter.com/rammadu/status/480219268349706240,http://twitter.com/rammadu
06/21/14,http://twitter.com/lungdocswa/status/480368471587696640,lungdocswa,Symptoms of #bronchitis: http://t.co/PVwdXe7Uge,9.04813,http://twitter.com/LungDocsWA/status/480368471587696640,http://twitter.com/lungdocswa
06/21/14,http://twitter.com/merentia/status/480415569754460160,merentia,RT @rammadu: @Merentia seriously Mer? U used your winter morning energy to do that #shock #horror that is probably a sign your #bronchitis ‚Ä¶,7.1301503,http://twitter.com/Merentia/status/480415569754460160,http://twitter.com/merentia
06/21/14,http://twitter.com/btownboiler/status/480421881569628160,btownboiler,Sick of being sick. #Bronchitis,12.140362,http://twitter.com/BTownBoiler/status/480421881569628160,http://twitter.com/btownboiler
06/21/14,http://twitter.com/reebug0913/status/480430470136889344,reebug0913,Big shoutout to the little clinic in Kroger for making me look like a druggie. #sinusinfection #earinfection #bronchitis #allthemedications,8.20473,http://twitter.com/reebug0913/status/480430470136889344,http://twitter.com/reebug0913
06/21/14,http://twitter.com/exelume/status/480431243159683072,exelume,"If you walk into a doctors office with #bronchitis, 71% of the time you will be prescribed an unnecessary #antibiotic http://t.co/tgQPdfCYeY",7.4417367,http://twitter.com/Exelume/status/480431243159683072,http://twitter.com/exelume
06/21/14,http://twitter.com/pattidarling/status/480445149282316289,pattidarling,Photo: Day 6 of Sick Con is in full swing‚Ä¶‚Ä¶.yay. #Bronchitis #SickDay #MakeUpArtist #AnastasiaDipBrow http://t.co/ZQTOiiKCvF,7.6741405,http://twitter.com/PattiDarling/status/480445149282316289,http://twitter.com/pattidarling
06/21/14,http://twitter.com/stephaniemock/status/480475039016304640,stephaniemock,I have one more day of intense manual labor--- moving. Then I can't wait to give my body a break #bronchitis #cold #allergies #bruisedribs,7.1019397,http://twitter.com/stephaniemock/status/480475039016304640,http://twitter.com/stephaniemock
06/22/14,http://twitter.com/jayswaggarit3/status/480512713391501312,jayswaggarit3,Being sick is no fun my chest hurts #bronchitis sucks !! :(,8.858997,http://twitter.com/JaySwaggaRit3/status/480512713391501312,http://twitter.com/jayswaggarit3
06/22/14,http://twitter.com/anthropotz/status/480574072909086721,anthropotz,@SoCalArtLover @IMPaulWilliams @Jon_Favreau I've had time to think this through. #bronchitis,7.6028843,http://twitter.com/anthropotz/status/480574072909086721,http://twitter.com/anthropotz
06/22/14,http://twitter.com/roelienrxxx/status/480598527111081984,roelienrxxx,So sick üôàüôà #bronchitis,9.141204,http://twitter.com/RoelienRxxx/status/480598527111081984,http://twitter.com/roelienrxxx
06/22/14,http://twitter.com/glass1ncision/status/480721720840847361,glass1ncision,--Have a persistent annoying deep cough from the #bronchitis &amp; congestion from #allergies is quite severe still. Wish this shit would go!,7.4450545,http://twitter.com/Glass1ncision/status/480721720840847361,http://twitter.com/glass1ncision
06/22/14,http://twitter.com/periowave/status/480765962875322368,periowave,"If you walk into a doctors office with #bronchitis, 71% of the time you will be prescribed an unnecessary #antibiotic http://t.co/l7ycNGmuBe",10.734458,http://twitter.com/Periowave/status/480765962875322368,http://twitter.com/periowave
06/22/14,http://twitter.com/theluvingfather/status/480781165948051456,theluvingfather,Just a few pills to pop. #winter #sickness #bronchitis #pyjamas #bed #sleep by brodideere http://t.co/1JQBfhUXaP,7.393596,http://twitter.com/TheLuvingFather/status/480781165948051456,http://twitter.com/theluvingfather
06/22/14,http://twitter.com/mariuscossette/status/480787565532827649,mariuscossette,@jasondick101x The children of Algiers look much more well fed than I had imagined. #WorldCup2014 #bronchitis,7.726217,http://twitter.com/MariusCossette/status/480787565532827649,http://twitter.com/mariuscossette
06/22/14,http://twitter.com/periowave/status/480812538352132096,periowave,The #Bronchitis Affair. CDC's 15 year plan to educate doctors on wrongfully prescribing antibiotics has gone array... http://t.co/aRVCwjVmm1,10.619781,http://twitter.com/Periowave/status/480812538352132096,http://twitter.com/periowave
06/22/14,http://twitter.com/pimplbc/status/480815447428710402,pimplbc,"#TurnDownForWhat #Bronchitis 
the90sgrind #TheStandardDTLA @ The Standard, Downtown LA http://t.co/GQksdLRS4c",10.701049,http://twitter.com/pimpLBC/status/480815447428710402,http://twitter.com/pimplbc
06/22/14,http://twitter.com/exelume/status/480841459323527168,exelume,The #Bronchitis Affair. CDC's 15 year plan to educate doctors on wrongfully prescribing antibiotics has gone array... http://t.co/9zCg0Y3hUQ,7.482673,http://twitter.com/Exelume/status/480841459323527168,http://twitter.com/exelume
06/22/14,http://twitter.com/costabahr52/status/480846171477659648,costabahr52,Literally can't breathe. #bronchitis #aintnobodygottimeforthat,8.774475,http://twitter.com/CostaBahr52/status/480846171477659648,http://twitter.com/costabahr52
06/23/14,http://twitter.com/isabelmarkova/status/480928881650573312,isabelmarkova,"Life sucks
#bronchitis #cantbreathe :(",8.075131,http://twitter.com/IsabelMarkova/status/480928881650573312,http://twitter.com/isabelmarkova
06/23/14,http://twitter.com/mgranovsky/status/481037205977456640,mgranovsky,"As with #sinusitis (http://t.co/Kub6EMsywJ), way too many doctors are prescribing #antibiotics for acute #bronchitis  http://t.co/2XceXsTrFT",7.7865334,http://twitter.com/MGranovsky/status/481037205977456640,http://twitter.com/mgranovsky
06/23/14,http://twitter.com/tabitha_scott/status/481054026092806145,tabitha_scott,Finally feel like I can breathe again now that the doctor has prescribed me an inhaler #bronchitis,8.072959,http://twitter.com/Tabitha_Scott/status/481054026092806145,http://twitter.com/tabitha_scott
06/23/14,http://twitter.com/lylemich/status/481056447581945856,lylemich,In bed... Doctor's orders. #bronchitis,8.596595,http://twitter.com/LyleMich/status/481056447581945856,http://twitter.com/lylemich
06/23/14,http://twitter.com/truewhonikki/status/481074010180968449,truewhonikki,Sick as dog while on vacay! Grrr #cold #flu #bronchitis #aintnobodygottimeforthat,7.9917674,http://twitter.com/TrueWhoNikki/status/481074010180968449,http://twitter.com/truewhonikki
06/23/14,http://twitter.com/exelume/status/481176209255321600,exelume,"If you walk into a doctors office with #bronchitis, 71% of the time you will be prescribed an unnecessary #antibiotic http://t.co/JjmFbKjei1",7.485915,http://twitter.com/Exelume/status/481176209255321600,http://twitter.com/exelume
06/23/14,http://twitter.com/tamimariet/status/481177983848157184,tamimariet,Guess where I am again... Sick and tired of being sick and tired!  #bronchitis #sinusinfection‚Ä¶ http://t.co/OE3NXhM3Kb,8.150549,http://twitter.com/tamimariet/status/481177983848157184,http://twitter.com/tamimariet
06/24/14,http://twitter.com/_gambinolyrics_/status/481305444040712192,_gambinolyrics_,My apologies I've been busy today. Let me hit yal with some late night #Bronchitis off #Royalty from Bino http://t.co/hRE2GtO0Go,9.4212475,http://twitter.com/_GambinoLyrics_/status/481305444040712192,http://twitter.com/_gambinolyrics_
06/24/14,http://twitter.com/throw_your_os/status/481305517667540992,throw_your_os,RT @_GambinoLyrics_: My apologies I've been busy today. Let me hit yal with some late night #Bronchitis off #Royalty from Bino http://t.co/‚Ä¶,7.603217,http://twitter.com/Throw_your_Os/status/481305517667540992,http://twitter.com/throw_your_os
06/24/14,http://twitter.com/nateslaymaker/status/481341579664162817,nateslaymaker,"Being sick can be really boring, but in the last few days I have watched all six episodes of Star Wars. :) #bronchitis #silverlining #fb",7.5760493,http://twitter.com/nateslaymaker/status/481341579664162817,http://twitter.com/nateslaymaker
06/24/14,http://twitter.com/jrocoleman/status/481345006092181504,jrocoleman,Every time I cough I wake up my sister...oops. #bronchitis,8.511571,http://twitter.com/jrocoleman/status/481345006092181504,http://twitter.com/jrocoleman
06/24/14,http://twitter.com/rubinaakhan/status/481392231765397505,rubinaakhan,"@British_Airways Granada v/s Grenada? Nada! But wait, of course you can! You're the airline that gave me #BusinessClass #Bronchitis!",7.379637,http://twitter.com/RubinaAKhan/status/481392231765397505,http://twitter.com/rubinaakhan
06/24/14,http://twitter.com/cuzyie/status/481411827201757184,cuzyie,Not how I wanted my morning to go üò¢üò¢ #bronchitis #doctor #ifeelhorrible http://t.co/awYKfhNXz8,8.203365,http://twitter.com/cuzyie/status/481411827201757184,http://twitter.com/cuzyie
06/24/14,http://twitter.com/stuffedteddy/status/481413842569007107,stuffedteddy,Love my teddy. Especially when I have to sit in all day with bronchitis. #teddy #yuck #bronchitis #nofun #rainbow... http://t.co/Vbp7vGNsXY,7.7166686,http://twitter.com/StuffedTeddy/status/481413842569007107,http://twitter.com/stuffedteddy
06/24/14,http://twitter.com/lungdocswa/status/481455645187911680,lungdocswa,Reduce the risk of #bronchitis by avoiding cigarette #smoking. http://t.co/PVwdXe7Uge,8.166561,http://twitter.com/LungDocsWA/status/481455645187911680,http://twitter.com/lungdocswa
06/24/14,http://twitter.com/mszebeach/status/481476840331038723,mszebeach,Exactly what the doctor ordered! üòîüò∑üíäüíâ #bronchitis #zpack #coughmedicine  #starbucks #fluids #passionfruit http://t.co/gh1gXwuMXE,7.380391,http://twitter.com/MsZeBeach/status/481476840331038723,http://twitter.com/mszebeach
06/24/14,http://twitter.com/sodajrrk/status/481501890555826177,sodajrrk,"#Mucinex #Antibiotics &amp; #LiquidTylenol ain't gonna get me down.Fuck you #bronchitis.Sick or not, I'm a #hmotbLol http://t.co/pj2GfYb8CH",7.2065635,http://twitter.com/Sodajrrk/status/481501890555826177,http://twitter.com/sodajrrk
06/24/14,http://twitter.com/kierrar/status/481507309323956224,kierrar,I guess those 20¬∞ waterfalls wasn't  great for my body. #Bronchitis #Feverof102 #sickasadog üò∑üíä,7.978532,http://twitter.com/KierraR/status/481507309323956224,http://twitter.com/kierrar
06/24/14,http://twitter.com/mikerncoach/status/481515248935899136,mikerncoach,Don't Worry Breathe Happy: http://t.co/fMA6Rm5ynP via @YouTube #copd #lungs #bronchitis #Asthma #emphysema,7.59656,http://twitter.com/MikeRNCoach/status/481515248935899136,http://twitter.com/mikerncoach
06/24/14,http://twitter.com/billwadman/status/481560755830280192,billwadman,Waiting for today's On Taking Pictures? We're doing it tomorrow b/c of a long shoot and the fact that I can't stop coughing. #bronchitis,10.889573,http://twitter.com/billwadman/status/481560755830280192,http://twitter.com/billwadman
06/24/14,http://twitter.com/bama_book_worm/status/481567579065290752,bama_book_worm,#babygirl went to the Dr today. She has #Bronchitis. She didn't sleep at all last night from coughing‚Ä¶ http://t.co/p7JMzySEwQ,8.1207,http://twitter.com/Bama_Book_Worm/status/481567579065290752,http://twitter.com/bama_book_worm
06/25/14,http://twitter.com/mary_swisch/status/481630916625068032,mary_swisch,I hate #bronchitis. Go away!!!,9.147861,http://twitter.com/mary_swisch/status/481630916625068032,http://twitter.com/mary_swisch
06/25/14,http://twitter.com/charltontrader/status/481677199133904896,charltontrader,14 out of 21 antibiotics to go #ill #bronchitis #antibiotics,8.145515,http://twitter.com/CharltonTrader/status/481677199133904896,http://twitter.com/charltontrader
06/25/14,http://twitter.com/archie13/status/481702951950352384,archie13,Can't stop coughing and running a fever again #teamnosleep #bronchitis,8.398067,http://twitter.com/Archie13/status/481702951950352384,http://twitter.com/archie13
06/25/14,http://twitter.com/legallyange/status/481811312671203328,legallyange,I appear to have the lung capacity of a 50 stone man!! #bronchitis,8.2834425,http://twitter.com/legallyange/status/481811312671203328,http://twitter.com/legallyange
06/25/14,http://twitter.com/krigio/status/481832958471323649,krigio,nothing worse than having the flu in the summer than spreading it to @MARISAFALCONE #bronchitis,7.9644556,http://twitter.com/krigio/status/481832958471323649,http://twitter.com/krigio
06/25/14,http://twitter.com/littlebeecustom/status/481835124955574272,littlebeecustom,"But Mommy, I'm smoking!!!  #bronchitis http://t.co/jfzW1rsomr",8.965555,http://twitter.com/LittleBeeCustom/status/481835124955574272,http://twitter.com/littlebeecustom
06/25/14,http://twitter.com/tiffilai/status/481843045344628736,tiffilai,Woke up to this. Sometimes I wonder if Buster is part Koala üê®. Thanks for the company Bean. #bronchitis üíä http://t.co/HZ2OKHR5a4,8.990203,http://twitter.com/tiffilai/status/481843045344628736,http://twitter.com/tiffilai
06/25/14,http://twitter.com/aim_niccole/status/481870780423491585,aim_niccole,Back at the gym tonight after almost two weeks! üò± Wish me luck!!! üí™ #GymFlow #KatyHearnFitness #Fitness #Bronchitis,7.8435683,http://twitter.com/Aim_Niccole/status/481870780423491585,http://twitter.com/aim_niccole
06/25/14,http://twitter.com/exelume/status/481882262255181824,exelume,"If you walk into a doctors office with #bronchitis, 71% of the time you will be prescribed an unnecessary #antibiotic http://t.co/tgQPdfCYeY",7.54163,http://twitter.com/Exelume/status/481882262255181824,http://twitter.com/exelume
06/26/14,http://twitter.com/nicole_miller3/status/481960047824494594,nicole_miller3,whyyyy am I always sick üò©üò∑üò∞ #bronchitis #needanewimmnunesystem #dieing,7.9984245,http://twitter.com/nicole_miller3/status/481960047824494594,http://twitter.com/nicole_miller3
06/26/14,http://twitter.com/hihidco/status/481993699941830656,hihidco,#Mark #Cavendish out of #British #National #Road #Championship with #bronchitis: Mark Cavendish has had to pull out‚Ä¶ http://t.co/XQjqoAU866,7.353761,http://twitter.com/hihidco/status/481993699941830656,http://twitter.com/hihidco
06/26/14,http://twitter.com/elizabethanners/status/482016186205364224,elizabethanners,lost my voice right before show... #bronchitis #help,8.612894,http://twitter.com/elizabethanners/status/482016186205364224,http://twitter.com/elizabethanners
06/26/14,http://twitter.com/copdguide/status/482024118817013762,copdguide,#Bronchitis do you suffer from it? Read about it at the COPD Store http://t.co/kS5wDflPKB,7.896342,http://twitter.com/COPDguide/status/482024118817013762,http://twitter.com/copdguide
06/26/14,http://twitter.com/thatguy_jdgaf/status/482042639445815298,thatguy_jdgaf,@iGrindHard3r cause than bitch gone be breathing #bronchitis,8.341323,http://twitter.com/ThatGuy_Jdgaf/status/482042639445815298,http://twitter.com/thatguy_jdgaf
06/26/14,http://twitter.com/mrsstephpj/status/482166210310574081,mrsstephpj,#BRONCHITIS #NOFUN #COUGHINGFORDAYS http://t.co/jkQyiJU8Z1,8.247794,http://twitter.com/MrsStephPJ/status/482166210310574081,http://twitter.com/mrsstephpj
06/26/14,http://twitter.com/anniehow13/status/482172021712097280,anniehow13,https://t.co/QTPgKlse98 Hey if you listen closely this girl has the same laugh as @KimHowrigan... #bronchitis üòÇ,8.8326435,http://twitter.com/AnnieHow13/status/482172021712097280,http://twitter.com/anniehow13
06/26/14,http://twitter.com/carrlyanne/status/482176828988489728,carrlyanne,RT @AnnieHow13: https://t.co/QTPgKlse98 Hey if you listen closely this girl has the same laugh as @KimHowrigan... #bronchitis üòÇ,7.679864,http://twitter.com/CarrlyAnne/status/482176828988489728,http://twitter.com/carrlyanne
06/26/14,http://twitter.com/neeka_fedyshyn/status/482234452060672000,neeka_fedyshyn,Alright #naturalremedies: work your #magic! #cures #bronchitis http://t.co/9VpF2Bugl0,8.127357,http://twitter.com/Neeka_Fedyshyn/status/482234452060672000,http://twitter.com/neeka_fedyshyn
06/26/14,http://twitter.com/copdguide/status/482237623264489473,copdguide,#Bronchitis do you suffer from it? Read about it at the COPD Store http://t.co/RNi1x5EWpD,7.90549,http://twitter.com/COPDguide/status/482237623264489473,http://twitter.com/copdguide
06/26/14,http://twitter.com/exelume/status/482275951049736192,exelume,"If you walk into a doctors office with #bronchitis, 71% of the time you will be prescribed an unnecessary #antibiotic http://t.co/JjmFbKjei1",7.5267196,http://twitter.com/Exelume/status/482275951049736192,http://twitter.com/exelume
06/27/14,http://twitter.com/brit_stratton/status/482321079713550336,brit_stratton,"What my day consisted of. üò∑
#Sick #Bronchitis #Cuteness http://t.co/dfY5Vepl1m",8.331183,http://twitter.com/Brit_Stratton/status/482321079713550336,http://twitter.com/brit_stratton
06/27/14,http://twitter.com/amjhutton/status/482336054952079361,amjhutton,#FaceTime with #mom. #smiles #family #bronchitis #love #joy #happiness http://t.co/zgrXkbZdOn,7.790879,http://twitter.com/amjhutton/status/482336054952079361,http://twitter.com/amjhutton
06/27/14,http://twitter.com/copdguide/status/482462019321217024,copdguide,#Bronchitis do you suffer from it? Read about it at the COPD Store http://t.co/mbbZvQYZ0V,7.870654,http://twitter.com/COPDguide/status/482462019321217024,http://twitter.com/copdguide
06/27/14,http://twitter.com/devdreyer/status/482522712016158720,devdreyer,‚Äú@amborockstar: #bronchitis‚Äù ain't no body got time for that!,8.293366,http://twitter.com/DevDreyer/status/482522712016158720,http://twitter.com/devdreyer
06/27/14,http://twitter.com/danielle_soul/status/482567963866714112,danielle_soul,My snuggle puppy!!! He has taken care of me during my #bronchitis. #ilovemypitbull #pitbullmomma‚Ä¶ http://t.co/By9urVc5iI,7.731797,http://twitter.com/danielle_soul/status/482567963866714112,http://twitter.com/danielle_soul
06/27/14,http://twitter.com/nicolesharpruiz/status/482572398114652160,nicolesharpruiz,#bronchitis #pneumonia #laryngitis just swallowed 8 pills :-| and only finished recuperating from #strep a week ago :-(,7.3106794,http://twitter.com/NicoleSharpRuiz/status/482572398114652160,http://twitter.com/nicolesharpruiz
06/28/14,http://twitter.com/dietz_autumn/status/482707865321218048,dietz_autumn,Ain't nobody got time for that #bronchitis @castockmeyer,8.236665,http://twitter.com/dietz_autumn/status/482707865321218048,http://twitter.com/dietz_autumn
06/28/14,http://twitter.com/themegandarcy/status/482735316600909824,themegandarcy,I love my mom so much üòÇ #bestmomever #bronchitis #hurtslikeabitch #feelslikeimdying #stopandshopsucks‚Ä¶ http://t.co/zjFuPrnzMf,7.67852,http://twitter.com/TheMeganDarcy/status/482735316600909824,http://twitter.com/themegandarcy
06/28/14,http://twitter.com/alfalfuh/status/482760101992742912,alfalfuh,"""Bro that dab just gave me asthma""- @SpiderCityBro 

Smokin that #bronchitis.",7.735892,http://twitter.com/ALfalfuh/status/482760101992742912,http://twitter.com/alfalfuh
06/28/14,http://twitter.com/jodebult/status/482791315109732353,jodebult,2:30 am. Maybe spanx would hold my poor coughing thorax together. Ow. #bronchitis #maybepneumonia #waaahmbulance #overit,7.2151737,http://twitter.com/jodebult/status/482791315109732353,http://twitter.com/jodebult
06/28/14,http://twitter.com/straitgateactgp/status/482862405622710272,straitgateactgp,Air quality plan will focus on quarry ops http://t.co/D1OQG9oHSQ 'dust - produced by quarries - linked to #bronchitis #COPD #SIDS #asthma',6.9360476,http://twitter.com/straitgateactgp/status/482862405622710272,http://twitter.com/straitgateactgp
06/28/14,http://twitter.com/offtopictim/status/482923767425814528,offtopictim,Saturday. Last days of #JuneGloom. Recovering from #bronchitis and #pneumonia. Great day for #socialmedia in #HermosaBeach,7.693431,http://twitter.com/OffTopicTim/status/482923767425814528,http://twitter.com/offtopictim
06/28/14,http://twitter.com/semperfigurrl/status/482959632068263936,semperfigurrl,"#Bronchitis. So yea..#thathappened 
Eh well..got things to do. Lol 
No not leaving the house..i hope.‚Ä¶ http://t.co/XYIs2XvEWN",8.2225895,http://twitter.com/SemperFiGurrl/status/482959632068263936,http://twitter.com/semperfigurrl
06/28/14,http://twitter.com/jodebult/status/482969846439620608,jodebult,Amazon Prime finally. For Key &amp; Peele. #roku #bronchitis #maybepneumonia #couchday5,7.17221,http://twitter.com/jodebult/status/482969846439620608,http://twitter.com/jodebult
06/28/14,http://twitter.com/imhintt/status/483009114679689216,imhintt,I ended up purchasing wild star today. It's a really fun game. I would continue to stream the game play but I need some rest. #Bronchitis,8.086712,http://twitter.com/ImHintt/status/483009114679689216,http://twitter.com/imhintt
06/29/14,http://twitter.com/glass1ncision/status/483040024305606656,glass1ncision,"--So I had half a bottle of cough syrup with codeine from my recent stent of #bronchitis.  

Figured I might as well finish it off.",7.663114,http://twitter.com/Glass1ncision/status/483040024305606656,http://twitter.com/glass1ncision
06/29/14,http://twitter.com/nicolesharpruiz/status/483190059240550400,nicolesharpruiz,day 5 of #bronchitis and day 3 on #antibiotics gonna try to get out for a @Walmart run in a bit :-p got my voice back at least!,8.889408,http://twitter.com/NicoleSharpRuiz/status/483190059240550400,http://twitter.com/nicolesharpruiz
06/29/14,http://twitter.com/bbnsupplements/status/483240129763348481,bbnsupplements,#Bronchitis #Suggested #Protocol http://t.co/Hmab0RY5TG,8.203365,http://twitter.com/BBNSupplements/status/483240129763348481,http://twitter.com/bbnsupplements
06/29/14,http://twitter.com/bbnsupplements/status/483240297501958144,bbnsupplements,#Bronchitis What Our Highly #Trained in House #Practitioners Say http://t.co/88By8i4pB6,7.969902,http://twitter.com/BBNSupplements/status/483240297501958144,http://twitter.com/bbnsupplements
06/29/14,http://twitter.com/dani_racheal/status/483329543927656449,dani_racheal,"Mild cold like symptoms, sleep, wake up and now I'm dying #bronchitis never can I ever have just a cold #happenseverytime my chest hurts!wah",7.7809534,http://twitter.com/Dani_Racheal/status/483329543927656449,http://twitter.com/dani_racheal
06/30/14,http://twitter.com/rickybobby555/status/483430927868379136,rickybobby555,And I said oh Lord Jesus it's a fuuurrr#GlobalWarming#aintnobodygottimeforthat#Bronchitis http://t.co/vuhpSzmw5j,7.895142,http://twitter.com/rickybobby555/status/483430927868379136,http://twitter.com/rickybobby555
06/30/14,http://twitter.com/allisoncarries/status/483465954526244864,allisoncarries,Oh Lord Jesus there's a fire. #coldpop #bbqin #sweetbrown #bronchitis #idohavetimeforachicclutch @katespadeny http://t.co/xxw6sqWXMc,7.2590823,http://twitter.com/AllisonCarries/status/483465954526244864,http://twitter.com/allisoncarries
06/30/14,http://twitter.com/nonactiveb/status/483476914456113152,nonactiveb,Coughed my lung out #bronchitis #yum,8.529912,http://twitter.com/Nonactiveb/status/483476914456113152,http://twitter.com/nonactiveb
06/30/14,http://twitter.com/digitaldrivel/status/483589395262357506,digitaldrivel,Gonna force myself to stay in bed again today...really need to shake this. #bronchitis,11.701508,http://twitter.com/digitaldrivel/status/483589395262357506,http://twitter.com/digitaldrivel
06/30/14,http://twitter.com/njhealth/status/483612299685797888,njhealth,Tips for surviving #summer sizzle with #lung diseases. http://t.co/dLGSGHkj9f #asthma #COPD #bronchitis #emphysema,8.3084755,http://twitter.com/NJHealth/status/483612299685797888,http://twitter.com/njhealth
06/30/14,http://twitter.com/gillopri/status/483634703631917056,gillopri,Bass and treble in my voice be so deep #puberty #smooth #sexay #barrywhite #ooooohyeah #bronchitis #wheresmyberotec,7.2165833,http://twitter.com/GilloPri/status/483634703631917056,http://twitter.com/gillopri
06/30/14,http://twitter.com/denverwwad/status/483642342876798976,denverwwad,RT @NJHealth: Tips for surviving #summer sizzle with #lung diseases. http://t.co/dLGSGHkj9f #asthma #COPD #bronchitis #emphysema,7.188405,http://twitter.com/DenverWWAD/status/483642342876798976,http://twitter.com/denverwwad
06/30/14,http://twitter.com/merp_derpity16/status/483659984069464065,merp_derpity16,Hate being sick &gt;.&lt; #sick #bronchitis #asthma #sucks #butt #ughh,7.891678,http://twitter.com/merp_derpity16/status/483659984069464065,http://twitter.com/merp_derpity16
06/30/14,http://twitter.com/casperxsarahl13/status/483748240622223360,casperxsarahl13,Take that #Bronchitis! I just whooped your butt at the #gym! Couldn't keep me down more than a week! #feeltheburn #bloodsweatandtears,7.7865334,http://twitter.com/CasperXSarahL13/status/483748240622223360,http://twitter.com/casperxsarahl13
07/01/14,http://twitter.com/_jchaos/status/483776732051554306,_jchaos,Spending my day in bed until I see the dr this arvo #bronchitis #aintnobodygottimefodat #sick #tattoos‚Ä¶ http://t.co/8m24O9c1Fv,7.896342,http://twitter.com/_jchaos/status/483776732051554306,http://twitter.com/_jchaos
07/01/14,http://twitter.com/itzkingsis/status/483813408245284864,itzkingsis,Been stuck in the house with #bronchitis for a week now üò´ i think i'm goin #cray! #cleaninthekitchen‚Ä¶ http://t.co/NKdCz6ZxCv,7.9084277,http://twitter.com/itzkingsis/status/483813408245284864,http://twitter.com/itzkingsis
