Aquarius,20
Cancer,8
Facebook,7
Purchase Penis Enlarger,6
Buy Penis Enlarger,3
Dose,3
Patient,3
Serve 'em,3
Smurf,3
Smurfs,3
ASC,2
Cardiovascular,2
Columbia,2
Come,2
Diet Coke Mentos Experiments II,2
Domino Effect,2
Hm RT,2
Joon,2
June,2
Kyodo Survey,2
Lol,2
Momisin,2
Mr. James Bond,2
Nowplaying @ Muzik Research Lab,2
Patient Tracking,2
Question,2
Rosco Da Boss,2
Sammy,2
SmurfsVillage,2
Stuey Rock,2
VIXX,2
Yu,2
AMPZ Rock Buy Adefovir,1
Abney,1
Additional,1
Adult jokes-The Viking God,1
Android,1
Android UI Development Application Development,1
Apple,1
Art June,1
Ava Lauren Emma Cummings,1
BHP BHP Billiton Stock Analysis,1
Basketball,1
Benson,1
Big,1
Bihar,1
Bizitalk,1
Black,1
Business EVER Received,1
Business Using Predictive Analytics,1
Buy Inderal La,1
Ca,1
Canon,1
Capstone,1
Carshalton Girls,1
Casio CTK,1
Cheap Adefovir,1
Chris Brown Aint Way,1
Christ,1
Colour,1
DIRECT QUOTE,1
Dam,1
Digg,1
Doritos,1
Douche,1
Dr. KOMYOGI,1
EXO,1
Email Marketing Steroids 'Autoresponder Madness' Lol,1
Environment Day,1
Enz,1
Escape,1
FPSBS,1
Facebook Andres,1
Facebook Crocs Unisex,1
Facebook Patient,1
Flickr Morning,1
Follow Oliver Lance Conception Posadas,1
Found City,1
Full Time,1
GDP,1
GameOfThrones,1
Gatorade,1
Generic Adefovir,1
Google,1
Got,1
Gujrat,1
HDR,1
HERBERT GILL,1
Hardest CDC Finished Cycle,1
Hardest CDC Listeria Food Poisoning Hits Elderly,1
Healthfood,1
Hour Days Los Angeles California,1
IAG Stock,1
IM THROAT HURTING SOMEONE SAVE,1
Ill,1
Im,1
Indonesia,1
Insomnia Googe Glass XE6,1
Inversion Therapy Care Daily,1
Iowa Hawkeyes,1
Jackson,1
Jakarta,1
Js,1
KM,1
KMers,1
KNOW AHAHH GI PRINT SCRN MAN TNG CHLOE OMYGOD MICHAEL Free-floating,1
KRS,1
Keyboard,1
Kikaider Vol.1-Comics,1
Knowledge Transfer,1
LPRO,1
Larry,1
Leader,1
Legacy,1
Let,1
Like2,1
Listeria Food Poisoning Hits Elderly,1
Look,1
Los Angeles Engagement Photography,1
Louth,1
M8 J14 J13 Provan Rd Queue,1
MADE THINK HEMORRHOIDS BRAIN,1
Make,1
Making,1
Mark Permanent -___-,1
Maybe,1
Mayor Bloomberg’s,1
Mhmmm,1
Mouri,1
Mr Beefeater,1
Mr. james,1
Murphy,1
Nature,1
New,1
New Body Image Project,1
Neymar Júnior,1
Nurse Recruiter Human,1
Odin,1
Oh,1
Olympic,1
Online Community,1
Opening,1
Order Inderal La,1
PEOPLE,1
PHOTO,1
PREGNANCY CARD,1
PRIVATE,1
Pantabangan Dam,1
Paris,1
Philippines,1
Photography,1
Photoset Sokka,1
Photosynth Let,1
Pieces,1
Pop,1
Pre_engineered_steel_building_PEB Steel Co. Ltd_IMG_3136,1
Purchase Inderal La,1
RSX Market Vector Stock Analysis CCI,1
RT,1
Rhythm,1
Ricardo Pelaez,1
Russell Westbrook Oklahoma City Thunder Injury May End,1
SA,1
SEO,1
Salt Facial Scrub,1
Samuel Beckett,1
San Francisco,1
San Pablo,1
Schweinsteiger,1
Seeing,1
Skin Brighteners,1
Skin Skin Brighteners,1
Skin Tell,1
Sky Blue,1
Small,1
SmurfsVillage Ca,1
Soon,1
Steps,1
Steven,1
Stock Analysis,1
Sun,1
TFB Ao Nitish,1
TJ,1
TWITTER,1
Take,1
Tell,1
Tennessee,1
Testing Sign,1
Texas Mississippi Alabama,1
Thee,1
ThinkEatSave Try,1
Third Rate Romance,1
Thunder,1
Thunder Thor,1
Tissue Box,1
Today,1
Toph,1
Tottenham,1
Tulisa,1
Two,1
Urban,1
Val,1
Viagra Spams,1
Viking God,1
Vimeo,1
Washington Sq,1
Westbound,1
William James,1
Yeah,1
Yellow,1
Yup,1
Zurich Felix Neureuther,1
abah..,1
bleed..,1
comiXology,1
girls..,1
him..Coz,1
losing.. Green Den,1
night..,1
noises..,1
reParis,1
study_now,1
wkwkkwwkw.. Tout,1
